value_date,stock_code,open,close,HIGH,LOW,VOLUME,SMA,EMA,SMMA,MOMENTUM,BBAND_UPPER,BBAND_LOWER,MACD,MACD_SIGNAL,RSI,STOCH,STOCHAS_SIGNAL,PSARBULL,PSARBEAR
2017-01-04,9605,1000,1002,1004,992,361000,,1002.0,1002.0,,,,0.0,,,,,,
2017-01-05,9605,1009,1028,1029,1003,321000,,1016.3,1015.684210526316,,,,-0.36111111111108585,,100.0,,,,
2017-01-06,9605,1029,1004,1044,1007,365000,,1023.0132890365448,1022.0738007380074,,,,-0.543595956536592,,100.0,,,,1004.0
2017-01-10,9605,1035,1007,1036,1018,274000,,1023.9972772277227,1023.2154696132598,,,,-0.43598145033172386,,79.44877171959257,,,1007.0,
2017-01-11,9605,1019,1007,1028,1017,134000,,1023.998058861591,1023.4070474469487,,,,-0.3131950872905236,,74.72365512159175,,,1007.0,
2017-01-12,9605,1018,1036,1023,1000,155000,,1019.8428103731896,1020.1188708359033,,,,0.21428106761823074,,49.407687168870346,,,,1036.0
2017-01-13,9605,1007,1023,1020,1005,113000,,1019.8806867587917,1020.0960856855174,,,,0.15895798288420337,,60.27743877471532,,,,1023.0
2017-01-16,9605,1019,1020,1019,1002,149000,,1017.6327829034436,1018.3233895628732,,,,0.43620099021916303,,50.53381306102831,,,,1020.0
2017-01-17,9605,1004,1019,1007,991,350000,,1012.708681361304,1014.5159834802246,,,,1.0947056723729247,0.027806900869399617,40.07055183451555,,,,1019.0
2017-01-18,9605,1001,1007,1001,977,281000,1013.0,1006.6782458526059,1009.8307426776769,,1043.2258167797002,982.7741832202998,1.8641358982482643,0.23493311178587342,34.43907183076605,,,,1007.0
2017-01-19,9605,981,977,1014,981,221000,1013.5,1006.743976202367,1009.4182118718168,100.49900199600799,1043.141187560555,983.8588124394449,1.4848560551264427,0.4400405747011544,50.19902444817044,,,977.0,
2017-01-20,9605,994,977,1006,994,124000,1010.6,1005.1967439301834,1007.9663388640114,97.17898832684824,1039.6681956784387,981.5318043215613,1.4857597129747546,0.6655245379801928,46.052275506089465,,,977.0,
2017-01-23,9605,998,977,998,986,138000,1006.6,1002.8028981340881,1005.9596253188381,96.12778315585673,1033.1360132649952,980.0639867350047,1.6695985532802524,0.8994778717148569,43.17183493152194,,,977.0,
2017-01-24,9605,992,977,994,978,133000,1001.8,998.0041982383983,1002.3343060136848,95.32163742690058,1029.882734909549,973.717265090451,2.3262070084549578,1.1927447712421326,36.94965083438669,,,977.0,
2017-01-25,9605,980,977,986,978,114000,997.9,995.5172185634374,1000.1514433465787,96.19140625,1023.268484385158,972.531515614842,2.4182704070246928,1.4376324756206285,41.20809854959994,,,977.0,
2017-01-26,9605,993,977,1002,993,280000,997.0,996.1770610998839,1000.0101095795546,99.10714285714286,1021.4948974278319,972.5051025721681,1.840307732334054,1.6244491144483897,48.67450531461249,15.422885572139302,,977.0,
2017-01-27,9605,1009,977,1009,994,193000,995.1,997.0838794769172,1000.1289114204712,98.13725490196077,1014.6028203088683,975.5971796911317,1.3131852864836446,1.721891814033332,49.65808714356445,27.979274611398964,,977.0,
2017-01-30,9605,1000,977,1003,988,139000,994.0,997.4419309260127,999.9960835237011,98.91089108910892,1011.1113997089662,976.8886002910338,1.001539232783557,1.7115399874122912,48.65397920309848,38.4180790960452,27.27341309319449,977.0,
2017-01-31,9605,995,977,1008,987,174000,995.0,998.8471633820367,1000.5746279436789,101.00502512562815,1013.3521115951273,976.6478884048727,0.5066181788719177,1.5607046852593638,51.80259730882244,47.43589743589743,37.944417047780526,977.0,
2017-02-01,9605,992,977,996,985,174000,995.7,997.3941480997431,999.4846491773227,100.71138211382113,1012.812568480506,978.5874315194941,0.7562610313781306,1.4797496826206624,44.88609551311268,45.714285714285715,43.856087415409455,977.0,
2017-02-02,9605,997,1014,997,967,259000,992.0,992.3386439716917,996.1739285558971,96.32571996027805,1013.2414688757631,970.7585311242369,1.8110884479521019,1.5158973198403676,36.92260849272336,31.914893617021278,41.68835892240148,,1014.0
2017-02-03,9605,970,996,983,968,125000,990.0,989.8837377139616,994.2689377487243,97.997997997998,1011.9818106624549,968.0181893375451,2.0782014088235883,1.5612976371229605,41.696717710725196,20.422535211267608,32.68390484752487,,996.0
2017-02-06,9605,979,983,982,969,173000,988.2,987.1505505908841,992.1546565385157,98.18731117824774,1011.7932193648942,964.6067806351059,2.372255937691989,1.566414184815964,40.239017688515844,15.753424657534246,22.696951161941048,,983.0
2017-02-07,9605,968,982,970,946,265000,985.0,979.6075465214865,987.1391193206774,96.7280163599182,1019.4441577049,950.5558422951,3.7832308853669474,1.7180764601873255,31.610747338686892,12.345679012345679,16.173879627049185,,982.0
2017-02-08,9605,950,970,959,948,319000,982.1,975.2866353623934,983.7843706571325,97.05583756345177,1020.6896359143233,943.5103640856768,4.179607591202853,1.9779986667283032,36.65476944015488,10.112359550561797,12.737154406813914,,970.0
2017-02-09,9605,956,959,959,947,164000,977.6,971.3952420020108,980.6002018364219,95.4954954954955,1017.7218145152987,937.4781854847014,4.410771235317043,2.3221748832653475,36.081591474145746,9.278350515463918,10.578796359457138,,959.0
2017-02-10,9605,971,946,980,966,141000,975.3,972.6014572933964,980.3241280337617,97.7022977022977,1012.3086476380863,938.2913523619136,3.354996072985159,2.5836700877321923,46.826859144307846,26.455026455026452,15.281912173684065,946.0,
2017-02-13,9605,987,946,987,972,148000,972.9,973.0391443633687,979.7623127610693,97.5975975975976,1006.3956713621333,939.4043286378667,2.672636758776889,2.8243388188327447,45.79061413968809,36.507936507936506,24.080437826142305,946.0,
2017-02-14,9605,974,947,989,965,302000,969.1,971.9378481055824,978.4229980378369,96.21890547263682,994.9062008052338,943.2937991947663,2.490702129164333,3.017054496364545,43.05446933733771,43.386243386243386,35.44973544973546,947.0,
2017-02-15,9605,983,949,1033,977,555000,971.6,979.9686583072131,982.3470430471208,102.52270433905146,1008.0549036482068,935.1450963517932,0.06825769339820908,2.8234066347474456,59.15372620325408,56.33802816901409,45.41073602106468,949.0,
2017-02-16,9605,1004,955,1022,1002,270000,975.4,985.0754164439709,985.0140921115238,103.91752577319589,1017.8282924473757,932.9717075526243,-1.2112565641216406,2.457911304420198,56.352562778262296,64.55696202531645,54.76041119352467,955.0,
2017-02-17,9605,1002,961,1010,999,155000,978.4,989.4324264296816,987.4979714638065,103.06435137895814,1025.4165928157286,931.3834071842713,-2.0866252558088263,1.9624800606978852,56.62903412665235,74.71264367816092,65.20254462416385,961.0,
2017-02-20,9605,1008,966,1010,995,148000,981.3,992.0846051317606,989.2007969977892,102.97435897435898,1030.6400445885492,931.9599554114507,-2.3874683288505594,1.2768468146737177,54.761280184691756,70.11494252873564,69.7948494107377,966.0,
2017-02-21,9605,992,971,1006,992,100000,987.2,994.4354179904622,990.8259164845613,106.23678646934461,1032.1604270442356,942.2395729557646,-2.563860001728017,0.527572637681399,55.08038343429672,68.96551724137932,71.26436781609198,971.0,
2017-02-22,9605,1002,975,1008,999,103000,992.0,996.1759832670357,992.1771482689002,105.02092050209204,1032.6546430312703,951.3453569687297,-2.558976542587402,-0.24684378208576163,54.66512738468608,67.04980842911877,68.7100893997446,975.0,
2017-02-23,9605,1005,979,1007,996,136000,996.6,996.8717661060468,992.9774632578428,104.82180293501048,1028.477264625435,964.7227353745651,-2.293842112130392,-0.8744924693208228,52.945659570663004,65.51724137931035,67.17752234993617,979.0,
2017-02-24,9605,1007,983,1028,1002,270000,1001.2,1001.8071150727649,996.14391858575,104.7034764826176,1034.2672042967047,968.1327957032954,-3.1452066014338698,-1.5209195093442405,60.89379552052397,72.79693486590038,68.45466155810986,983.0,
2017-02-27,9605,1019,987,1019,1003,232000,1004.5,1002.9336437363277,997.3515638422002,103.38461538461539,1032.6744565164972,976.3255434835028,-2.890416899402112,-2.118821623629401,54.3078027046183,74.23076923076923,70.84831515866001,987.0,
2017-02-28,9605,1008,990,1014,1000,151000,1008.0,1002.7638225444994,997.8241691510328,103.61944157187177,1021.5941163743728,994.4058836256272,-2.3533972584259573,-2.3878943960543086,52.035010126018,74.9034749034749,73.97705966671487,990.0,
2017-03-01,9605,1004,993,1013,997,253000,1007.2,1003.7161658278305,998.857018663672,99.21259842519686,1019.7155902777292,994.6844097222709,-2.1934194407551786,-2.497023604569146,54.103538389453405,66.25,71.79474804474808,993.0,
2017-03-02,9605,1018,996,1018,1001,153000,1007.1,1004.3133861660114,999.6822952826949,99.90079365079364,1019.604399225872,994.595600774128,-1.9717109582488774,-2.484255349284707,53.687965239880576,63.06306306306306,68.07217932217935,996.0,
2017-03-03,9605,1000,1033,1010,997,138000,1006.2,1003.5289626440791,999.7144507360792,99.10802775024777,1019.3087756865389,993.0912243134612,-1.438788198972361,-2.3788464459649075,50.74939930215917,58.82352941176471,62.71219749160929,,1033.0
2017-03-06,9605,1000,1010,1002,996,134000,1005.8,1002.8872182823094,999.7433167008526,99.60159362549801,1019.3882302011701,992.2117697988298,-1.0337525287268363,-2.2088345045203317,50.74939930215917,52.083333333333336,57.98997526938707,,1010.0
2017-03-07,9605,1000,1002,1007,996,387000,1005.2,1002.1803478715141,999.6682571226967,99.40298507462687,1019.3929559993679,991.0070440006322,-0.6816870404948077,-2.000246782065599,50.293320245264105,40.625,50.51062091503272,,1002.0
2017-03-08,9605,993,996,1005,992,211000,1004.8,1001.7838735116339,999.7017235037819,99.60159362549801,1019.3272158378676,990.2727841621323,-0.4684528402963224,-1.7974257518618135,50.76977941428343,29.6875,40.79861111111115,996.0,
2017-03-09,9605,997,1005,1001,995,174000,1004.6,1001.0958291019928,999.530203837747,99.8,1019.4377895927929,989.7622104072071,-0.2175081724062693,-1.4721259264143025,49.742813662672624,19.444444444444446,29.918981481481513,,1005.0
2017-03-10,9605,1003,995,1016,1003,238000,1002.6,1001.6239025031653,999.9803659427183,98.046875,1009.9321211119292,995.2678788880709,-0.31752780455894936,-1.1862493603206177,52.82573047501187,24.074074074074073,24.40200617283954,995.0,
2017-03-13,9605,1002,1016,1004,993,203000,1001.4,1000.6013077104386,999.5797805495978,98.80952380952381,1008.7321211119292,994.0678788880707,-0.006614624252506474,-0.9254957343013454,48.54940305719581,20.37037037037037,21.29629629629633,,1016.0
2017-03-14,9605,1003,1004,1003,992,109000,1000.6,999.4010055380658,999.0185888771624,99.20159680638723,1009.141662601625,992.0583373983751,0.296299926808274,-0.6488602490165173,47.51385467265903,16.666666666666664,20.370370370370406,,1004.0
2017-03-15,9605,995,1003,995,986,219000,998.9,997.8734829233255,998.2125759801608,98.31349206349206,1007.6384209099814,990.1615790900186,0.6306128856489295,-0.35971315525009434,45.93125611321335,9.649122807017543,15.562053281351561,,1003.0
2017-03-16,9605,989,995,999,986,222000,997.7,997.3510127153875,997.8898213176649,98.80834160873883,1004.802112361826,990.5978876381741,0.6530330190015547,-0.1272885754752148,48.39917328988635,14.414414414414415,13.576734629366243,,995.0
2017-03-17,9605,995,986,995,988,259000,997.2,996.9235432949704,997.5996277560681,99.5,1004.2880180586678,990.1119819413323,0.6481234927517789,0.05958653802240911,48.39917328988635,21.49532710280374,15.186288108078601,986.0,
2017-03-21,9605,991,986,995,986,142000,996.5,996.2101546327353,997.1379303361032,99.3,1003.7249567472754,989.2750432527246,0.7171296909197054,0.21501061929068832,47.15116883817972,25.773195876288657,20.560979131168974,986.0,
2017-03-22,9605,986,995,987,967,309000,993.3,990.8991129378678,994.113911911044,96.7967967967968,1012.1902091041894,974.4097908958105,1.94132982349754,0.4827642486011175,34.64452382220648,13.91304347826087,20.39385548578446,,995.0
2017-03-23,9605,973,987,973,959,228000,989.7,986.0082864041835,991.0933283207058,96.39999999999999,1014.8085642759597,964.5914357240404,2.8487424201224485,0.8234587588820861,33.5390912888779,8.571428571428571,16.085889308659404,,987.0
2017-03-24,9605,964,973,971,964,146000,986.8,982.9158299662695,988.8779276669721,97.09418837675351,1014.0147019090784,959.5852980909215,3.144663024469878,1.208146628774178,37.13916367503401,9.090909090909092,10.525127046866215,,973.0
2017-03-27,9605,969,971,969,960,234000,982.6,979.1129108119878,986.1834930253732,95.81673306772909,1010.8446455102556,954.3553544897444,3.5712404443748937,1.6056860808438893,34.33505151638629,10.526315789473683,9.396217817270488,,971.0
2017-03-28,9605,967,959,984,967,546000,981.4,980.001480316493,985.9646582310094,98.79518072289156,1008.2506983149415,954.5493016850585,2.7349499920034077,1.876647199198904,47.70017119934697,22.22222222222222,13.946482367535038,959.0,
2017-03-29,9605,983,959,986,972,155000,979.5,979.0921136993294,984.8659987385485,98.08853118712274,1005.1787850179871,953.8212149820129,2.5000073493837363,2.0843576951694383,43.77490621147451,25.730994152046783,19.49317738791427,959.0,
2017-03-30,9605,972,986,974,956,138000,976.2,975.257161302434,982.1745623257382,96.67003027245207,1003.5466634162194,948.8533365837807,3.0485547948809426,2.350526781378259,37.497967769415666,24.71264367816092,24.22195335081001,,986.0
2017-03-31,9605,956,974,973,951,221000,971.8,970.8467470413435,979.0520560347946,95.57788944723619,999.7828518918282,943.8171481081718,3.6491275045838165,2.6839716715818187,35.256193557041655,10.588235294117647,20.343957708108487,,974.0
2017-04-03,9605,954,951,977,954,222000,969.4,970.874611325732,978.2456766829946,97.58793969849246,992.7443783382637,946.0556216617363,3.0204166142616486,2.939892440842035,45.31544098967616,13.333333333333334,16.211404101870674,951.0,
2017-04-04,9605,977,951,977,959,248000,966.8,970.1701342620112,977.1196338755237,97.38167170191339,984.0464489098479,949.553551090152,2.6864922416000354,3.0226882650756455,43.848094537697264,23.52941176470588,15.816993464052326,951.0,
2017-04-05,9605,962,951,970,952,229000,965.3,966.8664647496371,974.6047053408089,98.4488107549121,984.6917508234814,945.9082491765186,3.0700488714365974,3.0472778707772172,38.777259116215994,25.0,20.62091503267978,951.0,
2017-04-06,9605,950,977,951,924,218000,961.3,959.0725452025683,969.5388593533969,95.850622406639,992.8220557705234,929.7779442294765,4.527457204373718,3.2009216685443107,31.462862881639396,10.179640718562874,19.569684161089622,,977.0
2017-04-07,9605,926,951,938,926,166000,957.6,954.150255541884,965.7813850114582,96.18163054695562,993.0761891978267,922.1238108021734,5.005503085346163,3.360284184207785,35.22246946343901,4.736842105263158,13.305494274608714,,951.0
2017-04-10,9605,932,938,943,929,231000,955.7,952.1229334157412,963.5012867557019,98.02494802494802,992.0543670004031,919.345632999597,4.667424079988223,3.575003527317209,40.088906096140384,13.170731707317074,9.362404843714407,,938.0
2017-04-11,9605,930,924,939,930,85000,951.0,949.373305899502,960.8491064754403,95.22357723577237,983.4468796650771,918.5531203349229,4.571872610930882,3.805210778600225,38.394569333147736,20.408163265306122,12.77191235929549,924.0,
2017-04-12,9605,927,939,933,920,113000,946.8,946.396338303733,958.0622556262113,95.6923076923077,976.4890552224214,917.1109447775785,4.551130685503722,3.9721636553360895,37.26384530571821,23.56020942408377,19.046368132235692,,939.0
2017-04-13,9605,921,933,926,916,113000,943.4,942.3242735632206,954.6538944569153,96.4509394572025,974.9112678259695,911.8887321740305,4.812430906640884,4.101419588897986,34.781819360056275,17.17171717171717,20.38002995370239,,933.0
2017-04-14,9605,915,926,915,907,125000,939.4,936.6289474001237,950.2860418879883,95.79390115667718,975.8109873527205,902.9890126472794,5.441225075339958,4.370398306795575,31.516387630675524,11.627906976744185,17.45327785751508,,926.0
2017-04-17,9605,910,907,927,909,163000,934.6,934.1509556476426,947.5560521508121,95.05664263645725,965.2881084461061,903.911891553894,5.145615659733721,4.643634242143763,37.36223095292806,12.280701754385964,13.693441967615811,907.0,
2017-04-18,9605,930,907,930,919,83000,930.3,932.3053265460578,945.199370460313,95.55325749741469,952.4999999999993,908.1000000000006,4.741032379312969,4.829299076352249,37.83842717203445,16.228070175438596,13.378892968856286,907.0,
2017-04-19,9605,911,907,935,911,193000,928.4,932.4316308553169,943.9789316939592,98.00420168067227,945.5160743162668,911.2839256837332,3.905904743021779,4.760237691757589,42.10443960213113,26.94063926940639,18.483137066410354,907.0,
2017-04-20,9605,940,908,944,931,206000,929.6,933.0804254339907,943.1807432040132,101.29870129870129,946.9942519241263,912.2057480758738,3.0819461312304384,4.5465091413002865,43.49644000806246,34.285714285714285,25.818141243519793,908.0,
2017-04-21,9605,945,910,947,936,132000,930.8,935.0658031003411,943.2626961731014,101.28755364806867,950.2278151113286,911.3721848886713,2.060133319750662,4.256810167940557,47.14588106140946,43.80952380952381,35.011959121548195,910.0,
2017-04-24,9605,951,913,965,946,209000,932.9,940.3265671974434,945.337048219752,102.22693531283139,960.1242538924388,905.6757461075612,0.3819865167484977,3.791267268586959,54.97524670588968,60.591133004926114,46.228790366721434,913.0,
2017-04-25,9605,964,919,964,953,150000,935.3,944.0853737604197,946.9037659754053,102.56136606189968,967.3505850180611,903.2494149819388,-0.6272835462399371,3.21588790950433,53.69048955248994,77.4869109947644,60.62918926973814,919.0,
2017-04-26,9605,973,924,973,957,138000,937.8,946.6153061337754,948.0136588037328,102.67952840300107,972.5309660101755,903.0690339898244,-1.1527205648395693,2.5530933015620576,52.37241154784782,86.63101604278076,74.90302001415712,924.0,
2017-04-27,9605,963,930,963,953,123000,941.3,948.8670688950715,949.1125329993506,103.78787878787878,976.8083088867938,905.7916911132061,-1.5190866172722508,1.7797253357162566,52.78847085801588,82.63157894736842,82.24983532830457,930.0,
2017-04-28,9605,966,936,968,958,272000,946.7,951.8003293519359,950.7015921514297,105.92755214050493,978.3486966556283,915.0513033443718,-1.9972692474833593,0.9860714571365811,55.31098367422762,81.31313131313132,83.52524210109355,936.0,
2017-05-01,9605,965,941,969,959,128000,951.3,954.927542420315,952.5317568101777,104.98374864572048,981.1536429937782,921.4463570062217,-2.4441226503225835,0.1877208982881863,56.961924772793985,86.86868686868688,83.60446570972893,941.0,
2017-05-02,9605,974,945,985,973,230000,957.0,959.6679895299053,955.3790346091467,106.16883116883118,985.5657137141709,928.4342862858291,-3.2252489351096756,-0.6046295103930864,61.55096784516272,92.38095238095238,86.85425685425692,945.0,
2017-05-08,9605,995,951,1014,992,431000,965.1,969.5465373602526,961.2419715481782,108.68167202572347,1005.3834953796212,924.8165046203789,-5.177846127901489,-1.5223842058521895,70.77855827816913,96.81274900398407,92.02079608454119,951.0,
2017-05-09,9605,1001,962,1011,1001,190000,972.2,976.3562581065025,965.8183647801579,107.58547008547008,1014.4449997041064,929.9550002958937,-6.017210257297734,-2.4198668255242333,67.099867014822,96.20689655172414,95.1335326455536,962.0,
2017-05-10,9605,1007,971,1011,1000,206000,978.0,981.0187567817705,969.4369484425278,106.14406779661016,1019.0755401668674,936.9244598331326,-6.169481832526117,-3.1478077532214126,64.52031233827685,93.96825396825396,95.66263317465412,971.0,
2017-05-11,9605,1012,978,1012,1000,132000,981.7,984.6517101892789,972.5935834529853,103.83817427385893,1023.7195192737844,939.6804807262157,-6.036574208014031,-3.74884004897409,63.99046225769922,89.71061093247589,93.29525381748472,978.0,
2017-05-12,9605,995,984,1008,994,156000,985.7,987.624126582165,975.4344922841076,104.16233090530697,1026.6785309643956,944.7214690356045,-5.760865372687476,-4.260856138734969,63.99046225769922,86.85121107266436,90.17669199113146,984.0,
2017-05-15,9605,993,1014,1013,978,235000,991.0,991.8742854598877,978.9913441129632,105.53235908141963,1029.9358446678625,952.0641553321375,-5.858512338545211,-4.7430145522097416,67.12182653494958,89.01515151515152,88.52565784009731,,1014.0
2017-05-16,9605,1020,978,1094,1020,677000,1002.4,1006.6244155877571,988.3929258892341,111.8873826903024,1059.6377497810658,945.1622502189341,-8.6058856923554,-5.477305268306635,79.19919932375109,88.02588996763754,87.96408418515118,978.0,
2017-05-17,9605,1052,978,1084,1052,362000,1013.5,1019.2381583561364,997.1542339722043,111.50259067357513,1079.761602757554,947.2383972424459,-10.339311375717557,-6.354548460017188,79.58988235254036,88.5558583106267,88.53229993113864,978.0,
2017-05-18,9605,1055,980,1064,1041,324000,1021.1,1023.9221296090686,1001.9391058190507,107.84313725490196,1082.454380446712,959.7456195532878,-9.76380657338052,-7.081054864269504,65.83055685124876,79.53488372093022,85.3722106663982,980.0,
2017-05-19,9605,1045,982,1054,1041,219000,1028.3,1029.2090151762102,1007.045478810821,107.33944954128441,1085.926729908957,970.6732700910429,-9.443039911973074,-7.554965284721902,67.39698342913015,74.46808510638297,80.85294237931336,982.0,
2017-05-22,9605,1034,984,1054,1028,366000,1031.6,1032.4437397104102,1011.0411306322494,103.2544378698225,1089.3525757001353,973.8474242998644,-8.65842762505963,-7.848433881139891,64.99057965915324,67.22488038277513,73.74261640336283,984.0,
2017-05-23,9605,1048,986,1070,1048,227000,1037.4,1038.3630597941803,1016.4372602975253,105.759682224429,1095.7520350973286,979.0479649026715,-8.691661228434896,-8.128676036240867,68.6113921360004,71.60194174757282,71.0983024122437,986.0,
2017-05-24,9605,1063,988,1065,1054,148000,1042.6,1041.2061398438307,1020.1936863420459,105.18962075848304,1096.5051017993646,988.6948982006352,-7.93903002867205,-8.340060016313979,64.23894680150296,70.40816326530613,69.74499513188475,988.0,
2017-05-25,9605,1066,990,1066,1057,129000,1048.6,1044.8050235212536,1024.2744663926517,105.99400599400599,1095.5570016078523,1001.6429983921474,-7.508355608609236,-8.534225598083063,65.73540238656389,72.58064516129032,71.5302500580565,990.0,
2017-05-26,9605,1039,992,1069,1039,355000,1054.8,1048.1132010723688,1028.1471467457418,106.19380619380618,1089.8405479409191,1019.7594520590808,-7.0781035266106755,-8.669735730090338,66.17097409399754,70.53824362606233,71.175684017553,992.0,
2017-05-29,9605,1068,994,1080,1060,239000,1059.8,1050.456255428367,1031.432529031556,104.94559841740852,1079.1865933056802,1040.4134066943197,-6.476760513484578,-8.433166265771357,65.27733709926989,72.12643678160919,71.74844185632067,994.0,
2017-05-30,9605,1049,996,1060,1047,221000,1058.3,1051.827845353126,1034.0893466971943,98.60205032618826,1075.575416058661,1041.024583941339,-5.731951113815967,-7.9212373477822915,63.88366885719657,71.26436781609196,71.30968274125456,996.0,
2017-05-31,9605,1047,997,1055,1037,216000,1054.5,1049.3136916485926,1034.4804213762163,96.46840148698885,1071.2391756069362,1037.7608243930638,-4.128327946198169,-7.295073055873142,55.39294267560734,64.08045977011494,69.15708812260543,997.0,
2017-06-01,9605,1038,998,1054,1038,124000,1055.2,1049.8021113494788,1036.2324169323115,100.66985645933015,1070.8409718368089,1039.5590281631912,-3.561926696969522,-6.641616031983858,59.45524625985348,61.49425287356321,65.61302681992345,998.0,
2017-06-02,9605,1059,999,1061,1048,156000,1055.9,1051.6562729242582,1038.60922126176,100.66476733143399,1071.7101233391727,1040.0898766608275,-3.4381496068824617,-6.061585141075284,61.60688233062128,56.86274509803921,60.81248591390587,999.0,
2017-06-05,9605,1043,1000,1068,1043,147000,1057.3,1053.3551323940421,1040.8483381565259,101.33715377268386,1072.1606863906027,1042.4393136093972,-3.2947266668334123,-5.4619257453417855,61.87920935787006,59.756097560975604,59.37103184419275,1000.0,
2017-06-06,9605,1048,1001,1054,1032,233000,1054.0,1049.4723810469268,1039.9634904627094,96.90140845070422,1074.238577025074,1033.761422974926,-1.757802736849726,-4.775122712917083,50.657398815531494,42.30769230769231,52.97551165556913,1001.0,
2017-06-07,9605,1032,1002,1043,1027,152000,1052.8,1048.1137663103364,1040.1671442911784,98.86148007590133,1074.2811545313527,1031.3188454686472,-1.1248756475051778,-4.0658471616832985,53.77070700024378,32.298136645962735,44.7873088382103,1002.0,
2017-06-08,9605,1035,1003,1054,1033,277000,1050.5,1046.274899707587,1039.9504271088347,97.83223374175306,1072.8830292855964,1028.1169707144036,-0.4772057607158331,-3.3324140765838717,52.34790631966788,18.9873417721519,31.197723575269066,1003.0,
2017-06-09,9605,1036,1004,1048,1034,255000,1048.1,1044.9521906693321,1039.8553833112383,97.74223894637818,1069.7416265562426,1026.4583734437572,-0.07025365583217535,-2.6205799812891604,52.68497783801808,23.89937106918239,25.06161649576576,1004.0,
2017-06-12,9605,1025,1005,1040,1025,131000,1045.8,1043.6881560017805,1039.6698430708257,97.83223374175306,1066.329003872567,1025.270996127433,0.2535371116366605,-1.9555257340166463,52.28667283547338,22.36024844720497,21.748987096179842,1005.0,
2017-06-13,9605,1029,1006,1043,1029,117000,1043.8,1042.6539458193706,1039.5028572172225,98.10964083175804,1063.041621553286,1024.558378446714,0.4649174133990073,-1.4451651385058488,52.28667283547338,23.31288343558282,23.190834317323482,1006.0,
2017-06-14,9605,1038,1007,1047,1038,122000,1044.0,1042.1714102157464,1039.5525719098846,100.1926782273603,1063.0368064548622,1024.9631935451378,0.5013927776581113,-0.9936851968805563,53.10895009265422,24.848484848484848,23.507205577090968,1007.0,
2017-06-15,9605,1036,1008,1049,1036,115000,1043.5,1043.0493356312174,1040.2973203057927,99.52471482889734,1061.9228119460597,1025.0771880539403,0.1875794086681708,-0.5908264173749305,55.969100437478396,30.303030303030305,26.154799529032747,1008.0,
2017-06-16,9605,1048,1009,1055,1044,244000,1042.4,1044.1312746075132,1041.167594150912,98.9622641509434,1057.8194682139135,1026.9805317860867,-0.12292746756838824,-0.23840428412326117,56.78024423761966,39.869281045751634,31.673598732422352,1009.0,
2017-06-19,9605,1049,1010,1069,1049,118000,1042.9,1048.107406497518,1043.650849825066,100.47125353440151,1060.8209374754751,1024.979062524525,-1.1139497251260764,-0.16686506059841122,63.01684399319899,61.267605633802816,43.81330566086168,1010.0,
2017-06-20,9605,1070,1011,1082,1069,160000,1047.8,1054.087878043992,1047.385785268012,104.74806201550389,1075.3361580471906,1020.2638419528092,-2.4428278682316886,-0.3133041962346902,67.47639615935842,84.02777777777779,61.72155481911083,1011.0,
2017-06-21,9605,1072,1012,1081,1071,155000,1050.7,1057.1628093089598,1049.747218363903,102.7831094049904,1081.1374768993728,1020.2625231006274,-2.805673761627986,-0.5720228630027072,62.10021599663421,90.50632911392405,78.60057084183497,1012.0,
2017-06-22,9605,1071,1013,1079,1064,149000,1054.8,1061.1332076166743,1052.6725094856536,103.94990366088632,1088.1922146615018,1021.407785338498,-3.3341948629524722,-0.9346829971271846,64.53466494831704,91.22807017543859,88.58739235571356,1013.0,
2017-06-23,9605,1057,1014,1078,1057,105000,1058.0,1062.9271698682815,1054.505265843781,103.0798845043311,1090.8511795830805,1025.1488204169195,-3.220141617045101,-1.320647300314047,60.359314619520546,85.38011695906432,89.03817208280907,1014.0,
2017-06-26,9605,1070,1015,1076,1066,61000,1060.8,1063.4858662558904,1055.654743383787,102.69749518304432,1091.0231699197782,1030.5768300802217,-2.8130858338083726,-1.6848698833370892,57.8404978062767,82.45614035087719,86.35477582846012,1015.0,
2017-06-27,9605,1066,1016,1068,1056,159000,1062.6,1062.1247996638629,1055.6892691569005,101.73410404624276,1089.0907531036733,1036.1092468963266,-1.9894454349841908,-1.9616296847417896,53.07048021857073,69.00584795321637,78.94736842105272,1016.0,
2017-06-28,9605,1056,1017,1061,1055,140000,1064.2,1061.011199724947,1055.720342331519,101.53846153846153,1086.6641937313532,1041.735806268647,-1.3706905360991186,-2.1347707897159327,53.07048021857073,60.23391812865497,70.5653021442496,1017.0,
2017-06-29,9605,1068,1018,1076,1062,179000,1066.9,1063.3727997750118,1057.54831287977,102.57879656160458,1086.7886902535024,1047.0113097464978,-1.7404351994371154,-2.31449387103468,59.96318058046168,64.91228070175438,64.71734892787532,1018.0,
2017-06-30,9605,1075,1019,1075,1063,169000,1068.6,1063.8504725432006,1058.3934835814266,101.62059103908486,1084.6049992189862,1052.5950007810136,-1.567941274817258,-2.3649373765559227,56.0247314718753,70.05988023952095,65.06869302331019,1019.0,
2017-07-03,9605,1064,1020,1066,1056,141000,1068.0,1063.1503866262442,1058.5541355636585,99.43714821763602,1084.7809415707152,1051.2190584292848,-1.1260087337609548,-2.218624139392508,53.20233995578819,70.51282051282051,68.49499381803203,1020.0,
2017-07-04,9605,1074,1021,1080,1068,296000,1067.1,1064.7594072396748,1059.8987245712053,99.16743755781684,1081.8363496158227,1052.3636503841772,-1.3460541279357585,-2.0564441800933713,57.783109045277705,66.89655172413794,69.15641749215987,1021.0,
2017-07-05,9605,1069,1022,1080,1064,235000,1067.7,1066.9849695597572,1061.6088550489317,100.56022408963585,1083.474663229361,1051.925336770639,-1.6843601134532946,-1.873129207926796,59.55936548178144,71.53846153846153,69.64927792514005,1022.0,
2017-07-06,9605,1080,1023,1095,1076,238000,1069.1,1071.7149750943872,1064.7479743925287,101.29749768303986,1090.2177650332544,1047.9822349667454,-2.600002314163703,-1.8042248409399742,64.68052515739979,86.92307692307692,75.11936339522553,1023.0,
2017-07-07,9605,1090,1025,1094,1076,253000,1069.7,1072.6758887135964,1065.9731786564134,100.56022408963585,1091.3342321333519,1048.0657678666482,-2.401360041847738,-1.7584775307221259,56.918288617129356,79.83870967741935,79.43341604631932,1025.0,
2017-07-10,9605,1082,1027,1082,1072,199000,1070.9,1073.6439089474934,1067.1758622954208,101.12570356472797,1092.9081802973292,1048.891819702671,-2.239160348510268,-1.7862236322250231,57.26349359776622,70.63492063492063,79.13223574513903,1027.0,
2017-07-11,9605,1072,1029,1080,1072,128000,1073.0,1074.2541073206792,1068.1582771720468,101.98863636363636,1092.8191826269333,1053.1808173730667,-2.0143125454699202,-1.8577371888217789,56.77358494728193,55.833333333333336,68.76898788189116,1029.0,
2017-07-12,9605,1082,1031,1085,1076,99000,1075.0,1074.571542353284,1068.942450249501,101.8939393939394,1091.272676485438,1058.727323514562,-1.7539751851609253,-1.85924163167998,56.25528013322652,55.00000000000001,60.48941798941805,1031.0,
2017-07-13,9605,1069,1033,1075,1058,141000,1073.6,1071.922171016315,1068.0482044089679,98.69646182495345,1092.2161220451449,1054.983877954855,-0.7853168131496204,-1.7722833581613537,48.608846773499444,40.0,50.277777777777835,1033.0,
2017-07-14,9605,1069,1035,1073,1066,90000,1073.9,1071.3908671951654,1068.1433840461975,100.28142589118198,1092.108789086585,1055.6912109134153,-0.5208306282581816,-1.7050413464388232,52.518408660453396,33.33333333333333,42.777777777777835,1035.0,
2017-07-18,9605,1061,1037,1066,1056,144000,1074.5,1070.410709523315,1067.9290454832355,100.56603773584906,1091.1673333199924,1057.8326666800076,-0.1873067300045932,-1.5762916355575827,51.12231777103851,25.0,32.777777777777835,1037.0,
2017-07-19,9605,1069,1039,1088,1069,235000,1075.5,1072.5178532463524,1069.3361418704526,100.93283582089552,1092.6405950888447,1058.3594049111553,-0.6942349606256357,-1.4662777296878429,57.596530154440124,42.857142857142854,33.73015873015879,1039.0,
2017-07-20,9605,1080,1041,1089,1080,136000,1075.9,1074.0600617470177,1070.5025283813566,100.37140204271124,1093.3459164276267,1058.4540835723735,-0.9698714564567581,-1.2851520788315156,57.08757137892456,52.54237288135594,40.13317191283299,1041.0,
2017-07-21,9605,1080,1043,1096,1078,207000,1076.2,1078.0491414293826,1073.0522769163808,100.27447392497713,1094.8719040271667,1057.5280959728334,-1.8189216547250453,-1.2204367024845497,62.44795445929809,77.11864406779661,57.50605326876519,1043.0,
2017-07-24,9605,1092,1046,1092,1074,212000,1077.0,1079.3129338967688,1074.2470498038404,100.74280408542246,1096.4113368936744,1057.5886631063256,-1.830004199759287,-1.1749749081788852,56.8406060334207,78.99159663865547,69.55087119593607,1046.0,
2017-07-25,9605,1083,1049,1084,1078,101000,1077.2,1079.4378550064473,1074.8223450744135,100.18552875695732,1096.6894843441207,1057.7105156558794,-1.5504291780171116,-1.1234323117952398,54.44740852452429,77.5,77.8700802354841,1049.0,
2017-07-26,9605,1076,1051,1085,1070,256000,1076.7,1078.0855177325468,1074.5401104561665,99.53574744661096,1096.4393008994678,1056.9606991005323,-0.9442421117557842,-1.0334619703057797,50.76454989534285,57.49999999999999,71.33053221288522,1051.0,
2017-07-27,9605,1074,1053,1111,1074,364000,1079.0,1081.8881508720858,1076.986100274818,102.1375464684015,1102.8159610345608,1055.1840389654392,-1.7510003401357608,-1.1407601399709064,60.48036460986452,61.48148148148148,65.4938271604939,1053.0,
2017-07-28,9605,1091,1057,1105,1091,162000,1083.3,1085.7266688953446,1079.587491074596,104.0566037735849,1107.3674053441518,1059.232594655848,-2.427852053482411,-1.3526514094402653,61.686602287523996,70.66666666666667,63.21604938271611,1057.0,
2017-07-31,9605,1112,1061,1128,1112,239000,1088.9,1092.8672745507388,1084.1287432668705,105.23854069223573,1121.5735366925546,1056.2264633074456,-3.8267100730506627,-1.7570295586676064,67.55266116381841,87.36263736263736,73.17026183692856,1061.0,
2017-08-01,9605,1130,1067,1150,1130,225000,1095.9,1100.7095882687884,1089.3158702763121,106.56660412757975,1135.259369913652,1056.540630086348,-5.1635767301647775,-2.2536230886163997,70.0239570162033,88.68778280542986,82.23902894491135,1067.0,
2017-08-02,9605,1139,1076,1169,1125,377000,1103.7,1111.4896631290112,1096.3842848873296,107.20887245841035,1157.2914172232804,1050.1085827767197,-7.0173456447309945,-2.925564665091315,74.57410165865994,90.68100358422939,88.9104745840989,1076.0,
2017-08-03,9605,1158,1089,1161,1144,227000,1110.4,1118.127906196465,1101.545857475529,106.19796484736355,1167.5958040419025,1053.2041959580977,-7.502440120979145,-3.5570667168973262,68.9393740893174,86.25,88.53959546321978,1089.0,
2017-08-04,9605,1147,1100,1171,1146,229000,1117.5,1127.0137414334727,1108.091272957073,106.47810218978103,1182.8314625582475,1052.1685374417525,-8.47689053189788,-4.295609642690503,72.4844108816775,90.02932551319648,88.98677636580867,1100.0,
2017-08-07,9605,1168,1111,1182,1167,171000,1126.2,1135.1930611728424,1114.4821467414351,108.0184331797235,1194.9825559280819,1057.4174440719182,-9.106460332154711,-5.135168659816903,73.3465263697165,89.73607038123167,88.67179863147608,1111.0,
2017-08-08,9605,1172,1123,1176,1154,143000,1134.3,1139.8852318686895,1119.133932774836,107.5,1198.3253074963307,1070.2746925036693,-8.744739571377295,-6.001890599774849,68.27807521425493,89.70588235294117,89.82375941578981,1123.0,
2017-08-09,9605,1155,1133,1161,1143,202000,1142.4,1142.2697351652916,1122.5205399609501,107.55597014925374,1191.6357593624766,1093.1642406375236,-7.861582761907812,-6.680844202193965,64.77243054619204,82.19584569732937,87.21259947716744,1133.0,
2017-08-10,9605,1182,1141,1199,1169,362000,1151.8,1151.4934196806937,1129.5684868331787,108.55323020928115,1200.1884283687714,1103.4115716312285,-8.868012528912686,-7.396417588352885,72.40226000402778,84.13597733711048,85.34590179579372,1141.0,
2017-08-14,9605,1193,1143,1196,1181,264000,1160.1,1157.7673433751133,1135.2116387755852,107.52493200362647,1199.8638026350563,1120.3361973649435,-8.95334921647509,-7.966044159844488,69.56282398408182,87.02702702702703,84.45295002048901,1143.0,
2017-08-15,9605,1198,1154,1199,1187,165000,1167.3,1164.9005536705477,1141.390475514637,106.4,1205.0576482318445,1129.5423517681554,-9.24332022907879,-8.419348993057156,71.45715779046127,94.57364341085271,88.57888259166344,1154.0,
2017-08-16,9605,1191,1163,1214,1186,317000,1175.1,1173.8277257304485,1148.6514286153122,106.86619718309859,1215.8769542756654,1134.3230457243344,-9.939813830549156,-8.744067680370286,74.13623270394532,96.23115577889448,92.61060873892477,1163.0,
2017-08-17,9605,1204,1173,1209,1195,276000,1178.7,1177.8590483249125,1153.386286136514,103.10344827586206,1219.8635761323008,1137.5364238676993,-9.274676766009406,-8.940982863151426,66.96872842394603,94.89795918367348,95.23425279114025,1173.0,
2017-08-18,9605,1175,1214,1179,1167,380000,1180.9,1176.4301304476555,1155.047657643727,101.91637630662021,1217.3466733735704,1144.4533266264298,-7.3390554680036075,-8.814556744940951,58.213864423116796,83.01369863013699,91.38093786423501,,1214.0
2017-08-21,9605,1166,1179,1174,1162,208000,1180.8,1174.5337430935365,1156.1428919510645,99.91431019708654,1217.403824936743,1144.196175063257,-5.618356267263607,-8.426989626619717,56.979711645161196,64.96815286624204,80.95993689335084,,1179.0
2017-08-22,9605,1164,1174,1167,1152,188000,1178.9,1170.6185170765298,1155.828602737438,98.37883959044369,1218.9444752743711,1138.855524725629,-3.680702769315076,-7.864318870835025,53.043801454601166,45.357142857142854,64.44633145117398,,1174.0
2017-08-23,9605,1164,1152,1178,1156,204000,1180.1,1171.0515139717063,1157.5457425547618,101.03359173126616,1218.617009229686,1141.582990770314,-3.1788849316380947,-7.344019111916168,57.86583922565283,39.75903614457831,50.02811062265442,1152.0,
2017-08-24,9605,1290,1152,1311,1264,990000,1193.1,1191.4057841586691,1170.0911688980927,111.27493495229834,1262.0141494905054,1124.1858505094945,-7.8183040897342835,-7.227384840896345,73.80130380239342,60.36585365853659,48.4940108867526,1152.0,
2017-08-25,9605,1280,1156,1288,1262,780000,1200.4,1204.968368857093,1179.6820524202885,106.11902766135792,1282.0196054878957,1118.7803945121045,-9.933655394001107,-7.336307749510348,69.43087604533434,71.99017199017199,57.37168726442897,1156.0,
2017-08-28,9605,1264,1162,1279,1255,696000,1209.0,1217.1559381558034,1188.9138475351813,107.25126475548062,1300.2885534993284,1117.7114465006716,-11.33685764938241,-7.568923018432972,70.10379534105084,77.77777777777779,70.04460114216214,1162.0,
2017-08-29,9605,1263,1167,1293,1263,455000,1218.1,1230.03667667293,1198.8224631264432,107.60233918128654,1320.2819945000083,1115.9180054999915,-12.676352786888174,-7.872982902470641,71.8813688880465,78.76984126984127,76.17926367926368,1167.0,
2017-08-30,9605,1300,1172,1306,1282,412000,1226.2,1241.8481900051247,1208.440217114992,106.67215815485997,1338.1707104559036,1114.2292895440964,-13.516123255757293,-8.344254734664851,72.64761702252258,84.24242424242424,80.26334776334778,1172.0,
2017-08-31,9605,1300,1177,1315,1293,463000,1237.7,1254.4212463678293,1218.696195692555,109.61538461538463,1358.199128627554,1117.200871372446,-14.407164088351465,-9.129600136925724,74.36703226640373,91.22448979591836,84.74558510272799,1177.0,
2017-09-01,9605,1311,1185,1326,1301,399000,1252.4,1265.7992015736786,1228.5265763726595,112.56410256410257,1372.1403858353558,1132.6596141646444,-14.843955910773957,-10.154666763982428,75.00165099149724,94.15322580645162,89.87337994826477,1185.0,
2017-09-04,9605,1310,1196,1326,1309,500000,1267.5,1275.1084376511917,1237.3739189373753,112.95025728987993,1377.540901486674,1157.459098513326,-14.682893270237173,-11.377132375195995,75.00165099149724,95.69471624266144,93.6908106150105,1196.0,
2017-09-05,9605,1312,1206,1321,1293,351000,1281.6,1278.5432671691567,1243.0365271599856,112.22896790980053,1361.2904009275892,1201.9095990724106,-13.060546459100124,-12.47509476713622,67.56493328740993,90.42145593869732,93.42313266260349,1206.0,
2017-09-06,9605,1293,1215,1303,1276,380000,1292.2,1278.6263095020372,1246.6328745104906,109.03665814151748,1326.6418350266065,1257.7581649733936,-10.868171803590485,-12.813968957564688,63.166051330857215,83.14176245210729,89.75264487782204,1215.0,
2017-09-07,9605,1293,1223,1305,1288,329000,1294.1,1282.8760714107577,1252.169587151588,101.4809041309431,1328.3981049039153,1259.8018950960845,-10.111235981287336,-12.833700133929824,66.74160649969252,80.26819923371647,84.61047254150704,1223.0,
2017-09-08,9605,1293,1231,1301,1274,373000,1295.4,1282.1713311542564,1254.8526284766172,101.02685624012638,1326.1402016909453,1264.6597983090548,-8.226195240613151,-12.488070977399907,60.42483244322338,77.39463601532567,80.26819923371649,1231.0,
2017-09-11,9605,1286,1238,1294,1279,269000,1297.6,1284.321998217119,1258.7673656817287,101.72955974842768,1324.1962403358068,1271.003759664193,-7.389361654906452,-11.900627518290825,62.89155097386045,80.11583011583011,79.25955512162409,1238.0,
2017-09-12,9605,1291,1245,1304,1275,567000,1298.1,1285.8998167230973,1262.190629155089,100.38819875776397,1324.1376650258812,1272.0623349741186,-6.54937086904647,-11.126543919767402,62.61136690130994,73.01204819277109,76.84083810797563,1245.0,
2017-09-13,9605,1293,1251,1323,1288,506000,1300.2,1291.3725773188978,1267.5715662983364,101.62162162162163,1328.211426240019,1272.1885737599812,-6.8407810795697515,-10.285834696569433,66.32709743785534,75.96153846153845,76.36313892337989,1251.0,
2017-09-14,9605,1316,1257,1320,1286,471000,1298.5,1291.8502905336438,1270.214409694475,98.70327993897789,1325.7360055808483,1271.2639944191517,-5.812173188861152,-9.282303283023566,60.167579912184955,64.7887323943662,71.2541063495586,1257.0,
2017-09-15,9605,1280,1262,1296,1279,493000,1295.9,1291.6956922547995,1272.2929687434116,98.02581624905086,1320.4022447951202,1271.39775520488,-4.798587133954925,-8.184047045658872,59.358076324241694,62.4390243902439,67.72976508204954,1262.0,
2017-09-19,9605,1291,1326,1293,1263,616000,1291.4,1288.1146572993814,1272.2636718688373,96.58314350797266,1315.2696459965366,1267.5303540034636,-3.0878954311281177,-7.075974709217538,54.3689530561487,38.578680203045685,55.26881232921861,,1326.0
2017-09-20,9605,1271,1293,1277,1253,503000,1287.8,1282.6392650631303,1270.8373046717347,97.21792890262752,1318.8070959620527,1256.7929040379472,-1.1887227267188791,-6.000480367342915,50.96946433993132,21.105527638190953,40.70774407716019,,1293.0
2017-09-21,9605,1258,1277,1267,1250,591000,1285.8,1278.341216869834,1269.653574196929,98.43627834245504,1321.102124581956,1250.4978754180438,0.08729334170357106,-4.867310442566147,51.20415839798638,10.849056603773585,23.511088148336757,,1277.0
2017-09-22,9605,1253,1267,1254,1214,840000,1277.0,1266.6428138025915,1264.0882167449404,93.24116743471582,1330.7921927420691,1223.2078072579309,3.025295192890553,-3.6171448388435135,41.562813987966265,5.363984674329502,12.43952297209803,,1267.0
2017-09-25,9605,1232,1254,1244,1226,513000,1273.0,1261.6168476566656,1261.5793950573434,96.87255668491008,1331.3575187957806,1214.6424812042194,3.767164286220577,-2.377530845384955,47.479437215027716,11.447811447811448,9.220284241971529,,1254.0
2017-09-26,9605,1233,1244,1234,1207,934000,1265.4,1253.68651171909,1257.221455531125,94.12673879443587,1330.2703322020159,1200.5296677979843,5.122670617514132,-1.0806373468782213,43.49566444832792,10.682492581602373,9.16476290124779,,1244.0
2017-09-27,9605,12180,1207,12480,12090,43400,2375.1,3278.4707823156205,2370.499314687599,958.2366589327146,9051.989781926912,-4301.789781926911,-509.74814573098183,-56.959233419257345,98.84852436471127,97.57349104192033,39.901265023778066,1207.0,
2017-09-28,9605,12320,1207,12350,12180,41800,3478.5,4927.839730985509,3368.4493870183746,938.4498480243161,12370.16271290134,-5413.16271290134,-840.745370775172,-149.7295887066252,98.47655695044078,98.56588121083753,68.94062161145342,1207.0,
2017-09-29,9605,12230,1432,12500,12230,43200,4598.1,6302.777961715417,4280.604451442133,965.2241112828439,14826.574273321512,-5630.374273321511,-1045.3974809350839,-265.3516880178617,98.49786271188046,99.32031088389137,98.48656104554975,1432.0,
2017-10-02,9605,12610,1874,12790,12580,51100,5745.0,7476.818332312615,5128.54400891292,988.3810999225407,16773.692034869775,-5283.692034869775,-1164.2266791684106,-394.3671084331153,98.54026272074037,99.50218161585991,99.1294579035296,1874.0,
2017-10-03,9605,12700,2528,12700,12490,34100,6869.8,8393.760453710322,5867.689610073164,984.2767295597484,18136.055200376035,-4396.455200376034,-1197.7656232288691,-527.3200973777987,95.94773616521272,99.10038016193157,99.30762422056095,2528.0,
2017-10-04,9605,12420,3143,12480,12280,32600,7989.0,9131.258553035717,6525.920650710106,989.6661367249603,19024.243758068962,-3046.243758068962,-1180.3838123396781,-658.4835535646188,95.16133974626376,98.1582203804426,98.92026071941136,3143.0,
2017-10-05,9605,12200,3721,12490,12200,34700,9106.1,9731.029725211043,7116.32858696645,987.2915011914218,19428.734719876513,-1216.5347198765103,-1131.3750845888517,-784.5280402070346,94.92195849967717,97.20855276410832,98.1557177688275,3721.0,
2017-10-06,9605,12500,4265,12520,12350,14800,10224.7,10216.297047899945,7644.6957293388905,1021.4168039538714,19223.45200458375,1225.9479954162525,-1062.0037893547906,-902.9470350560358,94.53779950316564,96.86321908544132,97.4099974099974,4265.0,
2017-10-10,9605,12600,4776,12720,12460,27800,11372.8,10671.515766463592,8152.2261573292335,1026.634382566586,18147.64245130468,4597.957548695319,-997.1369498315853,-1014.3092151059359,94.78045512671545,97.64021986244208,97.2373305706639,4776.0,
2017-10-11,9605,12660,5256,12720,12530,23200,12523.0,11043.967445288394,8609.003542344937,1044.334975369458,12813.936419170925,12232.063580829075,-922.5459523133704,-1060.1756380595345,94.78045512671545,98.47477625255404,97.65940506681245,5256.0,
2017-10-12,9605,12730,5708,12850,12710,36800,12561.0,11357.79154614505,9025.103188724208,103.06698950766749,12871.154800059583,12250.845199940417,-845.9752477683214,-1060.756735503218,94.82213847027782,99.36797954551983,98.49432522017196,5708.0,
2017-10-13,9605,12610,6279,12880,12610,37400,12612.0,11630.92035593686,9408.592870360884,104.12955465587044,12934.093154227157,12289.906845772843,-772.2666093757271,-1030.4088608855116,94.90107279761156,99.51288002521562,99.11854527442979,6279.0,
2017-10-16,9605,12790,6939,12870,12680,34300,12638.0,11834.389382130157,9742.733583724023,102.08166533226581,12958.474647983267,12317.525352016733,-693.5325584830243,-978.1095141426908,93.03429169902147,99.34265054731488,99.40783670601674,6939.0,
2017-10-17,9605,12880,7533,12880,12630,36300,12641.0,12008.136767197402,10047.460225679293,100.23510971786833,12966.508832445448,12315.491167554552,-620.7423530023316,-913.9958174508533,93.08754013855253,99.0056347364932,99.28705510300786,7533.0,
2017-10-18,9605,12870,8067,12920,12630,25900,12657.0,12130.293718616058,10310.714203366135,101.27795527156549,12972.727730806146,12341.272269193854,-547.2922953537909,-843.6523155635326,91.02677668923559,96.5159433462092,98.28807621000573,8067.0,
2017-10-19,9605,12740,8649,12770,12520,23500,12671.0,12213.876678867684,10538.642783228046,101.12449799196787,12960.0605472907,12381.9394527093,-476.57864724235696,-770.8971558583665,89.28516865396188,70.66666666666667,88.72941491645634,8649.0,
2017-10-20,9605,12450,9161,12610,12400,28400,12683.0,12274.99000998265,10739.778505062912,100.9654062751408,12939.132778066374,12426.867221933626,-412.2008347594674,-698.6968275699973,88.47494721107007,56.88073394495413,74.68778131927665,9161.0,
2017-10-23,9605,12540,9612,12750,12430,41500,12715.0,12355.900917258532,10937.800654696328,102.58064516129033,12888.262806164503,12541.737193835497,-363.7850590861417,-628.324395264948,88.93453419796536,58.333333333333336,61.96024464831802,9612.0,
2017-10-24,9605,12620,10008,12700,12570,23300,12709.0,12411.19165957516,11110.020589336047,99.52830188679245,12885.283861995356,12532.716138004644,-317.0486860430865,-561.0469212349165,87.60668408485355,61.57407407407407,58.92938045078714,10008.0,
2017-10-25,9605,12650,10357,12660,12460,22600,12686.0,12425.520448743313,11248.018530481302,98.19182389937107,12905.30800258996,12466.69199741004,-267.8102585664619,-496.80636687915427,83.78943721250047,58.79629629629629,59.56790123456787,10357.0,
2017-10-26,9605,12450,10664,12640,12440,23900,12662.0,12444.516730789981,11376.216677499106,98.12059514487079,12891.573517636505,12432.426482363495,-228.08546893408675,-436.341795718972,83.96646362973587,46.26865671641791,55.54634236226272,10664.0,
2017-10-27,9605,12500,10934,12500,12320,34200,12614.0,12432.786416100895,11476.595009795657,96.26749611197512,12858.163879392507,12369.836120607493,-187.25375075420197,-380.08859486021396,80.41980840251915,28.04232804232804,44.36909368501404,10934.0,
2017-10-30,9605,12450,11172,12450,12180,40600,12567.0,12405.007067718914,11556.935508849561,96.31372549019608,12863.654681405838,12270.345318594162,-149.23677996307197,-327.69908674474067,78.05282527605966,17.801047120418847,30.70401062638823,11172.0,
2017-10-31,9605,12110,11381,12310,12110,23800,12517.0,12384.09669177002,11630.24195799209,96.09069585613761,12815.0,12219.0,-119.3718526594439,-280.15237088981326,78.12217121462695,15.813953488372093,20.55244288370629,11381.0,
2017-11-01,9605,12230,11565,12260,12100,30500,12463.0,12339.715475084562,11681.217762210083,95.74132492113566,12814.232116982488,12111.767883017512,-88.55953717208104,-237.03913643756036,74.32838338508765,13.502109704641349,15.705703437810726,11565.0,
2017-11-02,9605,12130,11727,12130,12020,18200,12412.0,12292.494479614641,11721.095986001184,95.94916600476569,12818.428345468179,12005.571654531821,-62.207830159959485,-198.15102481539282,72.80535934494397,11.067193675889328,13.461085622967554,11727.0,
2017-11-06,9605,12040,11870,12110,11970,21000,12363.0,12250.222756048344,11754.98638741033,96.09561752988047,12807.436722155137,11918.563277844863,-41.53258756221658,-162.3451946460678,72.2737457682637,7.116104868913857,10.56180274981481,11870.0,
2017-11-07,9605,12070,11970,12240,12070,23500,12311.0,12241.091345857736,11799.487748680245,95.9119496855346,12693.565027152252,11928.434972847748,-32.72065141721578,-130.75319079874882,73.72030353705642,13.571428571428571,10.584909038743882,11970.0,
2017-11-08,9605,12200,11970,12490,12200,34400,12291.0,12280.892919338146,11865.538973826844,98.42022116903634,12614.907394173091,11967.092605826909,-37.74885921391433,-105.1908130929102,76.20337875162693,30.0,16.895844480114107,11970.0,
2017-11-09,9605,12500,12070,12500,12180,25000,12270.0,12280.730570367574,11906.985076452418,98.31865492393915,12565.567251230583,11974.432748769417,-31.683373438945637,-83.36835803789452,71.18847005894506,40.71146245059288,28.094297007340447,12070.0,
2017-11-10,9605,12090,12920,12170,12030,19000,12231.0,12255.143193937105,11930.286568811354,96.88747007182761,12477.97368280852,11984.02631719148,-20.141094654691187,-64.80028513794888,67.46938778707198,41.10169491525424,37.27105245528234,,12920.0
2017-11-13,9605,12280,12170,12280,12050,15900,12202.0,12225.117158675812,11946.257911932797,97.65751211631664,12440.126017058203,11963.873982941797,-9.400441488282013,-49.26291419630555,66.14040418335742,26.200873362445414,36.004676909430806,,12170.0
2017-11-14,9605,12030,12167,12150,11410,68000,12124.0,12093.27767528021,11901.632120733035,93.64820846905538,12600.503934926044,11647.496065073956,25.390168085541518,-33.178245224640506,52.899171572077336,13.768115942028986,27.023561406576174,,12167.0
2017-11-15,9605,11520,12136,11530,10990,56300,12007.0,11916.318097956533,11823.468908649513,90.48006509357201,12758.321502420906,11255.678497579094,65.69796016365035,-16.038523298448126,46.44922247262827,9.366391184573002,16.445126829682426,,12136.0
2017-11-16,9605,10990,11530,11370,10990,51800,11914.0,11787.8966256008,11762.122017777343,92.33937397034596,12795.417040906294,11032.582959093706,86.80791294995106,0.5187814915419343,48.06438522100007,9.977324263038549,11.037277129880138,,11530.0
2017-11-17,9605,11460,11370,11470,11110,29700,11823.0,11675.551784582472,11702.909815993338,92.46688741721854,12799.813185824192,10846.186814175808,100.27286828375509,16.274943252205453,47.38039273592904,11.349036402569594,10.230917283393675,,11370.0
2017-11-20,9605,11020,11347,11280,10900,25800,11741.0,11596.360551022022,11656.618834389594,93.20066334991708,12761.174494878209,10720.825505121791,103.07151902406076,31.362962190125067,48.75476431403576,16.017316017316016,12.447892227641347,,11347.0
2017-11-21,9605,11040,11280,11170,11040,19700,11634.0,11511.567723563472,11603.956950946118,91.22950819672131,12663.570784356281,10604.429215643719,106.871482016757,47.43188899353299,46.69095918498289,15.92356687898089,14.42997309962213,,11280.0
2017-11-22,9605,11050,11170,11220,11050,24500,11504.0,11447.646319279205,11559.561255848079,89.56661316211878,12403.653266542178,10604.346733457822,104.77079598053024,62.593463373474755,47.34559474211179,17.291666666666668,16.410849854321153,,11170.0
2017-11-24,9605,11000,11148,11130,10970,23600,11384.0,11380.801533955713,11511.605130259939,90.22801302931596,12147.42386653812,10620.57613346188,103.81738401814437,76.36662767045648,45.73279701901617,13.958333333333334,15.724522292993592,,11148.0
2017-11-27,9605,11250,10900,11510,11170,37600,11306.0,11377.019436872855,11496.444617232997,93.57495881383855,11880.539815852666,10731.460184147334,87.05453948919967,87.08384777906556,51.907680621948856,18.75,16.66666666666663,10900.0,
2017-11-28,9605,11500,10912,11500,11230,23500,11222.0,11353.924993805063,11471.80015550831,93.05210918114145,11461.298976178368,10982.701023821632,78.10570505455507,92.94112966451151,49.5235898174434,20.625,17.77777777777774,10912.0,
2017-11-29,9605,11380,10923,11620,11330,38100,11231.0,11396.847722204142,11483.620139958079,100.78260869565216,11514.188982836577,10947.811017163423,53.95247235865463,91.63607546395643,56.2172695121663,31.25,23.54166666666663,10923.0,
2017-11-30,9605,11450,10950,11740,11410,48200,11285.0,11444.693590894298,11501.258125963075,104.85611510791367,11655.43218002762,10914.56781997238,32.711746461163784,85.62539029853562,57.46781072823572,39.30131004366812,30.392103347889332,10950.0,
2017-12-01,9605,11590,10997,11750,11500,31300,11318.0,11462.022028913516,11505.132313366927,102.94380017841213,11713.757501508202,10922.242498491798,22.86535519328754,77.0245555107059,54.58928281328086,47.935779816513765,39.495696620060585,10997.0,
2017-12-04,9605,11680,11057,11780,11580,22600,11360.0,11485.29075092924,11513.619082030547,103.76007162041181,11772.795348811022,10947.204651188978,13.188864021391055,67.0375938437426,55.587498677865426,52.119700748129674,46.45226353610381,11057.0,
2017-12-05,9605,11420,11129,11670,11420,19300,11402.0,11517.056068942105,11528.257173827978,103.73665480427046,11841.98181780616,10962.01818219384,3.002043412065177,55.49654510988795,57.012200693058425,59.54415954415955,53.19988003626762,11129.0,
2017-12-06,9605,11500,11194,11600,11400,16300,11432.0,11501.227692770814,11518.431456444887,102.69541778975741,11832.879034123778,11031.120965876222,6.629363509997347,44.59194150205096,51.20044896079692,65.78073089700996,59.148197063099694,11194.0,
2017-12-07,9605,11610,11252,11800,11500,29100,11491.0,11546.459021357938,11541.588310801022,105.28673835125448,11888.034003581572,11093.965996418428,-5.8884309932491306,32.40240650078502,57.66638533185088,80.45112781954887,68.5920060869061,11252.0,
2017-12-08,9605,11660,11317,11870,11660,44700,11566.0,11598.011926565585,11570.429479721617,106.76895306859207,11902.95103501846,11229.04896498154,-17.873140164887445,20.74377542810867,59.12453790156112,84.0,76.74395290551958,11317.0,
2017-12-11,9605,11590,11394,11750,11590,16100,11602.0,11620.191576280933,11585.386531749782,103.16901408450705,11919.590931860484,11284.409068139516,-20.3590005221522,9.803252586252306,56.2552881655912,91.33574007220217,85.26228929725032,11394.0,
2017-12-12,9605,11620,11460,11720,11610,14600,11641.0,11623.793107866219,11590.84787857491,103.46666666666667,11855.000000000024,11426.999999999976,-17.722998286388247,1.8393114034697646,54.19539378734518,84.83754512635379,86.72442839951862,11460.0,
2017-12-13,9605,11640,11517,11790,11610,15300,11651.0,11635.830724617816,11600.763090717594,100.86281276962899,11863.875550498431,11438.124449501569,-17.700996825675247,-3.762104517290128,55.297140105066866,79.25925925925927,85.14418148593836,11517.0,
2017-12-14,9605,11730,11566,11890,11730,22600,11666.0,11667.497865596395,11621.686781646167,101.28644939965695,11899.44378338266,11432.55621661734,-22.679919011479797,-8.822690540042053,57.91357773859236,80.55555555555556,81.55078664705616,11566.0,
2017-12-15,9605,11800,11610,11980,11730,47000,11698.0,11702.498253669777,11645.51810348189,102.77296360485269,11941.113142384384,11454.886857615616,-27.66011498305852,-13.361465984980896,58.990617533589095,83.96624472573839,81.26035318018437,11610.0,
2017-12-18,9605,11870,11676,11960,11680,21500,11707.0,11698.407662093454,11648.966293133746,100.7765314926661,11939.903413457187,11474.096586542813,-21.87255179510794,-16.12530989688902,53.66613680554932,76.41509433962264,80.31229820697216,11676.0,
2017-12-19,9605,11730,11980,12000,11680,35600,11741.0,11753.242632621917,11684.06966382078,102.91595197255575,12029.229075563188,11452.770924436812,-32.05104588956783,-20.423133163507373,60.49312499904287,79.0,79.79377968845365,,11980.0
2017-12-20,9605,11970,11680,12000,11820,25100,11783.0,11770.834881236115,11700.662697438875,103.6745406824147,11988.143851967367,11577.856148032633,-31.031840479985476,-23.216845328700302,56.30514422645587,75.67567567567568,77.03025667176608,11680.0,
2017-12-21,9605,11820,11680,11970,11810,17100,11802.0,11801.592175556822,11724.59642769521,101.61702127659575,12025.74986033517,11578.25013966483,-33.540937111039966,-24.95771165605058,58.176081850664715,88.33333333333333,81.00300300300299,11680.0,
2017-12-22,9605,11910,11686,11930,11810,13800,11800.0,11803.120870910127,11733.136784925762,99.83093829247676,12023.069495897598,11576.930504102402,-28.2073736886432,-25.829753118994024,54.54316968916794,77.77777777777779,80.59559559559558,11686.0,
2017-12-25,9605,11760,12000,11780,11660,6800,11795.0,11778.917076199195,11726.823106433138,99.57337883959045,12027.077573237933,11562.922426762067,-17.26750387383072,-25.779142628709856,50.85972776291329,67.77777777777779,77.96296296296295,,12000.0
2017-12-26,9605,11550,11780,11670,11520,12900,11784.0,11733.659425981159,11707.140795789688,99.05498281786942,12052.05969484428,11515.94030515572,-2.8692072646117595,-24.131166010813914,47.4116044392726,41.76470588235294,62.44008714596949,,11780.0
2017-12-27,9605,11540,11670,11610,11540,9200,11772.0,11703.903166711858,11693.426716210635,98.97348160821214,12065.366664772957,11478.633335227043,5.119461432846947,-21.042345961444273,48.48620955794724,22.151898734177212,43.89812746476931,,11670.0
2017-12-28,9605,11560,11610,11640,11400,13500,11733.0,11652.284409127884,11666.08404458942,96.69771380186283,12092.115580280233,11373.884419719767,17.292730660885354,-16.0475853343394,44.790004624692536,6.329113924050633,23.415239513526924,,11610.0
2017-12-29,9605,11450,11597,11480,11370,15600,11686.0,11604.596334740996,11638.475640130338,96.03709949409782,12086.91894442644,11285.08105557356,26.38562888722481,-10.68556525852465,44.06646765558624,5.263157894736842,11.24805685098822,,11597.0
