2282,0.467708383714113,0.4392801819344871,0.3590024527256499,0.8017299468543877,-0.1101070452881689,0.5553815730502201,0.5901659427094674,0.7129475472812465,-0.44085835314366123,0.49940898812305157,0.5167523497340947,0.6301494940747997,0.5090145202139135,-0.8357101460095626,-0.9203182990737874,-0.7713463739208962,-1.5045946597641802
8750,-0.9355572903956124,-1.009967720873486,-0.9185650548722718,-0.9882603006914955,-0.5162790819392427,-1.1165227290331226,-1.0938860951825864,-1.1158755535808917,-0.059045453540563224,-1.3362072883232878,-0.7393742371912568,0.10562344824744108,0.4900615542774087,-0.32680236131780394,1.1187545168412971,0.7200348883512822,0.607914655348041
2269,0.5813389241617734,0.529781803345762,0.45873227228251956,1.024569679431728,-0.6175144677828801,0.9153093937472232,0.8159972312795752,0.9799095218186682,-1.1330454266901582,0.8992953879359142,0.8513800795964913,0.7451010548352672,0.45218089163558767,-0.6755849905141056,-1.0286529023386415,-0.9020892992415055,-1.332111285109612
3407,-0.18962654362339618,-0.24489017778006922,-0.2261524864837186,-0.20292589438199293,-0.9157125893343312,-0.2676751022495024,-0.26207685850221696,-0.24906276071019273,0.06662555183878958,-0.538901991534666,0.03999643704750746,0.04200780776417914,0.350252810512554,-0.3562884296402322,0.5616843235978374,-0.18841939571065522,0.6881828873032562
4208,-0.17510268650794486,-0.26266761758455215,-0.22906334443217036,-0.26533952399480404,-1.0174604582986635,-0.3117163679287243,-0.2996015664248497,-0.2334148883301114,0.38745865170874394,-0.562444877082694,-0.052983810353274645,0.15230558924797621,0.9697164673697203,-0.35398801716239453,0.5440731015047959,0.009671837057103928,0.7577342674351399
8354,-0.6400557792611411,-0.6418749905413005,-0.6373946541424049,-0.6252198297931202,0.1678345675427613,-0.6415351530522796,-0.6363580246340685,-0.624682449252199,-0.19597570916863555,-0.6492021579438053,-0.5203214936566051,0.25071854838364266,0.31733037185865265,-0.643858288756511,-0.094422504056924,-0.489972658205728,0.1564340484603921
9062,-0.279834790943785,-0.2980571443309786,-0.3230294519569377,0.3222018827731578,0.5140984050461048,0.48171163838100495,0.400891914142218,0.9265219999239129,-2.2728802406323467,1.0403796518084247,-0.11621834558653185,2.513809071961319,1.91266594781052,-1.8993497668643184,-1.336884022863323,-1.3695441265133632,-1.3388308272830716
8630,-0.3743968359358647,-0.4811416050979233,-0.3440836039704693,-0.45871542375842334,-0.22292395883805532,-0.3395226085847975,-0.31648238578537596,-0.12005882419364355,-0.3423531821265253,-0.6312670160262088,0.004010998169039536,0.7601600875524036,0.9830734199214758,-0.8483711888426059,-0.7121048083085308,-0.9864449083355594,0.7334773598280756
4751,1.2115847649218245,1.1697574015897483,1.1495960509601906,1.8507724499084661,-0.3427192778240785,1.4253451068710798,1.4173293540562686,1.4316578436173957,-0.5641805674480329,1.2231007894009573,1.5526989374552955,0.22991284318737065,-0.2626821424067621,-0.22780660485198226,-0.6088142324921221,-0.49009249229352647,-1.7315731303754902
5301,0.6505950962715025,0.5953991935727105,0.6700720267078,1.355731061168668,-0.014479317785908642,0.6939212143213664,0.7435132942153658,0.852879607209908,0.17791603640299086,0.27011377601663433,1.08023775865999,0.17449768645470648,0.3350039150790678,-0.20060935885446535,0.1081667961423833,0.2625820744100957,-1.5069452860158536
7270,-0.47221402549256736,-0.5092832305385585,-0.5559012434770139,-0.0566847423149135,0.5687746088467327,-0.40983854955755383,-0.42510463999257775,-0.37257659405327936,-0.22732087061575076,-0.5125382504366638,-0.3052049326504924,0.5369052478111538,0.8842597444509043,-1.0039686498635838,-0.35546069218945964,-0.36423936714889404,-1.3321109978606054
8802,0.1029257617288077,0.05869227996903762,0.10770467645658763,0.7417690134422441,-0.9804547631313821,0.2734728974716907,0.2509429876015295,0.3851305127375207,-0.43371506612235305,-0.11894999276829989,0.6975739778009074,0.54462379019728,0.6557835854749501,-0.6470266096823506,-0.6970327797973104,-0.6443761759818051,-1.4349576053812558
8355,-0.8537654825644196,-0.9052605514442802,-0.8763303191745745,-0.8309142495588471,-0.290358300378251,-0.9132324710833688,-0.8506854350031064,-0.6492059149835436,-0.39620166298134585,-1.126455636021629,-0.6308477975270776,1.0002366147073949,1.5420476405121986,-0.9796152360543094,-0.7326576758777776,-0.9981536577089284,0.6669200384984932
5711,-1.0509990551918245,-1.1054126149566623,-1.1171468582387594,-1.0771886573820917,0.21729943353455014,-1.0945893526312573,-1.0723924520729349,-0.9559349737868821,-0.7122525589991778,-0.9783230744050115,-1.1421282261730128,0.6215062768541855,0.6778161519064617,-0.8447050680866671,-0.700860238391765,-0.9071568322829788,0.5890801120734072
9301,-0.6476940391077723,-0.6827309468748822,-0.8679106054928512,-0.9055962838859115,0.1027587170063879,-0.8640019191375918,-0.8628184162944306,-0.9501806726779634,-0.0008657205329546491,-0.8046042067861939,-0.8831116971617925,-0.47704146699477645,-0.3009725958041276,-0.1199793664545789,0.5074564370130943,0.8561194054931703,0.6045607383276178
4631,-0.8346655446486289,-0.9745024097133896,-1.0284448540549815,-0.9282810407686032,-0.44064368609129734,-1.0505333983038596,-1.0166755038665032,-0.976423823532945,-0.10155234792539847,-1.2536511580637681,-0.7245007742404671,0.14099057029487194,0.47939966077705276,-0.5178743336648889,0.4217036056663904,0.070402797586051,0.6568707697080439
6971,-0.46347657081860466,-0.5544212622839413,-0.5713341191973846,-0.5591960608991385,-0.4528623766366148,-0.5868204695927037,-0.5842201929605152,-0.5457678702833365,0.3112314685011425,-0.8029838864261186,-0.280026645785999,0.1093774077938454,0.5176675127609133,-0.23790768444929453,0.44651119464327405,-0.08777638949105916,0.7444774769747772
8035,0.027832484734903025,-0.004895191854940236,-0.00012878285342042637,-0.20182789475220844,0.021705039752077968,-0.026800038693943876,-0.04501162102275453,0.01393594332860317,0.2010760636011695,-0.07051781568553574,0.018743092170671584,0.18958133393193122,0.7970856233284869,-0.10343220467548292,0.6322054367711157,0.1604835759891205,0.6880100978981144
5707,-0.7107902566214882,-0.7493038046110878,-0.7776846012313915,-0.7513743226599902,0.03368476396909514,-0.6948178411183995,-0.7268154042261286,-0.6733365585263005,-0.3207271340039484,-0.7307688510953757,-0.6265487017671046,0.3982733583420311,0.5525400837872884,-0.8146405167502918,-0.14261320462012667,-0.416227029026589,0.5754068925815756
5713,-0.10094557528362472,-0.08767212984030742,-0.0927381089307945,-0.39762562830071835,-0.2647459130169339,-0.13170223635796258,-0.1550279279385358,-0.09588705483467387,0.03339775617143275,-0.10436416662673102,-0.15756687020914747,0.4889334029189409,1.2058836421322792,0.0032402869900068423,0.8661203489359376,0.13232492046347197,0.7779874634050384
9101,-0.3447901672694723,-0.3150266678877824,-0.3199989184025968,-0.35856715069366096,0.01215014587800831,-0.18854364593896686,-0.26640230107221047,-0.2059252707253246,-0.5323112232019855,-0.19377176990290396,-0.17473662488229696,0.4386909916951291,0.4669018548314705,-0.5394164771959433,-0.22223130128500218,-0.4798309662468645,0.7571016993047008
5101,-0.9380052918475835,-1.0766970326947425,-1.1385158018389119,-1.1123583444583447,-0.4435449222831051,-1.1664362445069367,-1.1024110315133944,-0.9298928456956994,-0.46673745505181297,-1.2681568981452003,-0.9731172262537234,0.900211529359647,1.4922950076975972,-1.0941813183032545,-0.4292514736514371,-0.665592908831052,0.6925357205919621
6178,-1.9505980102979188,-1.9676350991723222,-1.8807661094947834,-1.8123641761246372,-0.6486516482761316,-1.9493446164045227,-1.9825654701633002,-1.958177873907596,-0.2654272362771817,-2.0966582306094184,-1.657880850131421,0.399983570322854,0.9108077951255114,-0.839103513625502,-0.08116900424549656,-0.43635380305669913,0.5824928902300951
7272,-0.5242125755400682,-0.5715033053195643,-0.542435909177596,-0.5532953051290335,-0.64970530322143,-0.5625343811593301,-0.5564423783399645,-0.5150877393481795,0.5465810478067863,-0.7184360296632135,-0.3941507288013541,0.1533993881248762,0.8170142560478197,-0.5952809537401822,0.5535028320153877,0.25295983209490513,0.7810463288031222
4021,-0.04309315810523658,-0.07616778802984008,-0.15378592426881543,-0.13163053880899195,-0.47773689876761605,-0.05648115602573616,-0.012834062376210487,0.05798650703032911,-0.8767152676780328,-0.1381673961175322,0.033465627716405724,0.4983246587975345,0.5834615071787923,-0.5693189440825522,-0.3366710268337252,-0.5346983793905528,0.6646596288635683
7267,-0.7507900923282388,-0.793069512204086,-0.7647985995352523,-0.7899899688195358,-0.31957464920440865,-0.8632108543635335,-0.7976516139337162,-0.6883671202049843,0.3610563524440966,-1.1126772574809942,-0.5880557906597288,0.6697118738184444,1.82681308187307,-0.8375129878396425,-0.2542482040115279,-0.5672856450705719,0.71745108462227
8801,0.09365039434421335,0.11413426680427806,0.07109832398433517,0.09615080913157924,-1.0343562664760366,0.07150259922789391,0.12892263869307957,0.24506982873871186,-0.08873870587169283,-0.3588763877489518,0.5391873663042096,0.1867875362278459,0.5287564403304993,-0.5344272284901932,0.38996436103791704,0.23663198216457823,0.7354607091514779
4578,-1.6657961156611152,-1.5939380823607638,-1.453288747525177,-1.0648318725078698,1.2088775229143531,-0.8741147814648534,-0.9480789018816981,-0.389014899221458,-2.0019207638732572,-0.2047788514960875,-1.3152659577112524,2.333353262474551,1.8671173774367473,-1.6383300259142215,-1.6429250720582553,-1.7214341182359267,-1.4320625597541252
3405,-1.1882229907487984,-1.2513109114122034,-1.3009541700790959,-1.2230270165276556,-0.3840961772310256,-1.3223120060905509,-1.2234068341439477,-1.0828226919188322,0.015660494653148376,-1.4717096976774362,-1.1037204377911602,0.5645438177629328,1.1715983387886046,-0.8842127286474933,-0.045482919091049144,-0.46391659021130643,0.7086940114459401
5706,0.014060459339060522,-0.009803087767683917,0.022465986014611975,-0.08059809323804126,0.19080059776117853,0.13572924440067385,0.03343728567470261,0.08669921659327014,-0.416839697357046,0.22200779691913392,0.039365045974228824,0.7110845789036607,0.6535510080729778,-0.3551828512312458,-0.13753058628135417,-0.44871870354823007,0.8132652677691798
2914,-0.16477630810540805,-0.14884022361362043,-0.1945562026704184,0.21028306193369153,-0.5683333249973005,-0.019236890141594014,-0.09276137861141658,-0.08573871627521858,-0.2754504555188192,-0.15760570046623346,0.1438674687351383,0.3753613825868252,0.05262334935787496,-0.09066802427866176,-1.1319620413126719,-1.0460471839569345,-1.2351894542483928
2531,-0.07207693845563258,-0.1621065851867441,-0.11428313046283281,0.40598625589744336,-0.35300656225046906,0.24194914210986762,0.2102464782439303,0.36321085249733964,-1.1703825432227137,0.264193366443587,0.19197860648902276,0.7378111161632781,0.2873638385880773,-0.8970661837316171,-1.243579324623451,-1.2392184267316153,-1.4372326885859352
4183,-0.45697651953835516,-0.5577741426021542,-0.5748726970683141,-0.51436986385555,-0.20770654018480258,-0.450269105586695,-0.49031773108788823,-0.44610203109460456,0.050775221394269016,-0.6859711937989598,-0.19759198577965678,0.08070161187149064,0.5013645154770031,-0.46480401917083414,0.27357821998677934,0.20835295073960527,0.6397174747607883
8795,-1.0307057020896289,-1.1196722648347386,-1.021711427654906,-0.6375145219604819,-1.0991710653046192,-1.04418940453977,-1.0495954467911208,-0.9584726471791702,-0.6736268426404874,-1.1755068964986042,-0.8253519848071841,0.7067941405567337,0.910976190516901,-1.007421228455128,-0.706193253993073,-0.9142670982053394,-1.2129451934314195
9104,-1.0329661058061785,-1.0933669796236427,-1.0987639896649228,-0.7004826542175838,1.407757767661079,-1.1272337071147638,-1.0865408129198555,-1.0310766578646786,0.012986919553837687,-1.2661499987308407,-0.9171876883451073,0.16684379912491737,0.5911554363438022,-0.5472902044290694,0.36174979230014087,-0.06670591496620044,-1.0474431360707623
3401,-0.40767707692307076,-0.49745214486016387,-0.5156274759028062,-0.5648233451782612,-0.5935443386886261,-0.5796537714871458,-0.577496311136567,-0.5689314323089553,0.1729973413456464,-0.7560397694753725,-0.33717152432974523,-0.08707108446535095,0.32578903747164734,-0.14465486907212294,0.8183554923799352,0.5650432562536394,0.7544612313954585
9064,-0.16843203760869413,-0.14079906735372064,-0.13858941619244308,0.2678289833778921,-0.36343208856233045,0.20355471168632164,0.2578519674133073,0.5184058629470243,-1.7245900131611702,0.42811203736243486,-0.04989694084648827,2.3137637576221466,1.878868255048604,-1.7407235648582147,-1.8743185555035067,-1.927273714110426,-1.6112906173952994
4568,0.7004433483816999,0.694430785025748,0.6866365238594366,0.32911560480399127,-0.6068068394047247,0.3586258656666744,0.4853373859938284,0.34995433371322454,-0.22676063851986095,0.28306378647549574,0.4130353527354521,-0.7069115641094761,-0.6971660118831003,0.31835586937145804,1.0098018722915318,0.7512244971451264,0.6766388711189253
9501,0.017950502570016843,-0.0511629893985594,-0.0027280934849579644,0.41553298392885907,-0.2898476812466057,-0.019064147543195367,0.023467922177434725,0.06673747180345255,-0.3491210056751941,-0.15846256347171694,0.14713904653240656,0.16586929601514597,0.321141605963668,-0.3171762519006551,0.023509858839979535,0.3896509891589879,-1.6584167536034473
1808,-0.39503679817064763,-0.4632523207578005,-0.4100930493019683,0.08260939928478396,-0.5251679063101775,-0.29019532697452977,-0.33514605532298597,-0.22316538112451995,-0.5140896125293305,-0.3536182681074285,-0.21578542702466946,0.7533633729521301,1.13079201237605,-1.1189471348366347,-0.599586607528591,-0.8031536147562357,-1.2424605302419673
8804,-0.009604335402396436,-0.05276176403837728,-0.03814615417379667,0.4090589888204917,-0.5844983325874759,0.13792800734790953,0.08651063691726675,0.13121242644336656,-0.8772689776720124,0.05333093243962949,0.22156771812346052,0.657162439810466,0.2482719566820157,-0.9605253262167656,-1.0913367530726077,-0.9733554810029167,-1.3968900352703086
2871,-1.6395914823766071,-1.7849939224594147,-1.6679287353305488,-1.064846973797288,-0.780773281596592,-1.196775141444282,-1.3391502594232578,-1.0770501929008611,-1.6835048945892053,-0.9066670115239903,-1.2928170393792022,1.4724110250040046,1.1630792043669482,-1.6290035712386444,-1.5401079688986254,-1.504790274855546,-1.2253406245885734
8233,-0.8810364302424953,-0.8884418541880735,-0.8860919955672757,-0.8843233488486313,-0.3949291995945202,-0.8632879900019805,-0.8871513346346298,-0.8996214693080444,-0.3267952588127448,-0.8569248711286973,-0.7466515975631584,0.16334713658110353,0.14712843668653455,0.09552980391945165,-0.6756852931323319,-0.8222509558089395,0.47519826173147295
5703,-0.6685890240132173,-0.7647351494232121,-0.7154064870440529,-0.6084983879051789,-0.06542152776745132,-0.6638294262511532,-0.7079244305182406,-0.6615229434631043,0.11145960110110856,-0.8406737952508088,-0.430976343324965,0.12087697129691982,0.3384908077467645,-0.5954952982039668,0.24697432087837304,0.3611595400993924,0.6172983315010772
8031,-0.07957773852416852,-0.17663672863627009,-0.18233155990080616,-0.3962098791834813,-0.5474096659924524,-0.5157025738850349,-0.45430918242337825,-0.4704250720346593,0.6316707576943714,-0.764924741731065,-0.17152699792271114,-0.13571215528763944,0.6432657952910759,0.003360749992676836,1.2968934716524878,0.7965862234060369,0.7261159031786227
4151,-0.44261531313082497,-0.5043355665189095,-0.47151461910713643,0.5935198243809394,-0.38328893350196563,-0.1181371255370138,-0.08401601512463994,0.21827325460873886,-1.1681032424700566,-0.28906154171992726,0.06567089813115652,1.2992398361275466,1.4241132782277792,-1.1053182299441928,-0.9955366800561986,-0.8138570871723775,-1.4683232446115937
6752,-0.1990920283771763,-0.20599816121383718,-0.19451573265403482,0.031146598624166147,-0.5218274875196034,0.002246945648284485,-0.07566719037921854,0.02317388573451232,-0.5708390720560953,0.08965750646865303,-0.08472681740419466,1.456503483012898,1.3239660272828597,-1.2529740470497626,-1.067425514216437,-1.1730771122073618,-1.2199213310226817
6988,-0.0951251307835072,-0.16340008082235002,-0.18723021257269618,0.16442381159733319,-0.21582739683844984,0.022606633919014615,-0.06405838674054513,-0.024434207115042718,-0.3472260289017046,-0.06776577550365995,0.11330756005716285,0.35069471208039654,0.35916089809758894,-0.856499898674919,-0.5692344680580993,-0.6864899829294477,-1.2975334351937982
9107,-0.7751306365888143,-0.7848879166276236,-0.72115704540912,-0.6067907778583467,-0.18986716981879115,-0.6064095079669145,-0.653764606324208,-0.5414345795648349,-0.9281625458065894,-0.5486034570936115,-0.6457511821343986,1.145840664193852,1.1504182897080775,-1.2610343352591176,-1.1178114571616422,-1.1788028753228161,-0.9911420163053815
3402,-0.5797440445442691,-0.6389008737806418,-0.645741611895854,-0.6306146156865597,-0.8189600878222153,-0.6250711284689777,-0.6486677962540678,-0.6271454556093289,0.3717923326560362,-0.7804385390011461,-0.4469916007483364,-0.03714570702806387,0.3448612349326243,-0.3677777594557999,0.2924302915759431,0.23810019307420371,0.7583578673033048
4543,-0.0768014140563564,0.06487331332419671,0.010182429763972448,0.0674776864455359,-0.007636712908614826,0.10784403929816391,0.21462423365905323,0.5295445698099857,-1.214622156866707,0.10344046104469967,0.10635883086839835,1.783786547985179,1.8618294672504891,-1.408574483147235,-1.6163268343829735,-1.7503812685136382,0.7062237341461471
9503,0.08077997507871261,-0.006958452599875118,0.06069532029517899,0.7409407980508459,-0.3057985540321771,0.19449052654408763,0.21615465609070994,0.2832518805928916,-1.083846730322641,0.08412594227693626,0.3006222097265999,0.5734441483713543,0.342955589700683,-0.9082200528584758,-0.9104414777409607,-0.2621453113912644,-1.6605868365738616
4755,-0.5968678361848885,-0.42576088715519594,-0.6950962490019004,-1.229441157364565,1.420685260874132,-1.2070659415592304,-1.1159144603076372,-1.3008145009748162,1.7349819139575844,-0.9092338177019316,-1.4321711018118852,-1.3908839808087774,-0.5361725604151752,1.5776098813534358,1.707329460772896,1.5054701565053645,0.7748624554241228
1605,-0.8219958004332812,-0.9312784876548074,-0.8704604791889651,-0.9761436606780295,-0.5846777584365455,-1.2218318782440554,-1.2079147056558377,-1.3355423639050745,0.8222990475543394,-1.4112762404850305,-0.9267926859924361,-0.5170517956662586,0.003785802894151193,0.28807907308630426,1.459852496729203,1.1844623347234255,0.6105784008430211
7261,-0.32944365493928224,-0.43784950160822894,-0.4572184589877354,-0.020346874536175796,0.02888107045260147,-0.2982587357191638,-0.3419330937995275,-0.25070340545908365,-0.37212915163857224,-0.418090913813791,-0.1743782939334881,0.7852376167265418,1.0241600186564435,-1.1051709828790548,-0.6397945399906064,-0.7519180945551324,-1.256551655822635
9502,0.5661152605880936,0.4792800087046152,0.5691249367414322,0.4408030652244788,-0.8799125695112092,0.46819962784001695,0.5905117136505633,0.6217388751193215,-0.12000339707117423,0.4222516231058849,0.491121825940132,-0.05171943583228474,0.43455393911287143,-0.13962004488849547,0.30160629107299886,0.6379171201503162,0.7768316176821657
5714,-0.8397446926556829,-0.9236557200736921,-0.883349936455604,-1.013680956510516,0.041974224811633466,-1.0044269779833914,-0.9662312148068861,-0.8573947113478587,-0.2527938626372839,-1.0623489652831022,-0.885364091061434,0.4903457058492247,0.9434295199698903,-0.6502533398959892,0.025591419437304048,-0.4504454573229743,0.5790466189905351
6976,1.803231343681651,1.7703215421056613,1.8443678799014749,1.4446799869865359,-0.7795317198102587,1.553679631365247,1.616290184573831,1.3762982633602985,1.167439112956654,1.5524102203093477,1.4869006672063163,-1.9629760750860135,-1.8907124140956202,1.1997652503157454,1.4003134013568646,1.1579697848476305,0.9856264571644155
9613,-0.3254286637235972,-0.3782366513868646,-0.349803743595685,-0.32124458325660227,-0.5284042396894261,-0.2685107502527754,-0.30663735491359245,-0.31928705205493635,-0.37313502329253606,-0.4608381689110584,-0.04640751249254676,0.09934637947262419,0.000610991437025901,-0.16879869235312725,-0.16778276013784563,-0.11177284195723095,0.6318519101949776
2801,-0.21272713494946385,-0.24055427428877718,-0.22760616473078688,0.22804943818738932,-0.4423536963328402,-0.002600848455005913,0.010754455745152972,0.11335209353051111,-1.9409695109831089,0.08191206068824014,-0.09990131969695651,1.279081743341503,0.7216484134943999,-1.0949636623467627,-1.5266477842960209,-1.3566400647335968,-1.5488429949423892
7951,0.36256225590140295,0.30042051771082956,0.2816102873452451,0.9656840548779589,-0.2966010296056754,0.6757294075467547,0.7266443760797231,0.995932699644336,-1.30156039048113,0.7558975991462658,0.5532500127356876,1.4828005502125976,1.4174941918010309,-1.387911300316548,-1.059004660255012,-1.0224002450839416,-1.5646756439320624
3289,-0.09998864239633909,-0.1810656397152809,-0.13338796483883,0.18609527485047084,-0.3286238761664405,0.031550962228426786,-0.029619219703709603,0.09520791442158891,-0.8312221364873509,0.061248060792739326,-0.0006823356799034469,0.9520158151534321,0.8388568477674003,-1.237417981092617,-1.098114655085519,-1.141494875679425,-1.3432875986523316
9983,-0.4852595945814949,-0.524259759742689,-0.5081940574157774,-0.446552840349173,-0.4928127957560364,-0.32017851805573655,-0.3426583222600277,-0.21942865851516385,-1.216956737190906,-0.25491590288666854,-0.3764874347619042,1.3039856389605602,0.8458488002967574,-1.156757657793582,-1.4580678061989563,-1.5644866912202586,0.6027511160792968
4519,-0.8024755191219961,-0.8277038442156521,-0.7338775092303079,-0.7119679823900483,0.4177825403277589,-0.7366319914864493,-0.7051464292166967,-0.5809909306114411,-0.9797330254585598,-0.8034511376508481,-0.6293390439958689,1.0941448631392625,1.3285396468665267,-1.0559802826938234,-1.3401290412794795,-1.3243723514461654,0.5446740972816149
7004,0.1861400454978884,0.14792158128163008,0.18836024510821472,0.1443634025761909,-0.4783079434864313,0.16040818706512158,0.12270429664649395,0.12374402674721395,0.9645314691015626,0.01256686379136902,0.2995152553659216,-0.42338417860067196,0.1875781376640864,0.0899312913855034,1.0642458206808414,0.6768108627417881,0.7657464685026858
7762,-0.574161928616056,-0.6281848062563069,-0.6456894698523622,-0.6398013442133016,-0.04911724004617745,-0.5299416830837659,-0.5727964525762159,-0.5120225802314059,-0.8445936017013854,-0.4817333086169492,-0.5571070617286014,0.653558011162699,0.7416652631173577,-0.7847706440133512,-0.2934754066709655,-0.4616120044172291,0.6226490632771009
9001,-0.4863004846662232,-0.5347405072460212,-0.5293618223212259,0.06057178972839137,-0.25252163147248347,-0.07166546296792774,-0.1744059046801371,0.06714331688061057,-1.661779819886827,0.19233455004788488,-0.34389813038570455,1.5494644240960604,1.2476925495221964,-1.4609514769982748,-1.3256106392449543,-1.3125344208103429,-1.3245944333589401
6326,-0.5027249253806735,-0.5487245067743601,-0.5020607451595814,-0.6270038517277612,-0.3498584185885294,-0.7188326131565104,-0.6394993418725806,-0.6378461192751391,0.4568220671186574,-0.9124346917746308,-0.4688878974604088,-0.19720639999954584,0.37435723965661954,-0.0071602784048597195,0.6527016299599993,0.45176198454474614,0.6327848243961272
5411,-1.0043726556408994,-1.0141557606080962,-0.993124155329022,-1.1816502469715966,-0.6515346916502475,-1.2464114790085417,-1.1848483842564115,-1.1614148434696656,0.1188447055114334,-1.4112800344081222,-0.994298637980971,0.30926467668898255,0.8267728800320033,-0.3176138752515626,0.03400239958014004,-0.42185925620927633,0.7176910697420408
9202,-0.45134869035125463,-0.4891471104162551,-0.4975597106784083,-0.15758699389037273,-0.42587899017941294,-0.3841919330329521,-0.3643697361361853,-0.12467073895538816,-0.7749788581363642,-0.5387176438218366,-0.20699460476331646,1.4653497053187448,1.9219682665585622,-1.0542780154871674,-1.088924928450857,-1.226802849297858,-1.3089990412020558
4901,-0.731880075183052,-0.8507398708105506,-0.8146962883417587,-0.9033724122281762,-0.7894696670513764,-0.9739568222519136,-0.9973659720126515,-1.1009502133754023,0.4694512080648023,-1.0568551114070392,-0.7763314768168932,-0.3810032247455831,-0.07204978846510167,0.17736307970622361,1.115244547151087,0.824557159748208,0.6291891750133521
9766,0.3716903532717305,0.28315716147289366,0.24996337732610552,0.13312084247148706,-0.6849313027417729,0.43307915695355215,0.32786279768735593,0.3088878843520675,-0.5518589351824328,0.4556706440469251,0.39241630647196996,0.11366146669300935,-0.2082144938458256,-0.053092178706123525,-0.3040121423507665,-0.2847674749351551,0.8513638199947436
7011,-1.0854578088356597,-1.1770045532091795,-1.070561953334115,-1.0469359214296217,-0.5892356269495777,-1.4684883232539117,-1.5029442490448586,-1.6945117202829523,0.6615886017334883,-1.7012614355743527,-0.725295871117638,-0.08279261420127877,0.5381345719965857,-0.16050900581468625,0.8486059602479457,0.7303354252462004,0.6402976933826456
5202,0.38605109776252383,0.35439671824618574,0.39669416250384315,0.0714763852204225,-0.6301125743128807,0.1946253420026965,0.2684614889838311,0.30195867704059154,0.22054507366530157,0.12427424636606803,0.2563485521108763,-0.05914235299217246,0.4186351126552281,0.2431690945069986,1.2055222144126485,0.6137566408450675,0.7647343123781231
3101,-0.5687894908210189,-0.6279265033737829,-0.6382287354100221,-0.595101835020589,-0.264512787614966,-0.5725945903300845,-0.6106104053236068,-0.6137420712021976,-0.5150944440884567,-0.6322995147463212,-0.49050617354509357,0.08648535038013723,0.17198446943937798,-0.5360349282909361,0.14455921369100866,0.08088941205610459,0.647824627497703
1925,0.09662117983943301,0.151867885927092,0.16022437578358262,0.0250619512788247,-0.4775317250613134,0.029656833521806862,0.023169928082974856,0.01845250994894566,0.9571969189999237,-0.09174800683577745,0.15143441014702308,-0.4085815293986676,0.4088501108317677,0.2343250471955248,1.455460904207031,1.14297417640591,0.704041055413619
5214,-0.3158367189506516,-0.33248927059894323,-0.33522176658497155,-0.612957309911492,-0.25780361879577396,-0.5814521932277316,-0.5509804779303451,-0.6616526186566601,1.1622226509946376,-0.49250785219097604,-0.6197926199583483,-0.8115861005688564,-0.31431916015385875,0.8685547260300596,1.5581035932043632,1.4042074831897724,0.5867858788949443
3103,-0.536655265025067,-0.6207846592057876,-0.6139246849120423,-0.6467211517741531,-0.8339047591006409,-0.6330465291324293,-0.648463893717343,-0.6361067633987146,-0.01744346842857315,-0.8057286500617318,-0.4358532426270992,0.1650907662225411,0.3891275254262511,-0.06716528340117923,-0.048780913474535864,-0.23820871731323612,0.8058110998307733
9412,0.8449116967744644,0.8928315646445664,0.8624199689652574,0.33807084285051653,-0.16905717644154672,0.9245419940509209,0.9628440975815766,0.7005587838614856,0.6812465108892701,0.9398027245871182,0.7740659867430241,-1.2924176656922501,-1.3471053107498354,0.678618098486656,0.8105885435096525,0.9238994112317577,0.5807113686973946
5002,-0.12024856971925797,0.19297565193141833,-0.04680961093800412,-0.5365470473858525,3.5528987960694085,-0.37272751141337446,-0.3239219369785931,-0.4028123346503446,0.6230072474659251,-0.20184793986318272,-0.5678573564047091,-0.5517659046955502,-0.22073874119069042,1.0030850462366216,-0.33764872367082815,-1.0573942001633183,0.5286669763554332
4452,-0.18002182596050545,-0.21639573549754632,-0.08879860761628783,0.7758361783137764,-0.8183450830609554,0.19416045746588204,0.23162285100666868,0.490129315307147,-1.0236631852059377,0.18725829763000498,0.17684000476333825,0.993993860260604,0.7979129199006494,-0.8748506338661285,-1.1597958495929321,-1.1281392238612642,-1.483159605973669
2802,0.755452499484188,0.8227571575591294,0.7165671410597263,1.5765695822706378,-0.09758477026977704,1.0429622226329796,0.9958802394522122,1.1107554366132377,-0.6663010617802974,0.8179420730957995,1.1636555007225942,0.41782531119049454,0.5402401811242971,-0.2503408741384549,-0.1440242342551157,-0.10352355865061215,-1.6032488784558405
7013,0.01957133948318341,-0.0723320438400607,-0.01894901209480948,-0.017691144854640906,-0.9689488113312519,-0.020562481774508187,0.029095461778985317,0.13991023762473673,0.05809502746726712,-0.36147743407812316,0.3185833905446825,0.36360362049795997,0.679580541171121,-0.4576141547917979,-0.5310313011147907,-0.7071891703034219,0.6961597701196978
8308,-0.6751313522303688,-0.5989452794666474,-0.5663737241595168,-0.870194842534642,-0.8514132608400697,-0.8512336417212817,-0.7532904456220558,-0.6745961990793603,0.36872765920798695,-1.0580139867155367,-0.5467864435953425,0.24629434229708166,1.030200926690005,-0.07140305540653731,0.6585854722542118,-0.029855490146323115,0.7180984604887448
7205,-0.5857269682065789,-0.6694522337201853,-0.6959337020225577,-0.3543008322697553,-0.6084634481873906,-0.6934400664826189,-0.7193545162310993,-0.6991492968636327,0.5746065103636866,-0.9136802439015542,-0.44833880913298324,-0.05081060774984409,0.3961836282753654,-0.3233973506517231,0.31821110878814735,-0.08388521102698995,-1.2463621938584115
7211,1.0236868575053517,0.9587612482764657,1.016929928430159,0.7726873535056005,-0.5969999088453434,1.0301910990669174,1.0195448062772274,1.0632051779186378,0.11864461921088311,1.023910903445385,0.9729968678472731,-0.15421207062872766,-0.0023822731777159464,0.2776593517081152,0.4966181644954589,0.2004235488777954,0.7772803618379538
5406,-0.25506131130372905,-0.33806171507338,-0.26760069420966953,-0.5258768915086441,-0.7571367205146472,-0.42727256881127673,-0.3639383083821187,-0.2256643022359486,0.20102546747023795,-0.6446978676641791,-0.17369605303222688,0.557188810847288,1.4037822888217895,-0.6564463017116249,-0.05502738226216183,-0.4322547968594631,0.6888868489311968
4042,-0.4580306018461345,-0.5072165199563833,-0.5519544592102616,-0.537631356164336,0.23254538184091875,-0.5328679991129013,-0.5595252046333008,-0.5436318583358405,0.29494924103358827,-0.6727083406209327,-0.3668945828398271,-0.23670035959817856,0.32057675789920764,-0.5568815337681137,0.6349381377540105,0.6747000131650679,0.7734186904764152
4043,0.3904390903812588,0.3570440195166161,0.37604551953744236,0.0904387725218895,-0.5995927878318417,0.37397844363783395,0.34993052627997984,0.5333321283815676,-0.35132759682629516,0.350814316599179,0.37622731444249563,0.6673339263495005,1.1412734885620732,-0.42155826405676866,0.27712799410780536,-0.1287949206764766,0.7941098841834389
2432,0.04860966066630699,0.020127639882365177,0.0640241528770175,-0.011918209646839054,-0.3196976691154512,0.12898799836466449,0.06171325524939784,0.06867867145436318,0.1882298741728709,-0.1747841578045411,0.4022918006820826,-0.051415886774783016,0.14734937295659706,-0.08696142878997257,0.6054675880307567,0.37670146794947973,0.6939450004745756
4902,-0.6787539231965313,-0.7905819006583992,-0.7765705782792722,-0.01689422084486318,-0.335904882012164,-0.4907128183154,-0.5535707267264988,-0.43856126691364183,-1.166771656196147,-0.4345025679059755,-0.5231207831124841,0.9042661620394064,0.6679188117664686,-0.8978529004625729,-0.8557882006441182,-0.9368451380677429,-1.4180035082656006
8309,-0.7218218144525927,-0.8145368736532872,-0.741106416189422,-0.7079914849533451,-0.6612986538708857,-0.9192113334163704,-0.8164371636392276,-0.7043575561647852,-0.05315658788505664,-1.2609635233372132,-0.41939507405017273,0.3861299739654224,1.1665033147620105,-0.6570510833501831,0.1992247312633707,-0.09450529981577754,0.6929616982050606
7012,-0.25856656025092806,-0.2429441451412591,-0.27751581053167695,-0.28543912339886524,-0.6622746088877759,-0.24609634488586993,-0.2834545438397619,-0.26744654249362104,0.19121195364994925,-0.3742707198868411,-0.09025949468763479,0.10523378989654072,0.37731903044415216,-0.29707273807370727,-0.19110121270824718,-0.6440174130655653,0.7793313447295422
5201,-0.19019817984233323,-0.2090595638646082,-0.12078317219901344,-0.40318791589620717,-0.3138651997299219,-0.3234936962048904,-0.29873287213845795,-0.2836066399171416,0.38978486094758674,-0.45373913130555044,-0.170273255647008,-0.05175196445205062,0.5827662054494295,-0.06648146429808718,0.8163691451692073,0.3913649463115824,0.6807306117443594
8725,-0.7032764695159566,-0.6567988696554474,-0.5796133304978028,-0.4964771759309175,0.023550616297256615,-0.5059910032992038,-0.5404976144688747,-0.4954453115204699,-0.11421674662989455,-0.8360873193921662,-0.015063417829683482,0.22173557565954216,0.40396807981649174,-0.6496770976670277,0.09033677826332381,0.0272322774790883,0.7026819032311388
6724,-0.19945245068367684,-0.2502064884355342,-0.3397989876596556,-0.33316110988694675,0.2399271097385113,-0.29793249564281354,-0.3525113975340219,-0.40607234938102515,0.286204324368366,-0.4161653414157173,-0.13103091665032146,-0.48447278858178877,-0.34530048692006343,0.23788529484710497,0.8155954816397264,0.7862921141410033,0.726006878089599
8053,0.13004343366281418,0.02709005555058443,0.1100051275576399,-0.2380920579242298,-0.16609803645841784,-0.16046683950461743,-0.11279471397732839,-0.0773394795345253,0.5959862367930651,-0.44641620876187127,0.1260689697200328,-0.08662412535727085,0.6668318338643086,0.12635056513533607,0.6834521397483777,0.08395620126298364,0.7547715655333026
2768,0.7461411550380808,0.6581693951284127,0.7394986222532238,0.4471260180871683,-0.4662430994450001,0.5775254837874838,0.691499877508151,0.7752561077585048,-0.07821267387563816,0.4091903478034252,0.7152317059898627,0.15712211951945568,0.5237350063606602,-0.11994331074281545,0.7043652492179676,0.2791530524077135,0.6199148250593705
9007,-1.0730410989056094,-0.9609581744837681,-1.0132403716839777,-0.3707258666884079,-0.6029359992941469,-0.5840516480153557,-0.6677711235448128,-0.44146546721056407,-1.795614245789194,-0.2981371160528068,-0.8722164685840622,1.3688267478328482,1.055688050982439,-1.226186185353078,-1.4031345832471043,-1.2333254232582638,-1.5704944513416652
4523,1.0762811697251216,1.0274153724890804,0.8229389323781426,-0.09906770132734924,3.458688104536887,0.0935453933348998,0.3932831043298493,0.15987694702099645,2.28917478605361,1.14085608767176,-1.125075999437962,-2.7981216905031423,-0.45319275482233573,1.1292199893870718,1.0933471008728832,1.2714412697218198,0.6070004444094197
8331,-0.635834245972566,-0.700491992507693,-0.6606177703349462,-0.2702330407631175,-0.4702173516816392,-0.5515373944666941,-0.5644798882228848,-0.42373364620487336,-0.6122079155720251,-0.6779390649743747,-0.41278228308824455,1.0755916378548651,1.560277309245453,-1.195134154648828,-0.663475686969052,-0.8566661074626516,-1.2101804132593785
3099,0.7882471158105349,0.7092909842197896,0.7309749978608131,1.811407710684248,-0.925370202291141,1.085008318158818,1.0390619731925015,1.189164593666225,-0.358386569635661,0.7774221263834226,1.2617766959859207,0.30440977090814925,0.2654402650021069,-0.28003046802127673,-0.6009975839985657,-0.3113928530668071,-1.4320284036631605
7201,-0.5924599695048667,-0.6519361779453982,-0.7378219161867934,-0.21125788365251943,0.47372460859171994,-0.40887359176535937,-0.49656215281761396,-0.3455870067055625,-1.2558302395732908,-0.15543571527614208,-0.6100325276757758,1.4994220350672027,1.2964352047282728,-0.8792528942023715,-0.6221453852904894,-0.7898430212025629,-1.2526528924167706
9984,-0.2760304541722917,-0.2743589392910976,-0.19406146830892998,-0.7596129372330179,-0.0011114933642977017,-0.861553893270121,-0.7270403423388095,-0.9407782952833736,1.4853997591602757,-0.6108812418093934,-1.0666385074283933,-0.9408546243648864,-0.12448975838854077,1.3945829556005565,1.4767982555857009,0.9995046244146195,0.61025917706791
7003,-0.7978676565398835,-0.7569498143200372,-0.7875234485119543,-0.9199036616684114,0.38837427109616224,-0.929868720706755,-0.9809783645712523,-1.0905156543152865,0.39019504492123763,-1.1088733615799693,-0.6725093249180654,-0.16342043531787984,-0.0041896605336382295,-0.01738083804461991,0.5290622629319531,0.11673873838872209,0.5120628217579037
4324,0.03036840950072418,-0.004542292736992837,-0.12115676233946461,0.7168310934165163,-0.88134286394033,0.1674534796306407,0.173501837654712,0.41057604951342624,-0.7268656217534115,0.01191644718176271,0.2836211454667921,0.8892146176349246,0.7565522041674326,-1.178286279871389,-1.1343842337580168,-1.2240857462557684,-1.6145958311937274
6902,-0.5984094100119647,-0.6766566047531817,-0.6947530104585864,-0.7749302086236578,-0.294004647990857,-0.7459834704723609,-0.7271055214073863,-0.6900579581074561,0.15830077475933169,-0.7736149500939073,-0.6842185028294311,0.1323670706947928,0.5807894172393893,-0.20587786005350742,0.2701047236997687,-0.1708607102240583,0.7235604257125599
3105,-0.6167729157679197,-0.6734124521276349,-0.745872841193083,-0.8143614814133384,-0.49477587025335074,-0.7943380018190402,-0.7922872193565158,-0.7747682857961861,0.27080523428646397,-0.8562229219970838,-0.7093592457400046,0.0529510718790415,0.7003590963929869,-0.440347660770872,0.8878680096112858,0.5605884141848574,0.6734710410166527
9602,-1.0435287321360063,-1.029856392977557,-0.9611232237343522,-0.30867654070790035,-0.44639181335237466,-0.29184398721568217,-0.4034058246537704,0.018860154722670316,-2.604980814714478,0.2576884567179908,-0.807038890083651,2.190570587354723,1.531848470107221,-1.1916168273222278,-1.737905344585207,-1.7951303791115822,-1.5274378185511828
8252,-0.6973843209184489,-0.6612800927243317,-0.642448254723462,-0.0440689628711874,-0.461419228241698,-0.3735800362872762,-0.37022269870090424,-0.16155353473695006,-1.7877412330217735,-0.18118195631839626,-0.5813618764219555,1.5826483165570249,1.2300827285950056,-1.390059585653165,-1.6703908561706913,-1.5530069711178813,-1.537474059963677
6479,-0.6874989391648508,-0.7726565131305309,-0.7955112894586046,-0.8067627961194285,-0.12519645689900316,-0.8022858645195381,-0.8175452293643277,-0.7879472224694997,0.19381515708642802,-0.9880565100506102,-0.6044148166956184,0.07870319718968931,0.6282505539529664,-0.4183024681650146,0.3144162150188309,-0.07012758932757458,0.5973001066897897
4911,0.9597784597667964,1.068780444943685,1.0349938465502329,0.9067122644554954,-0.4756083206682904,1.1412137822919715,1.1794381670503498,1.3050833827211767,-0.6063773693364334,1.1007072509387226,1.1306826420719027,0.99139537713905,1.055379331499409,-0.44812973347964996,-0.9048813633629418,-1.2571073565689361,0.8115499875079774
7203,0.17588386874426343,0.22310719857728467,0.1756617723194093,0.9136913387689698,-0.3452499816477186,0.25596295191699775,0.27750089129843336,0.3654308416718632,0.4576621911338761,-0.1653330276440068,0.6668628721046662,0.22831238802783896,0.7792040765527194,-0.3397479754730725,-0.25308036655952354,-0.4549558789481598,-1.5419879690922613
7202,-1.7703679885213737,-1.794696918699565,-1.7279942571061357,-1.6759181223730988,-0.427290921453317,-1.7989563572683243,-1.7139607261361836,-1.5546473714095987,-0.42296127217170937,-1.768500945897206,-1.6683451861085334,0.759966068602844,0.9935766133524866,-0.7854242477140136,-0.799499467656361,-1.1254681251938137,0.6102581067530534
5401,-0.8940903345963743,-0.9167727200581375,-0.8840073233485506,-0.9043707575033257,-1.2500804182287322,-0.914581402011625,-0.8797446606274699,-0.8033267455883869,-0.29433475885590393,-0.9809996031305857,-0.8040635365807591,0.38364279085786984,0.7053062704150983,-0.7756042581534957,-0.20038293188330752,-0.3830335071572262,0.775345989295125
9005,-0.42880073574175265,-0.4444259504554087,-0.4167935494522825,0.0994918473713044,-0.2750314979154979,-0.01065014783981373,-0.01874657909276272,0.38112172150306056,-1.5114189193976175,0.19080277767800072,-0.25712491798195564,1.6035108149247563,1.4545509047704506,-1.43240407629826,-1.3976501359364522,-1.4306118220557116,-1.4533635239214242
8253,-0.6147374492692046,-0.6464459016906784,-0.6430130751371297,-0.7355680436314437,-0.5493477395139448,-0.5822276312383415,-0.6296171828283925,-0.572172802263299,-0.6196854503260509,-0.589407205507637,-0.5360215512326659,0.48218690745978154,0.5457746819331264,-0.5853515729804375,-0.17454916584541694,-0.3620354171327051,0.6780173714226942
6703,-1.5020142069349505,-1.593588383738244,-1.5253438824987453,-1.6926616486438488,-0.5126248288908821,-1.7299618424996261,-1.688166769172488,-1.7403462395670084,0.5787542119170298,-1.7551077096369059,-1.5415926419196913,-0.3755473627592485,0.037174665104045684,-0.010191479333576711,0.34858579897527603,0.36512663158255343,0.5573782908148892
7186,-0.47228752154218484,-0.491162028811254,-0.4397895839446187,-0.6248745171108001,-0.10160109036671514,-0.5445002271627718,-0.4954369533491465,-0.32905613444574616,-0.06245795905025238,-0.684060280438122,-0.3839794582358464,0.9635386874736023,1.8796968929839266,-0.6152211864771007,-0.20730722308120064,-0.6022076454158711,0.7139910849192671
5020,0.9760425173964157,0.9177728312246296,0.8742674353455256,0.43982675617847006,0.7271233230470925,0.7644091588463398,0.7630596334164367,0.5865043528169288,0.3664116497695005,0.5365205643099981,0.9588198593946123,-1.09911020244293,-1.113518749590204,1.0164359812954762,1.3687822867693855,1.107118181069447,0.7737392063314383
6501,-0.6146016430897557,-0.6190128504449188,-0.6228200342438652,-0.6131395420767656,0.14727151851982906,-0.6252999168159837,-0.6190298347596436,-0.6087828818285799,-0.17080667371799474,-0.6260869366247257,-0.5088241970254851,0.24634736237013735,0.3247016658805887,-0.24404256629780458,0.7894469363653659,0.0940522934312783,0.2719605449558392
5801,-0.5168260735817585,-0.538831139817189,-0.5358312615690211,-0.5971750718612588,-0.6246606058850793,-0.547748647908508,-0.5866766436805863,-0.5635694899460915,0.11850782943664753,-0.612477742646677,-0.47032494207133574,0.09565651871470203,0.39156698860578076,-0.5103737495190613,-0.11227306968257093,-0.4199748676846921,0.5292233025500088
8316,-0.8265265470768925,-0.8144422532939376,-0.7700848125839255,-0.8291911012054722,-1.1492459546474727,-0.8993114985914045,-0.8539274144179305,-0.7906223444500681,0.025111013939958158,-1.1198098925026674,-0.6247900689274869,0.34258189872538075,0.9958433893896205,-0.5294843759222564,0.17108254433088077,-0.3814337624834221,0.7002946857774324
9008,-0.44070977657516563,-0.4204511973544425,-0.44984573551287277,0.1507918894864486,-0.507203167047228,-0.20204771010919137,-0.19690563594441327,-0.12527331677433654,-1.9030278550244233,-0.15678408824590018,-0.246099121026235,1.1524458432958888,0.6491314592973508,-1.0163163437532705,-1.3142551613406943,-0.9778373723908327,-1.727760038363638
1332,-1.0815278696279647,-1.1430422196357497,-1.2498114959842757,-0.6760976241655514,0.0665308695087871,-0.9898385169765462,-1.0471176053615714,-1.0058154464370277,-1.1660642186330419,-0.9925439155555253,-0.952105219700614,0.6043389027155885,0.33699145293384125,-1.3438940303028628,-1.4142960578890444,-1.0959073679771758,-1.615131832079522
9020,-0.3919451073656901,-0.4485680773599363,-0.43894442810937334,0.3184810702284866,-0.0629385683714303,0.12005477101288917,-0.010892268977666278,0.23675592657074493,-1.375544212345363,0.2612062021068099,-0.030744048018481816,1.2642218225905535,0.997208527998752,-1.1785766126417834,-1.4002705419783035,-1.3800952200638397,-1.2962214918360508
4061,-0.7225228272786706,-0.8522681500239122,-0.8717037353513916,-0.2144784589900637,-0.5613102202000266,-0.8481614756231265,-0.8379383196303706,-0.7115475228796919,-0.44181075412593807,-1.0778502077942744,-0.5648275183768254,0.5373251004861459,0.971335694261442,-0.7056959925065242,-0.10595011101902184,-0.35359333163405215,-1.2680021840304556
9021,0.2064949554174411,0.06518341019370703,-0.005559798335685798,0.965680976175754,0.4024916869774915,0.7495395566410479,0.5440251901192368,0.6771719039186959,-1.724449686716159,0.7909316188398943,0.6231140385343459,0.7848972337595387,0.1490107372333272,-0.8948436086468166,-1.1317328276300342,-0.8579061361609622,-1.337273565333581
9009,-0.20486072008246664,-0.18697302285298206,-0.05475677244014836,0.6453333941887398,0.5307216429308685,0.33012146523031133,0.28078227762647745,0.562378737743358,-1.5490700661011514,0.5757140298711246,0.08004920752492505,1.3084848940440805,0.911680441439234,-1.1747785996082092,-1.537022846241381,-1.3818482276974116,-1.4437804712713223
1333,0.5974646617948117,0.48688466531516195,0.5146470141497821,1.2005350273955926,1.0254930896837384,1.0964641296572568,0.9895046844344961,1.1299673018466205,-2.436814741160417,1.4458155883425208,0.6624917799387496,1.493571545699537,0.1509477128615062,-0.8607934701668493,-1.8987997237165897,-1.825034590835302,-1.5780725412243508
8303,-0.28689597194030486,-0.26954849504650313,-0.2618123810055461,-0.32525865091828454,-0.3902900146050658,-0.2964607862234114,-0.3154507941309874,-0.3101704938027289,0.011561721181442003,-0.6190017351980874,0.07741152466661246,0.02033903118154011,0.28933553698822806,-0.021795450779715127,0.12820941758573112,-0.21361272201352907,0.7618614703463874
6702,-0.5947548480905048,-0.5962418132484129,-0.594034553106602,-0.5735295435688909,0.0377878741223545,-0.6024480271924962,-0.5939820133905999,-0.5883168309879953,-0.16142560219730293,-0.5962976939958713,-0.508605749142651,0.23539384928484552,0.28796349682204975,0.5989206181332762,1.2293213688970774,1.095147803385186,-0.16625117118750865
3861,-1.1008572854124556,-1.0869005997469234,-1.0335806451244098,0.005855936291103822,-0.5383548568050853,-0.9919579848302847,-1.0737650707922801,-1.0409102115656765,-0.8751848292383116,-1.1900135436834414,-0.692167283760073,0.5306128963052635,0.7144036086903905,-0.7909096497811301,-0.4443595066665658,-0.304460910407341,-1.5712995714824103
3863,-1.9724789636229287,-2.1372772949067844,-2.0749900237168832,-2.1270028134289043,-0.9396706672064485,-2.266340689358137,-2.242294104119841,-2.1506260416589993,-0.39895777082711364,-2.4619918756191046,-1.9081811428275284,0.5638306812544261,1.2250617218600317,-0.7347226477039225,0.40439001850071743,-0.04068243989165718,0.5454711711511532
1721,-0.789502295513453,-0.915273908950133,-0.9275022176465556,-0.8768714348983971,-0.7297982622984335,-0.7280000605929275,-0.7570283885052009,-0.6276975639762387,-1.031758708766332,-0.5965781290216196,-0.7712754790942926,0.8385500937877168,0.794877930231299,-0.5234971796987259,-0.6605700662218235,-0.7140689308822643,0.6597221982225051
9433,1.2305176061461591,1.2779686272730404,1.3274725602723372,0.8526546060698498,-0.8139738959215105,1.0433482400824075,1.1771938491895728,1.122878030203872,0.2765194442933238,1.1141665148244044,0.8693544633286097,-0.709111513848086,-0.3595392829200959,0.8301948505953822,1.0488958659007157,1.1910582712424593,0.6636928013021209
2002,-0.7682284645586744,-0.8848610679836265,-0.8535328810412939,0.026192237220772522,-0.3074991675124144,-0.18430887123968984,-0.26115931537825465,0.1352363123396724,-1.9710968992482252,0.21274160441175283,-0.6289255816131559,1.7028746381000341,1.2792640551895464,-1.3221946327779053,-1.3909644299206196,-1.2865936956895654,-1.4873209921832296
5802,-0.22417552145716085,-0.3454286408907855,-0.3662961885876169,-0.44757112906348,-0.8378821183838736,-0.4903281084824097,-0.4860292826903219,-0.502508184653217,0.39801341346531943,-0.7336204435267728,-0.16636904084141596,-0.15915689459493187,0.2760898044391068,-0.06672496623305196,0.7468997238126787,0.2930189137052935,0.7396135457941723
5631,-0.3941981156559759,-0.44343968943964357,-0.4590411478084367,-0.12528583514015604,-0.7849180543192628,-0.3777901209948471,-0.40541070679460006,-0.3334506576031641,0.0010646723324839254,-0.5963514125923657,-0.1430306440700707,0.5385907791348694,1.0694426370307624,-0.7303961576670818,-0.5502694927667893,-0.8130532423363516,-1.1849167690137568
4507,-0.8595576929090003,-0.9183479510613102,-0.9253026391533207,-0.9460174904244477,-0.3911969936719568,-0.903837353507838,-0.9080245774832784,-0.8724804934799938,-0.6740538420071561,-0.9035210676647906,-0.8757616096447696,0.462549907908991,0.6781578608920912,-0.654662206644942,-0.3988013678924962,-0.5432324177613732,0.50935718543429
4063,-0.3324231141385651,-0.29425265599477823,-0.3004621444134411,-0.6411591965916995,-0.7663449616341377,-0.6009112038409132,-0.5335651115306027,-0.538636716048749,0.6983103611792366,-0.716170269595095,-0.45727696744584956,-0.42642559985694906,0.6818092939110814,0.2206371726465263,1.4605461052185542,1.3947883995180672,0.6662320194587636
6674,-0.6621575478996791,-0.664908551656605,-0.6611513403650834,-0.640321268252851,0.04436930249857052,-0.6606117301011982,-0.6559502737006966,-0.6449014687165016,-0.20705938991657222,-0.6616003333373415,-0.5475623308976681,0.2875565767436565,0.3475090092600045,-0.915815613454552,0.011804306870759059,-0.13584897191915563,0.13989692196870612
4704,-0.5133576100010513,-0.6548300015824157,-0.80962388953746,0.46707949425623674,0.5247812426880503,-0.4869167315295372,-0.4990267667118574,-0.45839626622903445,-0.34270039197459495,-0.9929788093573042,0.028089233635712262,0.3046572403912765,0.4069405038829624,-0.3267074931516408,-0.4946836039423972,-0.4567610658485714,-1.6916684732963139
6113,-0.8855787463636325,-0.9444962271373242,-0.982549251806983,-0.9549763469903768,0.057335891483387504,-1.0391720703785856,-1.0172146986482544,-0.9648552088085531,0.14521029810140176,-1.2235518463789636,-0.7954170808621068,0.07682862902940038,0.544773475403559,-0.8517329293462322,0.15764305895945957,-0.036201716283522596,0.6058585502971429
9022,-0.070378827718469,-0.06945645262815998,0.07072491793656409,0.6599342527702501,-0.7448842425974591,0.41923719192115083,0.4841263798471617,0.8114413997616433,-1.8612577826798231,0.5892233985739894,0.20627829031572198,1.9918161746618543,1.6201131702088158,-1.4308583551247138,-1.63652096156432,-1.6028984448706445,-1.4878561076414951
4506,0.04665006262068921,0.10120241124954385,0.09991477597450558,0.3941245869538197,-0.37261650255185214,0.1308626294793877,0.17798920461202947,0.2323155167712116,-0.6275487383253635,-0.04318324519131225,0.35188786055820315,0.41358309956532874,0.3902576212074894,-0.0719574651185617,-0.6633209073991383,-0.5637007315849574,-1.7041040324029797
6305,-0.3969678421772006,-0.46534667082292275,-0.5056546034754128,-0.5215836747684497,0.5021122947372804,-0.47478805331925733,-0.4900598406514561,-0.43736594902962794,0.018582829480776095,-0.638789413645569,-0.27622160210491903,0.32518497124902196,0.81382426602851,-0.6057073926470817,-0.10688858371495728,-0.050140552115212386,0.6598567627387373
5803,-0.02789964453612764,-0.06672077212415668,-0.07456755382235644,-0.12510157629033275,-0.791114879634599,-0.02374674867746761,-0.09486860203200968,-0.07487661317048466,0.12239147119583248,-0.10440151509389184,0.07448995624815069,0.11756338203820425,0.3316719771923404,-0.27446542209738095,0.10055378578993576,-0.3548250506479335,0.7430820069617174
6503,-0.5986342682550169,-0.6471937610996813,-0.7322038508500542,-0.8000439317247977,0.46460785739012983,-0.791630905575321,-0.7906650094079671,-0.7674901053258495,0.6858801830115139,-0.8250382672487865,-0.7320526596720521,-0.14651656040422342,0.5807445020741753,-0.01111798153454034,1.1368904592843943,0.2991132977067637,0.6634273734004983
6701,-0.926239745087681,-0.9601124010854583,-1.045510841846302,-0.32367812221917575,-0.5357454977901802,-0.858658600957601,-0.8544562202742259,-0.767896447188445,-0.6183962801485453,-0.9597343644884337,-0.6447041356035192,0.9589424643300141,1.080304227125903,-1.034695298816519,-1.3581593702265404,-1.4429365475653635,-1.6307119846315892
9432,0.03029980066317576,0.12058156942628892,0.16684383179233733,-0.03613484712551028,-1.0268559986755317,0.035720617012768366,0.11178862985590134,0.22271662936610093,-0.503771743221216,-0.21504426450280725,0.20790624596200946,0.3378895734399009,0.7994569455183388,-0.1365167244816514,-0.1921593884866384,-0.45536176794371347,0.6907490822041866
6098,0.08989360566445033,0.1375925222827697,-0.05498128362818598,0.6625920592186758,0.6298072635863532,0.19252483337521759,0.22509302987652707,0.2777084501095703,-0.5478166052418403,-0.009596592493873615,0.40082122887026606,0.4398560482768378,0.34210628796672665,-0.5366737209235412,-0.6762999550147593,-0.6918119576765054,-1.5787656160171124
6301,-0.5920665557998427,-0.6603021294874766,-0.6242573730749436,-0.24040620672199192,0.3334805680385146,-0.5778395065082114,-0.6026485909789215,-0.5721324662226375,0.40837162531156823,-0.8550140287533994,-0.29818944038154305,0.026911980608564822,0.5340514735366627,-0.7612310399073712,0.6940889024872576,1.0669718335931357,-1.212518013352847
6473,-0.24733122332085886,-0.34450795414915125,-0.5737447057584689,-0.5543390441152061,1.7248634965834917,-0.5741303744776789,-0.5584263862881976,-0.5339147421142149,-0.09506253458522249,-0.6469943431248579,-0.4608106843063672,-0.015740427237607595,0.44566325318704564,-0.47021444574913995,0.47498915404457864,0.3703101265264563,0.7779410285282176
4502,-0.4121571117277711,-0.4569641681359511,-0.4944391211536744,-0.5008846253504716,-0.10795590757536311,-0.4411990855410405,-0.5133197846821101,-0.6280478814824089,1.2541727088059513,-0.5820481320959352,-0.2863281462370891,-1.4484721957687845,-1.6708384037592132,0.873760404883797,1.6195871897067058,1.749633783511114,0.7584518926232082
7751,-0.4536559801487984,-0.467103701267111,-0.4559621985334799,-0.5369848452149624,0.08017268200028035,-0.42815143575577436,-0.4415176098880106,-0.36729461111655004,-0.23979922064945333,-0.4101821020528356,-0.42936297535505297,0.9352197815233079,1.3512730968252062,-0.7841220057307688,-0.4016905121289097,-0.7332572859923333,0.6773524506175279
8304,0.14693418094644356,0.09308699236655574,0.13462506404616462,0.10593168388713023,-0.9071699798364457,0.15101561080306405,0.1570142956628827,0.2474395145433661,-0.16942110847722586,-0.09434674451550736,0.3530588277634553,0.6221949367416658,1.149561202244591,-0.8130527974732505,-0.6102452809400225,-0.804968995630473,0.835537187783626
6103,-0.5355055183671042,-0.6673763777736169,-0.772689544592704,-0.8217767872119333,0.7420266808372188,-0.8595155221837631,-0.8089590380937544,-0.774655040551588,0.5823442144497193,-0.9713053393492843,-0.6896673989580917,-0.07714030758262357,0.6694586169782092,-0.06406952985406449,1.0488347670739462,0.47376219789623936,0.6391568833200171
6857,-0.13941313703897432,-0.09323462238118126,-0.14830742754504525,-0.4924487713255323,-0.8218626048112969,-0.4103619173020536,-0.28552900663628195,-0.1915198672899542,0.5415152557031923,-0.6058277345341279,-0.11364989194618917,-0.001177640413422061,0.7767658806736092,-0.08499730560853326,1.1640503005143001,0.7334890458412242,0.6207704621730484
6472,0.07579153304749282,-0.0028874478011414752,-0.0595234748627302,-0.15831830926712953,-0.4047700066946262,-0.026153898627201053,-0.0896934613890739,-0.11936591999250376,0.5675297541435596,-0.17914942046727497,0.1401942465650353,-0.37033385844486033,-0.045341075490859604,-0.025653997974265843,0.7888635912810621,0.6067295014867161,0.7606385703174027
4503,0.47315261619745014,0.4474369344110422,0.4663666173502364,0.22119055515073702,-0.04243970259082734,0.1511181556964894,0.3090694026278184,0.2995384992729581,0.24864329716952338,0.09012479889320224,0.20627456514299605,-0.14613536266301705,0.4272593663404663,0.3273587670973224,0.5390257735380346,0.14398802787777537,0.6827274361850059
6506,-0.1509077990274144,-0.11362746968870006,-0.12749500126991536,-0.41056960433193485,0.5088350472751432,-0.2911750701404014,-0.27712537480575294,-0.2607829441300351,0.8386185564311468,-0.2907175259516923,-0.28418688839109824,-0.22955158816250548,0.8919550397391279,0.2540239612631206,1.3350725370896608,0.46793038254270164,0.6579218069737987
8729,-0.5415104136320364,-0.5528545883743781,-0.5215657362923368,-0.6143815665675477,0.3007714174541456,-0.5392540842729885,-0.5274998771562737,-0.45952702985679045,-1.0064334413948723,-0.5661153004977737,-0.4788325081791832,0.6015569047633925,0.5365760380176159,-0.3457209847746417,-0.7752459908245104,-1.1185341818815422,0.6140416498318881
9437,0.3371725910552484,0.29078072172594316,0.35571556794260284,0.10512559950115714,-0.7148342019782123,0.2223358374763881,0.3059495745066727,0.33746051805529476,-0.5243839468016402,0.05909617893818869,0.34212326429773754,-0.006357804867297583,0.13416199846978047,-0.12101191852022757,0.10470975003568446,0.03295036381703469,0.612016883253538
1928,0.45571220083067004,0.37349762362218286,0.3919430006531519,0.40329610989896897,-0.35596047575880274,0.5315958156326946,0.4080831799674612,0.41711455265252667,-0.32381294224965895,0.4126472200721193,0.6266801237709037,-0.016545092797132108,-0.19716070939526834,-0.2868258036355261,-0.3700199936394688,-0.5821848783104727,0.7532388605231836
5233,-0.585816453114071,-0.6045478366781806,-0.5914355899582593,-0.5989105184259811,-0.11759898487735655,-0.5122021750276132,-0.5056207521660423,-0.33806963192783224,-0.6355115433142737,-0.6061437473138843,-0.3837520492313273,1.0036685891760466,1.3766090802658737,-1.106931045535762,-0.722028241856427,-1.0596703719107763,0.6988943761529451
5541,-0.0948313285137191,-0.06439054197260943,-0.13313457897297595,0.5496425871705579,0.8746416422313806,0.7079807370022986,0.5147425811709703,0.8865190514638951,-1.3816299748132803,1.2479913396762463,0.04064675772534227,1.4004547261594569,0.45177735687803505,-1.3235709609341115,-1.3658993889807967,-1.3639724906441562,-1.3686111746897829
6504,-0.5817431029019423,-0.5834292763066021,-0.582298375700781,-0.5725490556842094,0.16884312279268182,-0.5901526545936089,-0.5844112218643049,-0.5787010050470129,-0.2063438695304358,-0.5855084290727471,-0.47385565017559045,0.21994346273046028,0.25796147048258183,-0.13223987254826794,0.2029861118251356,-0.2908562725483985,0.21217538133784247
8267,-0.16561786976516152,-0.20382350468612626,-0.19610680321828114,0.3130440720877421,-0.03514601565265341,-0.006252885441242138,0.020822189548022875,0.14549949125639067,-2.0019850723723085,0.11904565144019388,-0.1460923580451778,1.456684215729061,1.2415204613405055,-1.2910330935019305,-1.8330581252762548,-1.7551868602562022,-1.7932000982355456
6302,-0.5323189016593727,-0.5525219737721901,-0.5444929635173548,-0.5157084512275196,-0.05255343373046234,-0.5825478081928087,-0.5967539955081921,-0.6085692775167558,0.3883620860495844,-0.8141901542122142,-0.29292059343043325,-0.3375070550949508,-0.025484457301419104,-0.09391155653600558,0.8013899471665855,0.9180617331704584,0.6404538527301459
7752,-1.5839719998865722,-1.6511605343669593,-1.5092357004799573,-1.396684804743169,-0.43166199587956966,-1.5353845607460126,-1.589128349617213,-1.6699132369360685,-0.2603913190579396,-1.5652800636411175,-1.2584966663313781,0.09237456449038856,0.012495246513832338,-0.4783611310375422,-0.0661365341295016,0.06830595415612592,0.4823571088081978
6841,-1.3428951488490581,-1.4642949509885108,-1.4630951313575304,-1.3666904938822309,-0.44307264314325906,-1.524083800368071,-1.5618065042049982,-1.6679016810912588,-0.09680287172103474,-1.6177422934971317,-1.1880863692788572,-0.004694897346657175,0.38057692075036037,-0.37169456064093026,0.7605316493258969,0.4335009041639503,0.5669169979890936
3086,-0.6564535489458267,-0.7049987648820271,-0.6463948585736508,-0.48370094366337885,-0.4330511651765035,-0.5399837363443999,-0.576089966567269,-0.45868785174972493,-1.0423128012754472,-0.5546289097180118,-0.4936312644549199,1.1284064143433332,1.1603204887657403,-0.8790842825942415,-1.3102494723816447,-1.4101834637259574,-1.212125288392643
8306,-0.9914715314254747,-0.9709075342996323,-0.9749084310364012,-1.0600071370248956,-0.6001162699369827,-1.1218026717477563,-1.0641643359240531,-1.0464105254324338,0.4502540533707096,-1.2594965008171883,-0.9412162190998369,-0.12523352245516578,0.5114535099079819,-0.17528778378864943,0.9827270190001823,0.4051830257867531,0.6579964850908963
4272,-1.3397546014939654,-1.3741282939967792,-1.3365126539395222,-1.3344467613196744,0.02263608768197009,-1.3195083461113453,-1.2866911307833089,-1.218393078270835,-0.7290341532292169,-1.0918975483766549,-1.4839232290563333,0.29502145791727796,0.08450637928741869,-0.25415199278203915,-0.5543054268759743,-0.7521695146789669,0.589625680957666
6471,-0.7240901220114945,-0.76918926462476,-0.826714066355224,-0.48156877831151745,1.4022585292288838,-0.8177177602427783,-0.8120373206636059,-0.7994565045347941,0.38132628420729214,-0.8818857249195394,-0.7269798299296918,-0.22500397361929908,0.2768743494788015,-0.4000142124525192,0.5950636928545988,0.4520092173492804,-1.086904201625008
5232,-0.5790696445155065,-0.5765425610251264,-0.5771487862271467,-0.5594746426281196,2.2371650031048853,-0.5854011266057905,-0.5765252637994244,-0.5664524398198967,-0.1799645857319351,-0.5958856525912838,-0.4871919839662968,0.2789658354403305,0.33892706551411483,0.6198604069548237,0.7887571500667336,-0.09580190932264447,-0.05057517326665076
8058,0.059560052281194834,0.030854851090770567,0.08347190487199771,-0.30630664895933307,-0.5568149078733767,-0.21728525660960135,-0.13838228662846688,-0.17777744185210956,0.43165310300244053,-0.2775039957379124,-0.1195506848881242,-0.26777387577986644,0.2869070370163416,0.45231875256633214,1.247441562012021,0.7347433719751919,0.7120695638654602
4689,-0.17093328605833488,-0.22963822556965055,-0.5053118461498168,-0.7681946866169522,2.390241297640438,-0.6816795112983481,-0.6607360834484085,-0.7107745814494393,0.904209013174413,-0.5644865151887328,-0.7827766801760595,-0.8000757134812305,0.1014308138178487,0.6019207218525966,1.08859209965771,0.5070819926957084,0.7077541489284813
4188,-0.6043153831511723,-0.6743377821748734,-0.6925225276743435,-0.8651554428156347,-0.27533646830047653,-0.8986548962309634,-0.8364177040747212,-0.8462695050173786,1.0131016410159728,-0.9938056054812097,-0.735385620137313,-0.43188270765509207,0.30061125855466536,0.2817441168829042,1.5373379388167203,1.1403731346366326,0.654448467238044
1812,-0.8632318354971713,-0.8540164869160166,-0.8656980878557338,-1.036599768966475,1.3647735064451803,-0.938057132269066,-0.9490701290021608,-0.9443021073434612,-0.15219995884870807,-0.8767439256883055,-0.81339305449145,0.2781906430541949,0.5158464084010485,-0.08287083602056645,1.1160613191224875,0.21635245188885255,0.418710719694064
9532,0.5781046610445499,0.47982995043850085,0.48487946546968,1.2301314018300165,-0.9136328247597755,0.7474553231551863,0.7357763900275748,0.9142733391207345,-0.4841369572082584,0.5830828168084542,0.8473540257385375,0.34399860677665767,0.5813259536020056,-0.563354776558165,0.10570871863969893,0.16782962274022445,-1.32806254196448
8604,-0.5257322337968889,-0.5548212592870433,-0.5764698673141748,-0.5963518035952239,-0.31906279787407793,-0.5995321373799163,-0.6033411528755239,-0.581854934633258,0.30207807914121865,-0.7434947937354631,-0.4357041919681231,-0.02914127686538479,0.5763931350382269,-0.43764654598158365,0.7853235837730257,0.131132809278318,0.6365259478316045
7735,-0.11795813850290165,-0.13798116624101978,-0.12234492456287037,-0.23527406185887392,-1.1170412863790533,-0.13890493451406244,-0.1366409564592847,-0.057336100196095356,-0.21294542318952223,-0.15477268061102795,-0.11984463071198324,0.6119882494574064,1.3928189373017974,-0.528071677339521,0.06960027722029612,-0.207117521226378,0.7839854206773404
7912,-0.47676182535351974,-0.5234619009444529,-0.5518334466847968,0.09759742600400828,-0.8123000042352885,-0.28555202474243235,-0.33029836494279796,-0.1965098309559042,-1.4870553540756293,-0.08262859960810225,-0.45849560780863663,0.9178787061102041,0.7587325636797285,-0.7947411343997018,-1.0733779633016023,-1.2389463789025117,-1.5485045673293059
3382,-1.1181063475039792,-1.1574375887827117,-0.9982895706347806,-0.5568506605196393,0.5117923610252133,-0.432639091749178,-0.5590743466544884,-0.10585714083126853,-2.205610175397999,0.17329766670958757,-1.037062310124471,2.289579739535427,1.7210326465069512,-1.4661710961571344,-1.6100747149510561,-1.7056313822850606,-1.4942304896075569
8002,-0.1635691326861046,-0.23633438319263722,-0.19571244153966774,-0.465142964209153,-0.5189955923673885,-0.4075178390302468,-0.3536269416259925,-0.3280885805867069,0.24309256058962275,-0.5448946834231668,-0.21480441650143586,0.06011646384944756,0.5387251474719226,-0.14834355225484103,0.9667168688249772,0.4244674656507493,0.6513523332990646
6952,1.0180513959178763,0.9662993212684226,0.9851661000818414,2.0234396880052063,-0.07982898683245791,1.2448291258309765,1.2576331197385275,1.11516261989145,0.14485242762274528,1.173696074393725,1.1931920021371138,-1.054753350931542,-1.4350494858093634,0.39087640354099135,0.7243372892974457,1.1896067006543611,-1.7709462899574038
8766,-0.101961818898642,-0.19165057689673293,-0.04037617639383964,0.9237869714430608,-0.6970556781961704,0.07402050153210785,0.15120752474913798,0.31234485280414126,-0.6464372933259206,-0.23302202566383903,0.38885083660354725,0.6431714477865141,0.9209868305684661,-0.7687083217435007,-0.5927890822145034,-0.6655279224450177,-1.4840420946127622
8028,0.019798000369711292,0.009476031336457183,0.06506234027114025,0.12260596627753384,-0.6663428339532564,0.1112860279206138,0.1685036392710856,0.3083828301635822,-1.7167988902443434,0.08303753854563019,0.14532148377399706,1.4705287984232052,1.405689334183327,-1.1249265901581018,-1.6537682435053658,-1.6282934631549895,0.597370015904706
5901,-0.06386624064116886,-0.1270375324555514,-0.07671438739125558,0.06012987487819228,0.5868851861973953,-0.09405028045581487,-0.09782366305956625,-0.13488259192533283,-0.051807312145266876,-0.21099072309260955,0.031157394844852606,-0.3660318260072167,-0.41475766553839305,0.493430584441959,0.7088953698369921,0.753018975694023,0.5754606687738614
6367,-0.184476466773901,-0.28430897709482145,-0.24684718232949412,-0.3605821681339085,-0.16165015778802905,-0.13685865103664746,-0.18989193212852906,-0.10751460841611708,-0.8726745080526548,-0.11550766995014222,-0.14794121186627746,0.5784431913555232,0.37024604959265806,-0.5061294096059674,-0.6775130511618187,-0.9116698174408181,0.6687048791204114
5108,-1.0736153247859233,-1.1463575194820683,-1.1786588934901783,-1.1052392547920935,0.8593260916757112,-0.9900398928649146,-0.9851990711888952,-0.8041339511965669,-1.1535501143619866,-0.7857706437337608,-1.1729332433722448,1.337839372472715,1.3860059364646875,-1.2734052686324693,-0.6530801125873721,-0.7246520552117737,0.7410034347898823
9531,0.8306235810754145,0.7225406052968136,0.638141451480693,0.623572752049233,-0.782884057078681,0.8457849843884978,0.9041330854849976,1.1148851081085613,-0.48470444563163273,0.6343239913290071,0.9779284324812811,0.5763140126597721,0.9596339924926286,-0.674604870346226,-0.19189961607549813,-0.299667231454502,0.6481290506880332
6366,0.34577949005487896,0.32562679638892383,0.36241225655157755,0.24984560441853795,-0.478995886367197,0.3580976794547436,0.329413832460676,0.335681875334604,0.08340282245387998,0.33351894358007433,0.3686697855481669,-0.17966053843016846,-0.34740574113805195,0.23649413306257872,-0.13282259807282007,-0.39405856738883716,0.7936836708707746
8411,-0.9187469266580979,-0.8891996102144469,-0.8871688784635743,-1.0040075721383093,-0.5027026953449011,-1.1635649579062197,-1.0614403915231236,-1.0853343735846979,0.573523408366221,-1.357158748679374,-0.8737189681103757,-0.18116095067009588,0.5281440284329579,-0.07245458143828976,0.6869363703059461,0.199243935019015,0.7199569619847712
7911,-0.7994813354987542,-0.8153011929845776,-0.81868253214081,-0.7023241896887474,-0.11209691757160088,-0.7690706828882052,-0.7866475035624231,-0.7568352781182351,-0.3794602146357604,-0.7408850753205442,-0.687923412627251,0.4711510959737099,0.5603357922388192,-1.11951344864036,-0.782619733239194,-0.9368755534620252,-1.1025851156072934
6762,1.1756409996834856,1.1257861493419048,1.0597268725877225,0.6058845859270414,-0.2967884455811617,0.9140717828005224,1.0254975546442107,0.936490970183208,0.577920726255807,0.9387566866139136,0.8332047664654019,-0.8776077964486287,-0.6347236235777943,0.55457366224946,1.382294525895894,0.9563633725435534,0.7302184188987623
8015,-0.7275516478579968,-0.7793079185393776,-0.9210896891263641,-0.9577142304760871,-0.3853018380369707,-1.018393658493821,-0.9137393450288972,-0.8511598082033575,-0.03880162692665155,-1.1590201990539892,-0.7693038333149708,0.25725969401008214,0.7646159417087389,-0.38091481649596565,0.13730362941419055,-0.20705358040154595,0.6492595363079452
8001,-0.710343566241973,-0.8629497835866499,-0.9105554399721937,-0.8926086603061835,-0.36942892587498083,-0.9695552200233626,-0.9425683248243796,-0.7649697290670628,-0.30598730699748783,-1.1837719775775604,-0.5452929642703442,0.7566707849739991,1.2615633411966551,-0.8874526014733569,-0.5460451930662924,-0.8074387162265373,0.6936833726486467
8830,-0.11842004877435354,-0.1290052826615174,-0.07574980930097983,0.9192366228032697,-0.9504395758252412,0.18367904796122006,0.2801596129146536,0.5622618295532196,-0.8743005643316746,-0.1338346817026312,0.47309429243577233,0.8085262696778982,0.951066759961531,-1.0291525128153909,-0.7707802693495605,-0.7663911725138783,-1.5165074062260868
4005,-0.16781529075647833,-0.24799761506209506,-0.3760872279394324,-0.3769456191307459,0.2855480133607572,-0.3097972806879002,-0.36329313864971596,-0.37178740996783466,0.183276747674638,-0.5200653084184501,-0.046971658260308705,-0.19715015641412956,0.03535273019287971,-0.058749155284717434,0.4771419765981119,0.25291449178448355,0.6786062046481952
5333,0.22928986486595157,0.1511883658235018,0.08569012646597231,0.6335589972375998,-0.31841066679899294,0.2716172963745624,0.1947523191087883,0.2556381941280589,-0.2618865364522899,0.14068170269379685,0.39574636943881436,0.35812409935114026,0.542323167788259,-0.572744814514531,-0.22704400864955063,-0.44566711919467744,-1.4171375380368334
5332,-0.12370665738188064,-0.11016720403156685,-0.15905270452269918,-0.17053998007466223,-0.7285001544843317,-0.09718885088962133,-0.10053743052383124,-0.026897776051891437,-0.2838017032975933,-0.16728347753539152,-0.019346656638429105,0.531686531737525,1.257037935073917,-0.030064230140459405,-0.24054573826548387,-0.4370336701303265,0.7096884097306765
4004,0.2168103748838911,0.2539320431220357,0.26261445061811767,-0.028776189924087515,-0.5228207679025815,0.16389186100943812,0.16149892470772262,0.019506836413243044,0.7599534812448726,-0.1432372722235237,0.4680505885225792,-0.6568846353009399,-0.45343022378126147,0.70124787935708,1.1427177390468712,1.1785718086789523,0.722784188015027
1801,1.4895057698967433,1.530902270531807,1.5205279008494466,1.2876929534267492,-0.03985161092502738,1.3333911116384896,1.3858937390086572,1.4363513232345253,0.03663674749615049,1.2168741269142298,1.338387148858929,-0.2597102235773205,0.09894330907822481,0.6216837128669759,0.7223094759586326,0.1291127565726847,0.7958049152362543
7733,0.6131055948629104,0.5019802619258257,0.471822126188892,0.25306112414808424,-0.28292275664794575,0.31191921121744104,0.32188951202528626,0.1847689237492072,0.3185390182631851,0.27151785239064086,0.33525588394948713,-1.010350019279126,-0.7815081642619912,0.813842576940913,1.2767470413813164,1.333639866817653,0.7234823160086928
9681,-1.0406797517997206,-1.1930660135161335,-1.226615793677889,-0.6123871426242636,0.17363488356587714,-0.7609841348463563,-0.8858638338011945,-0.6588189689084798,-1.1079116660008663,-0.5544824380193534,-0.8916057069031093,1.100864770404783,0.8775531977118424,-1.3239922609079962,-1.3682160791009188,-1.3595558614714016,-1.3340901854344778
2501,-0.19679692696351522,-0.23684704958751088,-0.29895201198114735,0.042032506189713915,0.3344322015463524,-0.09940438495304482,-0.1651039521631776,-0.10568436492296797,-0.9179029672330322,-0.148331245983447,-0.047391943957550406,0.7055529444471365,0.6110691378053679,-0.9198590186022856,-0.849119448922122,-0.9517157479544849,-1.2547719810046674
6773,-0.08484004953732197,-0.10502823307603026,-0.10175959333543147,-0.13541077861636588,-0.46214308402796217,-0.03963808805048528,-0.10346364000627688,-0.10335216704905312,0.0009340091517563693,-0.06619666915298889,-0.011066781671980304,0.03559991126533556,0.10335532023891152,-0.18358775630718407,0.20596668530688345,-0.051130349726334005,0.558683671869833
6954,-0.4331817305668777,-0.4795730773455404,-0.47036547395706135,-0.5289140237681218,-0.447952734514086,-0.47929102743346214,-0.5056820540272204,-0.492241443808009,0.09450945616475948,-0.5709457006873693,-0.36857778062054947,0.052762630215373266,0.3672173317447075,-0.37625497374911715,0.16271062722934465,-0.19030402289046477,0.6656921641584865
1963,-0.7008490401449102,-0.6523763535106833,-0.6840005604613298,-0.8188077020113382,1.0810661319109107,-0.5523168517132834,-0.6604527799462986,-0.5851100728690399,-0.6280912664420746,-0.2963480351637526,-0.7996636421669614,0.6914561435763651,0.46421323014456434,-0.5532276914465489,-0.8049722894201873,-1.0748619652814766,0.6380618728961176
2503,0.37106152376332296,0.2662878645824376,0.29430780131269424,0.9183990590037238,-0.43685570939082535,0.5241835576640765,0.5611841012633477,0.772936523196124,-0.184874142014036,0.18747205369655273,0.7864252778840111,0.5809531611159008,0.7454096091198904,-0.5982911371942189,-0.962739928933161,-0.9528653298287327,-1.3220692680446409
6361,-0.43535069497080103,-0.5194926977647927,-0.5440108793479769,-0.6376145224915266,-0.4811147021059502,-0.6201145150524469,-0.6281466801886869,-0.6439988750280345,0.4654412061630724,-0.7800817727600895,-0.43407025870284915,-0.27445965502700725,0.30901367690570347,-0.020688288194071713,1.1657608677453326,0.585208968259546,0.6507361611638689
7731,-1.0666035749559202,-1.0493208496544424,-1.0352597426843368,-1.4696075865405298,0.13280220761677292,-1.4090202711657627,-1.331495066525844,-1.3948697330304594,0.5083698996939143,-1.3846225117553463,-1.3516525043554977,-0.3266382487938628,0.19440204353400076,0.6897110828022331,1.0312961889998005,0.3409958074956693,0.5888917811768397
1803,1.5585709727712207,1.645762109284076,1.614603064641831,0.9556775396026167,0.15262414419607856,1.3319889503363456,1.3177324470334657,1.1906827104441147,0.7723402398365001,1.406286424816779,1.1577594492080066,-1.133073251449158,-0.6209684973020578,1.2495584471927776,1.546883285521392,1.1805219330788586,0.8128899899640417
7269,0.06323851256500904,-0.039393586731703865,-0.019876110577831327,-0.03092504311693086,-0.8924703495788197,-0.09639340741152118,-0.05767111445381707,-0.053126119055574024,0.3436819138042873,-0.26557104578736196,0.1083914069898709,-0.027156186981319788,0.38178601433253634,0.23255551785115275,0.4712683687000667,-0.024242774850202823,0.7517581864378046
8628,-0.49835851906020096,-0.588965381646686,-0.6034100916308259,-0.5399190188319327,-0.6636066489932405,-0.5640667550652474,-0.5379399698950887,-0.5109008350792937,-0.5305525904217547,-0.7052862102564548,-0.3766622515435592,0.35693191438740973,0.36996887561155495,-0.7169150099119432,-0.2075063381306504,-0.3164404721346682,0.5306483154803063
8601,-0.474166992607592,-0.5024225597738072,-0.5444762678655388,-0.7140492738673833,-0.9476565700371875,-0.7699437361393477,-0.7451333899628444,-0.85281444868397,0.6953554993694611,-0.7711880111223968,-0.7109950629709946,-0.9271298538346031,-0.38971352770366047,0.402906717409054,1.6741506812667728,1.4885302551378485,0.6327565591616594
1802,-0.12589918558179053,0.014996919443935022,-0.06864173576427174,-0.4842918446743079,1.128984933110752,-0.22064226130377138,-0.24175860642678368,-0.23296606896842945,0.08231204560948849,-0.10551035196009413,-0.32530728148342536,-0.07143347932080693,0.32364047031283916,0.608795413276557,0.35166338987383383,-0.3254191553897296,0.7041138837745032
9735,-0.44859209604178785,-0.47716189165157724,-0.4368308787607068,-0.5373278627346523,-0.4331032083044444,-0.38158942882879116,-0.4186114153432574,-0.43898209327121473,-0.21837717920642602,-0.4285108902147322,-0.315003418513378,0.0604340039496707,-0.06268624939817236,-0.18227366473476034,-0.06059411949168773,-0.07974946221043311,0.57861473844208
3436,-0.0010808197008952696,-0.054017925810804134,-0.020285145804667053,-0.1548460183217678,-0.7760324525248844,-0.08166474015505676,-0.09756714107142678,-0.08161288818305404,0.7800013396793666,-0.18636956698507484,0.028476022517955144,-0.26777049393153163,0.5840441121015613,0.057221174584480665,1.2445016326256928,0.8533657369591764,0.718866197523949
6758,0.013063069114709502,0.039795380356293604,-0.01005162506161492,-0.4737808072324805,0.1067095934171868,-0.2182624196394608,-0.2090130089530774,-0.3347809624808437,0.5711795667880601,-0.17089851013991506,-0.2611451256939887,-0.8179760413911072,-0.721503240358644,0.7340347202357694,1.4750780561117218,0.674264783436225,0.5887720525186737
6770,0.5414293840040788,0.6579895249739867,0.5588374589980126,0.22421800854920254,-0.22697480816904786,0.2739080646883306,0.2601691005900028,-0.015972700410757833,2.039132106657324,0.3801524189235159,0.16008905656647182,-1.7880687951210763,-1.2489863823623157,1.784219914635981,1.7724042027740339,1.699788654401386,0.7801179831452043
2502,0.3424304853645434,0.3801280648684356,0.44037568046356396,0.42346716225462505,-0.12308293308734793,0.6072280259969687,0.5784950623545225,0.6430751836182651,-0.6222210828742312,0.5747303830397468,0.6141623447797182,0.2808734962913841,0.3514904169918568,-0.33269051655931703,0.1467764538230508,0.3171454941571876,0.8063389424144531
