2282,1.1957153590189469,1.171375643766058,1.2098102279626115,2.0730301747694546,-1.1302109757648386,1.6619411285019272,1.6662770537116083,1.7582085769175164,-0.5791624371008584,1.2912813954442004,1.5220113368930095,0.32101643879383185,-0.6664172402739184,-0.16966025395368758,-1.4327331267147743,-1.2294567474695348,-1.779134934384609
8750,0.5150629977502585,0.34769663520616784,0.3915008166485462,0.47218494234352887,-0.7701767155730714,0.47784202203193965,0.6332271179824615,0.7420131631641482,-0.4757837037583045,0.30788921775775974,0.6292220591953707,0.24994071578401686,0.6829817595760298,-0.16307332199945443,-0.10961360378638668,0.06971843085668136,0.8320297155885049
2269,-1.9368792001852022,-2.087435643944429,-1.8391298659851063,-0.04065209615091106,-0.5260760375910791,-0.3642662979407354,-0.9299261479817177,-0.8544700809960395,-1.6796812433319595,0.44607582566642107,-1.0282707022654745,1.1721133559944348,-0.6370870407868992,-1.4230627495452188,-1.3744487266365681,-0.8904697572496716,-1.3972370811258739
3407,1.3740513770907918,1.414282796484826,1.387656619915412,1.0761937121336367,-0.8724170689455594,1.0706017724413914,1.241993519023176,1.2384189339520955,-0.16856215822704235,1.0575833171024505,1.0417590285751164,-0.37539331034844514,0.5501770943156505,0.3593220496031391,0.5713371521127378,0.3087787424493725,0.9066422592607034
4208,0.986807963585168,0.938980026430987,0.9137091267803445,1.2416507276552056,-1.012519777799609,1.068622192132366,1.159895901156782,1.3288863623437708,-0.33164804898049693,0.8559863513215125,1.1372355987679172,0.81181363071599,0.8101866753231399,-0.9110243463113439,-1.5426611929214915,-1.4332242857026787,-1.7543339115803533
8354,-0.1989739320554949,-0.2232564957568089,-0.2050048230158227,-0.06714671043494029,-0.044354225398788305,-0.1463620804467884,-0.12649325002728748,-0.06197092033512167,-0.32335409340454735,-0.21858536905316373,0.11072556063564461,0.289587356443689,0.32891592954312526,-0.16855298717722286,-0.4493989196507806,0.06879219690675374,0.4503879267453102
9062,1.0267260305441492,1.0035336022454282,1.0134705104004844,1.5649444548169604,-1.0665206336085649,1.2727876972316834,1.291461419531522,1.446935987278552,-0.37553017471283195,1.2481310175936138,1.1159359700363898,0.9508818115050636,0.43625756427918755,-1.2119191542332577,-1.770754294099255,-1.6596870597959905,-2.2539678003067745
8630,0.688172614879491,0.9685799272327753,0.8372900789101776,0.7605646978621784,-0.6343788750194674,0.8307789449560645,0.9445503477952127,1.0023288518916251,-0.2975019847453973,0.5897992146436122,1.017173314152741,0.29906782280533145,0.33789736501836065,0.48816310754856157,-0.8566335964101259,-1.0905412877709033,0.7598379292448052
4751,1.8550692026499123,1.656984346609866,1.6045839123688592,2.043104663903204,-0.41080051089638453,2.013484721177865,1.9116214403886909,1.9173220259478763,-0.7627812906130614,1.9425066504816602,2.0742563770639855,0.10906010936210722,-1.4165822484365331,-0.8039088257789904,-1.0007922828794333,-0.45541762906582406,-2.0099109450488775
5301,1.5740571891167148,1.487548680950441,1.3126124900093825,2.183763717134271,1.7193164597121076,1.658566956237537,1.667426806686853,1.6767914196325548,-1.4675882030635357,1.4328920409985535,1.9521375246014672,-0.14067989877241843,-1.380401220008282,-0.6949487724291387,-0.3827111384360655,-0.004818454448293457,-2.505122929712998
7270,-0.9895389368832798,-1.0420208505248612,-0.8956810799828099,-1.1869493503068589,-0.8116716628352704,-1.3308969439142855,-1.2608225034495244,-1.3299211847278452,0.019970945186925087,-1.5151277248210528,-0.8879016664829679,0.22934044590644972,0.8492171049869709,-0.013413879601080165,-0.18640958235727295,-0.47701268625528986,0.6324440457461379
8802,-1.4778367435385387,-1.542231122862738,-1.35534048030225,-0.5985919485374622,-1.0079349754714866,-0.8172724667407337,-1.0997540373368786,-1.0944903955818555,-0.9568538706108037,-0.6591131425083463,-0.8549010184985255,0.7315646993753836,-0.15920059563916247,-0.8207511875106774,-1.477296214281253,-1.2587525833773974,-1.0945809725418683
8355,0.19324627494024585,-0.025090577057459033,0.045107583958684784,1.3978845901398238,-0.8315626464717225,0.4442683930570599,0.5060564143039619,0.7303951488083797,-1.0313764435792374,0.4163901644376662,0.4378033888100894,0.7957938064473938,0.9722062705284524,-0.4079960579367959,-0.7764366507715589,-0.6091907799504563,-1.568862430830406
5711,0.16444290545863866,0.14843325695876475,0.17021916053065242,0.5537449458505526,-0.5857136606932681,0.2059667507189545,0.31377955639074534,0.44025938295069805,-0.29658236273599686,0.03977857063157643,0.3507010136135432,0.6223408162267502,0.7782728942805668,-0.7760604878718189,-0.45203752564522065,-0.3265247481783948,-1.3977436743044784
9301,0.6996171272859658,0.7622417621948253,0.7301665974716776,0.8779728563108257,-0.7728975295664728,0.7939710239724607,0.8928776515116952,1.0346498885171829,-0.03229231545172148,0.4291914149887569,1.050513707495992,0.19846267872472678,0.4222709447276619,-0.11576815138265163,0.43160297538402775,0.4490730823467041,0.9838268374215605
4631,0.4704894042358339,0.4296234074433353,0.41798566355052685,0.4414764528856422,-0.41982046865438954,0.2770984517018754,0.4179557975987209,0.49845121160697875,-0.2698434526486917,0.146778306243376,0.37299843694432894,0.43724933786021847,0.8617212041789778,-0.27138061515610434,-0.25533576926222507,-0.5303480197924814,0.7728088301332103
6971,0.6533408078285524,0.6016381439013054,0.6083686710630402,0.36296331537690957,-0.4091271562391778,0.37483385540724257,0.5742512348575973,0.6266199069601597,0.05192135067648401,0.2904482512543784,0.445509816397753,-0.15665967070076423,0.4962890203986262,0.06295428124935554,0.6899608944921268,0.20990562816678918,0.6415514006221743
8035,0.8395771636332419,0.7778195853656819,0.852924605202833,1.3371948383482197,-0.3075216663036926,0.9099882986206932,1.0242669129392068,1.1580154202922108,-1.1735167963569317,0.6863480934747725,1.1698841978920955,1.0425569370417607,1.2415132322118319,-1.0981597783773842,-0.9983132199826015,-0.912292665060741,-1.8414922172199266
5707,0.6839717356827093,0.6290363869020883,0.580920482652809,1.176567428964475,-0.959737206250781,0.7473047923922023,0.842937596850268,1.072824180550737,-0.3478839446933935,0.5514884791821649,0.879644922432357,0.9619156766914951,1.1337973522890754,-1.3487100042700293,-1.1380529513962385,-1.2161255848662127,-1.6229294178413485
5713,0.8151540475438229,0.758807491400837,0.7797479379724789,1.1720162908265739,-0.9410754726178964,0.9915317869311001,1.0513524494694795,1.260203395158437,-0.8564799892850026,0.8933719818617392,1.0421944802154097,1.1498489203518343,1.0326278465159668,-0.9166777513956639,-1.304831826697223,-1.2436766701618318,-1.700571395479697
9101,0.9540559008033431,0.9170395992987224,0.9484218846400763,1.3136162365481292,-1.01049435371463,1.0414676191603238,1.1174209907008739,1.281839057949363,-0.3023088156559336,0.8089988968743774,1.1571588700120627,0.6329204600466175,0.6288224502147401,-0.44169580800769426,-1.122999778052258,-1.1036420911599578,-1.725765246778797
5101,0.6544779132297806,0.5222612948333488,0.600443618782875,0.5403042259415302,-0.7930652273929901,0.522639413118779,0.6950833389834826,0.8746338064045939,-0.6315512495435229,0.31642477296791477,0.6965197888108962,0.7668910091600467,1.3272689387642014,-0.6688682407300542,-0.5376472604236994,-0.65810125978253,0.7645777081633274
6178,-0.9762245923829903,-1.0756026681243884,-0.966981174728425,-0.9896406507053003,0.10208136250162034,-1.806987458492983,-1.3955555396951003,-1.370208109644315,0.27711779169347556,-1.6424180224275091,-1.3025755872016966,0.06679417892917466,0.7651416492302205,0.6751093027528955,-0.5624615682659317,-0.9085928145479212,0.6363396481719724
7272,0.20766422648619734,0.12215664121691851,0.20059781563437382,0.8427214930261201,-0.5104715754574867,0.31652338342221314,0.4487667605264355,0.6825669872519609,-0.7203812767343956,0.097406691831126,0.5297979159962533,1.1812536543659549,1.6206229296331558,-0.8593722070486031,-1.134061093992013,-1.0684565411602231,-1.4908959973936389
4021,0.8776867815992874,0.751998706279548,0.6915055393001719,1.4845680472831293,-0.34258220007940593,1.1978124547386215,1.160410855030208,1.2586954812590756,-1.5817614737915366,1.0173562879265958,1.3662812332513632,0.8947874539278056,-0.44589801970585763,-1.2854764133738532,-1.1947231604039381,-0.7791006985754715,-2.0157389700551196
7267,0.1488141821355771,-0.05253268387078972,0.08152317857765773,0.09220054227766172,-1.0920781737414835,0.14092250487322266,0.275350074775765,0.6019237356441131,-0.6439998543735527,-0.10947482170798968,0.3560246846244954,0.8589694707160996,1.311322218575802,-0.5179498148772582,-0.5441596374393888,-0.6185018562513079,0.7635187989164139
8801,-0.5688342444650093,-0.6223938951739996,-0.3930483236387282,0.4976384954465851,-0.9282396922367155,0.5539239884353431,0.2819081645083919,0.6100404682651004,-0.9518822757061934,0.5131519069603142,0.46541537003429817,0.9931087556850802,0.102602507697754,-1.1437188946851236,-1.6660066990509026,-1.4541212464486157,-1.255422979262173
4578,-0.14218236652722924,-0.1263646452904751,0.08145136353285445,1.103948468263097,-0.4410986466440074,0.6966401813184542,0.6261778116699932,0.9001067735583095,-1.1648019045723257,0.92725239203813,0.37200461221436537,1.7119848142199392,0.8594353947863366,-0.8494997501720014,-1.563319118969116,-1.2422557054343344,-1.5997690071796453
3405,-0.6407850421222476,-0.7697828467725383,-0.6533447373871905,-0.0898154961381828,-0.1873785834108087,-0.6506002803174974,-0.4854131173177658,-0.21019699250297208,-1.0793193992595067,-0.8051005883782899,-0.46129989549364986,1.3240742436163155,1.7691600044240587,-1.5025731131946718,-1.2210881130977735,-1.2005087650683162,-1.3678735825648076
5706,0.5967285075491663,0.6130783128976104,0.5321407230182285,1.3702290418555354,-0.7937064203346064,0.9361575211520514,0.9785525624152241,1.1990635727496795,-0.4258348942770976,0.8417431225065856,0.8799982568756799,0.9398988637547501,0.6971928557837921,-1.2285827103773739,-1.5655197727608707,-1.4033467615975297,-1.8183239174889791
2914,-1.2028799170032096,-1.0750780222641922,-1.215528361365406,-1.4100466416983235,0.5223975991869646,-1.1840585407179833,-1.2853620909872436,-1.3953761615078937,0.9699779075886352,-1.203480940220757,-1.1042291426134516,-0.7529680121580183,-0.6600314018947184,0.38119962761279463,1.0415966737752498,1.2605152730048714,0.6586732193183543
2531,-0.08702202695976108,-0.23530370538487208,-0.20308008799902214,0.2953395787453902,1.0858444964425078,0.8867317547458424,0.6375304666632231,0.9324705456316982,-1.8071759711653577,1.280453151262624,0.08307771630140805,2.2261366934026694,0.3042783388378279,-1.6354716628609491,-1.7769000116137301,-1.71090442861616,-1.507808929950449
4183,0.9730045990262965,0.9271901924505448,0.9206719241244512,1.2762724264856133,-1.0118768360389032,1.012127741986743,1.1064293698624252,1.2711779754880916,-0.38017527712637794,0.7840714284439703,1.1192493854644034,0.7198315238028068,0.8143803396051457,-0.8488237752795016,-1.471366410233593,-1.3126694260398744,-1.8247226040165836
8795,0.3367532771281138,0.18539977176673242,0.24464785438087194,1.1184418375756486,-0.6403406143152013,0.4199156961105718,0.5386671947183915,0.712874854302633,-0.7859958061949497,0.2105373771588032,0.623831412479264,0.784982537699169,1.0492103012986964,-0.44500355522173035,-0.806490066043114,-0.7207956978115851,-1.5243684120344723
9104,0.9225181094386711,0.936918414641441,0.9299585542231578,1.0379030652657637,-0.9787847108415209,0.8849807291446938,1.0199594555488987,1.1816504785746724,-0.2720062092262952,0.6788781754318852,0.9943304288324348,0.5291053168176914,0.9550062556334614,-0.20126198219745411,-0.40287176970410626,-0.705097547089024,1.3129588409968054
3401,0.521662978046281,0.4942802262890265,0.5125548177117821,0.5197700583544393,-0.6227511108720224,0.4184383228629774,0.5443623041525288,0.6121627124413251,-0.272847026934344,0.3001272426900398,0.47345370055313807,0.2333915517083528,0.5217291468124123,-0.19350046149116862,0.4330998842696794,0.1393969251570902,0.9068926857294773
9064,1.9423513653998856,2.0460843355047365,1.9785088807317652,1.5930404480989029,-0.7491147485573133,2.070062891010321,2.102353234604571,2.0084749068929595,0.06423464221543419,1.9043271821019747,2.184341993120322,-1.3240466628377812,-1.9889959886856101,0.9406578084088177,1.0218756490675505,1.054085688914779,0.9101415281820734
4568,1.841522512332309,1.6669367557361847,1.815205157056718,1.5494737691095077,-1.0085749396710457,1.824945779319728,1.8637144095552491,1.8062108848245004,0.6638638420209453,1.7584787932228074,1.8623897415683073,-1.3178549907310195,-1.7223623104169687,0.15617906269936552,0.6259026438349731,1.0239390026131963,1.0726590056832852
9501,0.540509114053389,0.4788360195419694,0.6839687888102193,0.5812709090130459,-0.04443294538378223,0.7620385412225592,0.6082331696326374,0.41633972011351106,0.27066652102049144,0.31188609345294677,1.1435970623011797,-0.7287130607361455,-1.0054862858173157,0.9458846449014582,-0.09280624793119556,0.10331996696209654,0.7871919365999434
1808,0.44739819775446366,0.30951464858425953,0.3201037430857128,0.8316365910629847,-0.6731461733053195,0.6225847952499868,0.7002157643877315,0.9555092505894354,-1.0709973427247828,0.5239236395308354,0.6961034514141438,1.511924105470324,1.478997245190663,-1.1574904871286418,-1.4460394309597597,-1.428482647318009,-1.456108775142616
8804,-0.6242600815060487,-0.744270325151852,-0.5857923989111599,0.29353998398342623,-0.39070063854268866,0.11321101357409691,0.08138072545769919,0.5004210440734083,-1.0870274354375336,0.24344398669624095,-0.01119056785286823,1.5911437922711078,1.1415274114837202,-1.4900174530181975,-1.4426513456895573,-1.320085698301047,-1.3053150730205623
2871,0.4681967620613356,0.46289291599984517,0.5166408770471425,0.344870519112826,-0.6954265575876297,0.41280213686174627,0.520445565137642,0.6507129348252899,-0.46855532006164347,0.32226733199955726,0.4780384410058588,1.0400240038462378,1.3034257087247447,-0.7909112953042416,-0.8033410988362748,-1.2917305825251777,0.7347041450545285
8233,-0.4534898911263671,-0.4647903991071173,-0.485574800884092,-0.0859946586993902,0.1386508364135922,-0.45243297118101317,-0.4756373679678599,-0.39069827379692507,-0.22794450311612324,-0.5689112176843464,-0.07037131785967082,0.4775177473253274,0.6315504010336711,-0.6664589306248044,-0.8082161362561269,-0.6923857729540234,-1.3826212966913358
5703,-0.524289326991388,-0.6725813195618021,-0.5430513782519183,-0.10300369318517709,-0.6174555188699234,-0.38191148238770295,-0.23395535620359917,0.09499124613576422,-1.3437507537367297,-0.5661935611900151,-0.1580787296076305,1.7292030000190677,1.9015338020513617,-1.6481682648465175,-1.6455051255906514,-1.5685218549836837,-1.4400144494042808
8031,0.8728359819122586,0.7535604159274278,0.786979692316203,1.4809319969570978,-0.9996625301434567,0.984235185841133,1.0840648734012837,1.2320964408497799,-1.2480723333700328,0.73792840394041,1.2144194695954111,1.0428451750162475,0.990098233186675,-0.7822208798246915,-1.2627505265267456,-1.0040572969189778,-1.6566282209229946
4151,0.5481605907472078,0.3488664267696029,0.0436183391660206,1.3297510153267562,1.1058377826977417,1.0247645308567066,0.966706503562253,1.2785263144844006,-1.7314257747858954,1.1264809040756472,0.8586407826417517,1.6684698639408264,0.8400558515464662,-1.1771104764146694,-1.7296345513139781,-1.7074484998424706,-1.807542733646273
6752,0.39611845558540665,0.3074636766545899,0.26115111133342167,0.8580301095037863,-0.5043965368756944,0.556948267405906,0.6148155336497403,0.8273772812080508,-1.221547388703282,0.567315707024326,0.5333002120537367,1.3154672925667654,1.314958487188333,-1.0530120602202673,-1.2057645646286974,-1.1642471298633423,-1.5283567350581944
6988,0.10930316171652298,0.08678195618944802,0.17601148396929894,-0.04567439179674065,-0.9418335317536662,0.0030087073488290123,0.11756087532031174,0.22639142562223685,-0.543029932756707,-0.26932741260833787,0.2787180497742212,0.2152878365473417,0.526950825244837,-0.22427937612644988,-0.12774959225281984,-0.44908674654132974,0.78766415567349
9107,0.6837378324717459,0.7493523366630243,0.6190906878482947,1.0787851956028105,-0.7020804693296647,0.7907606211950767,0.8984660722579286,1.1141398188631575,-0.31597609878622157,0.6119221172786552,0.8301999351306536,0.8534317510042005,1.0725929163129775,-0.753373654981299,-1.0883612953104953,-1.2174640861717798,-1.5115525042901483
3402,-1.8264520300140747,-2.0195430128989753,-1.862199346311168,-0.7641374202164254,0.2643578195427638,-1.357033515428465,-1.4271295097805685,-1.0910615138307638,-1.354914053113172,-1.3463246458604012,-1.2814848223471185,1.8286793658906064,1.9534611537166204,-1.4179771356654356,-1.4635851147130738,-1.3864491282729314,-1.176688914853541
4543,0.9109219074160341,0.9578038242308278,0.9899137904226407,1.7551682143702971,-0.10803690236307195,1.5328081269577563,1.457792849791172,1.584088500977901,-1.198292324079104,1.6015158037969062,1.4175071394887044,1.1558456050333095,-0.44766692353053783,-0.7476340278552938,-1.543873641485225,-1.2770795606400882,-1.9416705182340899
9503,0.6342537617139504,0.6939251299260747,0.6600437785661586,1.1935416426767285,-0.1938358085823757,1.0248740348431282,0.9953089829289714,1.0241989975802825,-0.3382626191030455,0.9336278597831614,1.0517953230763035,-0.020098812869269917,-0.6938525455387,0.0019387372880694104,-1.1439380035576234,-0.28614883950951775,-1.799040836280002
4755,-1.5078202211198504,-1.6003769971612187,-1.4414313199313202,-1.5811487511278677,-0.13514902705635456,-1.7416804181771304,-1.7784581474930279,-1.8757710926941966,0.9854296201212605,-1.825261017814795,-1.5511281027176556,-0.0968907147032918,0.5402678545110972,0.06936563238650094,0.6326487513495513,0.6383856369126126,0.6529364001268849
1605,0.3378468932101042,0.3155910002736252,0.2464670435951168,0.9920407789290581,-0.17364284617752038,0.30591152546207706,0.5308228662955361,0.780425023714812,-0.26018655294259835,0.030013997179017152,0.6299530555683437,0.9126402273000666,1.7673054033299587,-0.45818570430457944,-0.7730865833220274,-0.8700510024720728,-1.4574020904982938
7261,-1.2007801159091342,-1.3568963349885985,-1.3177647992999832,-0.4256734174800117,-0.9849578977415387,-1.3338301888113513,-1.2777216948057144,-1.2606180270382914,-0.6788158687242003,-1.2755172610082313,-1.037479592466717,0.5029642387992294,0.45099382022698703,-1.006487401981336,-1.2053132904839536,-0.9374062455806476,-1.3069708644880778
9502,0.8406004304973831,1.0396574439118773,1.0045538436428085,1.7718860940173244,-0.32715806451867663,1.7131286685112408,1.7239330456489654,1.7522164716077788,-0.42818086062238053,1.3903942689922828,1.7818285280941224,-0.32047378837401297,-1.2495536272006373,0.31070668012974084,-0.8920304693374252,-0.12767176825011192,-1.4386950112799897
5714,0.7738893710668586,0.7308543529292719,0.7442912027040252,1.1915652552678297,-0.9454423686062483,0.8737224236076707,0.9680010789643401,1.1607878895879675,-0.37320899153385634,0.6271714798237318,1.0118272233855572,0.7865910112390552,0.9300582467044892,-0.8715207881926808,-1.0755874902738882,-0.9928550494568923,-1.7293381761498472
6976,1.9287023494511701,1.8262559994223555,2.0049196259582507,2.8290527183688803,0.5535714612346953,2.389744241675231,2.318430986412908,2.1086902904728544,0.3263149680411998,2.220315410822593,2.544531980127849,-1.6406945235657013,-2.998565120220277,0.2453201101853095,0.19140027859365025,0.6852099675912887,-2.275891987264795
9613,0.8706365928962102,1.1770591938528585,1.0258165125755854,0.7664886531474934,-0.6507320893740586,0.8303364293477716,0.916471722081556,0.8505594656348487,0.4028323428074662,0.4300483933105334,1.21985218160741,-0.8766379150099526,-0.7760030743371351,1.019863918797392,0.42415516662273556,0.6010960673369574,0.7969359961007655
2801,0.7244412191745637,0.9081867270954792,0.8487152263966784,1.328229406942392,0.2113015995666693,1.3669156899107757,1.2632929193762965,1.3406238207375076,-0.5291003330948875,1.222942618391817,1.5223791576422039,-0.01656236026522625,-1.3427284561220025,0.08617371569617487,-0.9758152959344049,-0.386784230851961,-1.765451691782507
7951,1.257802732510972,1.2672509664789369,1.240118721554887,1.8956312715450567,-0.9036600978814053,1.639270550890233,1.6007066537340133,1.6816846438856508,-1.4746665330229851,1.611469141648644,1.628121246226517,0.785905647825493,-0.625778072275027,-0.6859800486894736,-1.2884734860955829,-1.0487427018177353,-1.9979695498516965
3289,0.0796167639338929,0.08824031196891718,0.17799215050416411,0.9919698888238901,-0.5709997322968499,0.6682831868322048,0.6622505524342643,1.005706540145505,-0.8312417841557296,0.5699316555749001,0.7024303634367987,0.9843498009501347,0.746355100823443,-0.6690036547381765,-1.0231176299241076,-0.958504701945052,-1.2523542961100131
9983,0.7930314248092181,0.8773318393122239,0.8582731099598733,1.1344326609340953,0.004961819469768731,1.2316705472541307,1.173649811271823,1.2995853016431413,-0.43364994781784766,1.1279326120307192,1.2852325332254715,0.32854868251574565,-0.49020876053976875,-0.09016170592542917,-1.1524092840267914,-0.8981128279136856,0.8842198926126775
4519,0.9716555417717934,1.0327016071467543,1.0436626551912924,0.8458392691024064,-0.35094037289653457,0.9764786854415175,1.0407898762023888,1.1604994789636003,-0.3867158016852435,0.8279569475288152,1.1328582274160208,0.5110226564538077,0.5437618434381615,0.290249845783485,-0.5016715821152692,-1.1570283258674372,0.8241754067265222
7004,-0.7830506911938212,-0.9720560960869463,-0.8374853058662257,-0.21986264026650543,-0.32652517324710484,-0.6852429616325676,-0.656209575070685,-0.5879518999479604,-0.6213847143946613,-1.1134705037389248,-0.18873171203511854,0.6761713355555321,0.7597549665536192,-0.7123732443177937,-0.8360072765618313,-0.8229512733883031,-1.2856305741148908
7762,0.19439533141637458,0.15330545713468063,0.2869506787494275,-0.02876408468040517,-0.5174964075090321,0.12307719496384051,0.2553576012018329,0.4331889679980413,-0.05542953003150423,-0.16476718518014646,0.3684849131948808,0.4485886034993839,1.1741642814592121,-0.02653967059943466,-0.4206327544532362,-0.6561490725156884,0.7444498530651379
9001,1.0257250971726763,1.0102746254501869,1.0313168838892008,1.3058497359145012,-1.089779468078606,1.1704406327474468,1.2136695631506071,1.3586889611981094,-0.3604048111595455,1.0421520741062418,1.16150663228348,0.6579067342275426,0.4561845295918487,-0.7118026003843048,-1.5118163305554881,-1.2810200026800185,-1.8931512187242878
6326,-0.39892111389160734,-0.6612324346023668,-0.47382786478202055,0.2116775696256889,-0.9981471966465719,-0.026243795723067575,-0.035578538042222975,0.2458636965946863,-1.105440953910144,-0.08157486869812014,0.031041512132893485,1.2532317747225716,1.0352532755657387,-1.1352587058607282,-1.6009673574655634,-1.083700854641141,-1.5378799258269005
5411,1.1992554121475567,1.0613663915143012,0.9649041101538508,0.4813139615444136,-0.5424814259771119,0.6182205935718106,0.8887105042756497,0.9285438903818888,0.20789630390762437,0.830537622016706,0.3582725084194797,-0.4207272895733413,0.8954580829245012,0.3761961965479788,1.0154964043186852,0.6053233738689592,0.9058351960188981
9202,1.0038110790820105,0.9843050424556757,0.9971029332625694,1.2001184347232947,-1.0332194039865863,1.1332905945022622,1.1928764267519254,1.345261536963918,-0.3275799869916857,0.9869159229716797,1.119545837579077,0.6930747083339618,0.5595561994644865,-1.0573373896385665,-1.6635583068605657,-1.3854078807017691,-1.7711384973679736
4901,1.3530481799280105,1.0980021696819562,0.8780609737635503,0.3174417027254747,-0.26686759369785473,0.5127373080545455,0.7414470288322581,0.5565095871831309,0.7882128987614572,0.827690184415555,0.05009854252208148,-1.2521436501149725,-0.3483661922636937,0.6796800465851073,0.9428521415206557,1.1893761740537176,0.7515420111254177
9766,0.2510194772629789,0.10422737180512673,0.0349758730834111,0.7117285985811204,-0.32478053390692585,0.6061826173668268,0.538487420335535,0.7058293499953866,-1.1992502648798047,0.6755875798385117,0.49757187471231795,1.302205433066926,0.6013453531315361,-1.5114244418387874,-1.4874822325306858,-0.9118398709835439,-1.5659164876066112
7011,1.1627613031159865,1.1328593122883053,1.139776658538234,1.3301782890782328,-1.0481556129546903,1.1638346390556955,1.2608254330377984,1.371778060960256,-0.26387563885467424,0.9445567954653705,1.2001518490725378,0.2879159124261882,0.4608873197863555,0.1203743298664004,0.9697220644978916,0.7873526776636326,1.4004913582232408
5202,1.1047629405530548,1.0504044689198928,1.015954999902642,1.0144277286920367,-0.5018401904916423,1.0218261931953199,1.097013007516521,1.0575130901808445,-0.26373878726177274,0.926210477607516,0.9819327032892231,-0.42133156594066745,-0.4056529480999494,0.08868962256360764,0.4049759362107172,0.778951904966741,1.1338156857762929
3101,1.1224323384060282,1.1310813326468785,1.1296754787963381,1.2266416798866486,-0.956108799381138,1.0646884939763244,1.1767808641536457,1.3184669969030813,-0.25781710665633983,0.8303092385281158,1.1402291279074062,0.4914031727972547,0.8163033102752351,-0.3871772644438643,-0.6795141697823469,-0.9341921379817318,1.4006055690901866
1925,-0.050155588419056506,-0.21096375316531318,-0.09622755119218039,1.3965560720214043,0.11790452751335645,0.6596721621730651,0.6832420175577145,0.9393298116832781,-1.6727121778232696,0.8426965363220149,0.4302253299170544,1.4441065656175145,0.8916745928987588,-1.4008710588412892,-1.3842009310740093,-0.779415624934595,-1.814332443859699
5214,0.8502883602018732,0.8472472097905068,0.8449749809144459,0.7140721583870843,-0.7853197631969692,0.7000535366860713,0.8194361891106179,0.8907967536828738,-0.1583218833475573,0.6067115763839402,0.6950602773875203,-0.0625632188041325,0.4052886517875027,-0.025530581483139206,0.6624095225860975,0.7518564837334988,1.0160862008492715
3103,1.061163832037809,1.0466131587890282,1.0603076993212723,1.0432316163515623,-0.9063631171163987,0.9707349046286671,1.0976985207544216,1.2199227067102418,-0.25558190628478944,0.6980147412426472,1.0697527584063211,0.2029322133466721,0.5839829936104928,-0.07757912241582975,0.773795045545556,0.31954585643103367,1.374942751340506
9412,-0.06974128660919474,-0.09969636898322518,0.062023861688888786,0.6051465325507609,-0.28428419693883933,0.3468303977879069,0.05001626160765062,-0.1492293627506579,0.5128619059165593,0.09868850344051969,0.6549082654511702,-0.7560559012162829,-1.094483470031139,0.4850702759633517,-0.04866509346621888,0.32007373803871403,-1.4809264662582962
5002,1.7946601244540559,1.6373890026089686,1.6466715203363265,1.0880353818679336,0.9392435127751254,1.2323988768136953,1.4354988009705008,1.3389308738175714,1.6460475020861023,1.2749596775674166,1.0997294491355203,-1.6194840438229572,-0.8522740918609103,1.2921547574533585,0.8961410233589827,0.9341833167462086,0.9206059311745811
4452,1.1929139187271642,1.1639736657231194,1.2013237656962237,1.7636058375507078,-0.7241091590742816,1.4392293828872933,1.4181328038993106,1.4739669067321974,-0.7996371431649495,1.2123886036638813,1.6587447410450944,0.2158365198311927,-0.6207511299721732,-0.3699716073727689,-0.4956991019113129,-0.16219586275111347,-2.0961599753550995
2802,-1.3598616381559845,-1.2706815250477452,-1.2968950030263642,-1.1328971879487089,0.4669598288302344,-0.8217241676439715,-1.0408820216775092,-1.074556718609533,-0.8352112434232678,-0.5329260952580707,-1.153123788747852,0.27213410406525845,-1.2673578063586117,-0.4051174049255482,-1.0370697486711007,-0.4508339244685506,-1.143673312510806
7013,1.1988080431556054,1.1393862935614718,1.1503293849013074,1.5342200307641207,-0.9536258326148019,1.2357486503800537,1.3060777777708845,1.407707473106896,-0.3134856422785655,0.9573833099446041,1.374092344839277,0.356686615431777,0.22859596549003583,-0.30759530289832654,-0.9336164402481426,-0.6040291586838336,-1.9724996381257314
8308,0.5990299754006194,0.6127776794413208,0.6195050555992936,0.6109343344941827,-0.9357547658880868,0.6679509900407814,0.7711797100809313,0.8356781474778798,-0.34883530335113255,0.5847807807489698,0.6895081845729399,0.042671338311199465,0.2715679043581057,0.1405479708155881,-0.14782014904093882,0.13567065336381814,0.871686911837774
7205,-0.40378590877709014,-0.6186421600233327,-0.2837920455402728,0.6909315085175911,-0.80719419445482,-0.2950359997113179,-0.17031093874935854,0.08267133940426401,-0.33071705179693583,-0.49959557733059273,-0.06706177597672922,0.7452278414475997,1.3872087620314932,-0.7421621437997886,-0.5219127026152995,-0.28671093071436154,-1.3987318491188534
7211,0.7014021838697806,0.5407745902671478,0.5833028780412035,1.0595780619938033,-0.40333944258854354,1.1472414177518555,0.9149794604542036,0.9350693800034543,-0.4933253983067326,0.9408720766889822,1.1456998766183653,-0.0062964362678799325,-0.6221815114475339,-0.24430746692806282,-0.6766386034320618,-0.1885126900095754,-1.6651726449793907
5406,0.36993283148730216,0.2916412904268293,0.25784212810176455,0.9446467831496062,-0.5681238192052172,0.425583902514558,0.5088105663460514,0.6361228492335912,-0.33698581702654856,0.27146331056602546,0.5302737627213256,0.8129352771682106,0.7352567470825391,-0.7819228968204819,-1.323376532705638,-1.037668413093896,-1.706787807415916
4042,0.5828145351269841,0.5406660761654948,0.5632392764506582,1.1081542507369266,-1.151927582723637,0.6156846378198627,0.7322146269186769,0.9210298699783903,-0.7237699143957217,0.3892997630715464,0.8340491318754549,0.929013478521926,1.2345146636268356,-1.1074567406352538,-1.1933662003919534,-1.0663409948497484,-1.6688557334378942
4043,1.1920455347629642,1.1220435839648615,1.1979472524651344,1.4980117239702222,-0.9074067660268987,1.293663999208137,1.3749380011307444,1.5006746244941236,-0.431791625857028,1.0808829974114427,1.4343317963816946,0.6666441230433833,0.43910326060722116,-0.5558945704536707,-1.6056384244569275,-1.3454570352474409,-1.9516392701041805
2432,-0.8000435305357535,-0.9088463645449928,-1.00025236313788,-0.37755394366199674,-0.6450742906374989,-0.7508958936555689,-0.71155785516638,-0.6762311914244723,-0.8355023279209947,-0.8022665425050527,-0.5653502416757197,0.382216029537505,0.1004749599518966,-1.3352178948316822,-1.042494861677282,-0.25948222519247904,-1.3031444989414558
4902,0.7349632031515608,0.6021683071354947,0.773988727538813,0.18180685693350845,-0.31868069279753686,0.5246507765901794,0.594784081935087,0.49599383497263805,0.1283138075946498,0.26091805559090275,0.7375934042077775,-0.6871435684661608,-0.45898293931715695,0.697105470303108,0.9461084682419407,0.8851074324395823,0.7990252128546897
8309,0.5747471550107295,0.6280860133479307,0.6274234039403938,0.9661225866794767,-0.5693962700944758,0.6821810624775958,0.7605770998479828,0.8450693110272162,-0.2943818859707758,0.5342236760085162,0.7444271162784725,0.5659328602031563,0.5709428650554099,-0.4077388224630825,-1.345643761853744,-1.1232364240358446,-1.6853578475956352
7012,0.949951879015258,0.9077492235467519,0.9227273381359726,1.2090441175811992,-1.0057776146583135,1.0334465000686457,1.118051384501781,1.2822272051997843,-0.30510776487818086,0.7603073298702876,1.1806279045014736,0.6272554921803087,0.7027566404730753,-0.4368894190928841,-1.255175251494248,-1.117096662122256,-1.6050988092742022
5201,0.9198754677833821,0.889806955845567,0.8820769100116945,1.4990137236662264,-0.8411031162049438,0.9777351391629096,1.063293114313252,1.1618226148863608,-0.3475738822296623,0.7660966555579801,1.0660637062447955,0.4473063629543075,0.5426090933850167,-0.7772870457038057,-0.8903844476954105,-0.553694438950831,-2.2196543300554676
8725,-0.180210784777288,-0.16820723280043792,0.022163110262173515,0.48300658395803436,-0.5077809990701888,-0.01677452201833961,0.0869261201795003,0.23426793620952197,-0.3883111531003424,-0.5832009185623934,0.46798814945576933,0.5980774063003261,0.7069919350262791,-0.31306381213051127,-1.425217679705322,-1.4639803379876735,-1.4063198066939782
6724,-0.578304175716933,-0.6605742668482035,-0.5407804851117873,-0.46345275687992576,-0.3252630302955275,-0.7269699623569363,-0.5901032750203665,-0.49155915555427726,-0.11084493226744602,-1.0504795609296662,-0.32754768982655924,0.2852032247073059,0.6335530300809601,-0.658492398395265,-0.23839065113620547,-0.12636126458789124,0.5687400168084965
8053,1.0868941195473447,0.9912559735761993,1.01115591473671,1.4916448410923395,-0.7535482404651959,1.1207272537393662,1.205664542638437,1.3000686171085087,-0.8676463531593185,0.9155590251737926,1.3240248220709894,0.7389226820152035,0.8105147518701449,-0.6145895935260645,-0.8912826147042384,-0.7816273592887153,-1.7792978454742272
2768,1.3812344513452541,1.2191611517907728,1.2395256617264208,2.1046091353289125,-0.3446186504773303,1.597037251579642,1.5746042551038875,1.609202034263373,-1.1159049006707549,1.3950286089137718,1.7703983581490794,0.29032026446879833,-1.0696932322752306,-0.4443160803080628,-1.4582133995007869,-0.6527691372455661,-2.2588820938145866
9007,0.6312415187772692,0.7544501372370293,0.6555380488708774,0.6789788761910681,-0.6734232268089255,0.6891628284997537,0.7545242640623736,0.8159118607950864,-0.3097584500188855,0.5136129916450777,0.7405895954890261,0.26602102250992926,0.25158131193365313,0.03446445765711229,-0.11900427621980468,-0.1495272864560643,0.8294720216743313
4523,1.6737886039705607,1.6960791226370455,1.9385285632992626,1.4204055421231887,-0.037701794969289486,1.7913852962889183,1.8537881438908572,1.6152329480122705,1.0797241942833888,2.348412768464746,0.817535684172308,-2.292966031845928,-2.5581502793583413,1.0015105672972484,0.18014265298608115,0.46763660968938525,0.9688688066179796
8331,0.110340782444842,-0.007824524034812992,-0.0032705166399971093,1.295940667990541,-0.2644967639714043,0.38918027679173,0.46519486789977743,0.711132330335244,-1.2112381701100412,0.49990056937111593,0.25730112249657483,1.1696836703085685,1.3415027311943102,-0.6118502162321944,-0.6465946012620629,-0.3783076300751995,-1.5955820824178075
3099,0.003882021050924312,-0.03742769687996465,-0.06085151374998774,0.4372882845775107,-0.6583933946954905,0.9153091912501585,0.4698152440596391,0.5727072651106587,-1.1475786100315648,1.0257942683546033,0.6556358828883203,0.4711227186052051,-0.6106545403681122,-0.5384580528573657,-1.292958963076637,-0.5958642510850071,-1.4139423368927695
7201,-0.4968306903521409,-0.8086795104599368,-0.3419987905549543,-0.528239796891064,-0.8118388451649394,-0.4114204807524607,-0.4049321503136274,-0.054669574912860626,-0.700668220152337,-0.8874379385730478,0.044653666998913356,1.1924777883249456,1.4169955351985406,-1.0334604973291133,-0.8120618743198496,-0.9448073289471701,0.7419755770088111
9984,1.269989332519997,1.452901796937117,1.4140574316757166,0.6302557867461435,-0.38267267560821905,0.7472543294074164,0.9315609152875644,0.8080419166452564,1.5619983431305302,1.1251884196124449,0.2376343694709567,-1.4876541094668956,-0.33148740302768326,0.8073124031713795,0.7802065353328682,0.8346616749009022,0.7877783005352055
7003,1.2003295814337618,1.1696868804281457,1.2068330758779273,1.0485198584582365,-0.9548307779264037,0.981692014370576,1.1574324993796414,1.276401389381205,-0.21445501615994414,0.8378956088297824,1.0309720981829582,0.1661886768967755,0.9555480332296412,0.2396789766560538,1.0463164405545071,0.37005930187002023,1.26444620541356
4324,-0.8807187661830546,-0.4593357990743493,-0.722709044406427,-0.875022785271928,0.37062757994096057,-0.6787333043206363,-0.8243981538750145,-0.9059319787660668,-0.03998654390091208,-0.5518953578246732,-0.718678812983308,0.15237631269321594,-0.19153944186299898,0.7687943651843856,-0.4616389548345468,-1.08679701102909,0.6457561695863658
6902,0.4083331292263159,0.27852705963070484,0.32581397628976316,0.3603807180018817,-0.9914672624164494,0.41421118688819253,0.49978720199874044,0.7147548641065374,-0.6076299295043457,0.15324088215981424,0.6876452898023742,0.6834595096625122,1.0399542120875003,-0.7384815920125802,-0.4440892428410024,-0.1851818135243233,0.8026156442196343
3105,-0.052058866732867984,-0.23278865997237402,-0.08813141625780142,-0.013557820604973061,-0.23110793403037738,-0.06933240528427212,0.16577235442036276,0.5755157533496745,-0.7463954183773407,-0.39844616657798165,0.32018730116566335,1.3230273191915625,2.1793285882098608,-0.9207130724054798,-1.0784633801725976,-1.1518726507041028,0.68954520566805
9602,0.04322376112698803,-0.10354064876597478,0.0020987534662169948,-0.25093844386730757,-0.7754538322873819,0.28495981503221574,0.24551679620406738,0.5507348773988259,-1.2549748901293174,0.6882832684896227,-0.20693357263280038,1.656404267861663,1.0602668519486096,-0.8920489965283831,-1.08139693911156,-1.3989515830824175,0.6738644959297807
8252,1.3758779524793812,1.323239057772685,1.3800932503430836,1.079585694488026,-0.4242101813490999,1.3182942915063105,1.3703596062409695,1.4438468147283483,-0.1759303928336802,1.1562674129650434,1.4677289928671144,-0.11405761374929874,-0.18790875554165315,0.50013821970752,0.046260725582090934,-0.3529732795080499,0.9219637014354995
6479,0.702720239144476,0.6155301464239731,0.625834828099525,0.6838192527706461,-0.3841337060521846,0.6264105178802587,0.7836768462268515,0.9460696840245796,-0.6659105258396725,0.5189207185035314,0.7304983665664596,1.0629906299099021,1.781985712190369,-0.9044206160907641,-0.665525679743726,-0.5860366370230311,0.8608526782018837
4911,1.4014832716840269,1.342395073201909,1.3113280280054482,1.96230863845424,1.4380886181501626,1.8053301272179838,1.716994920044071,1.7658129264144815,-2.3957904633187304,1.8295553065014194,1.7532489005321397,0.7160934877363313,-1.5703550244495421,-1.2546242180571767,-1.437727741604745,-0.7801727270135238,-2.5149360603128015
7203,0.6324107969912405,0.44441266918249545,0.5431801688542215,1.4686800060536664,-0.8916824787449502,1.2777889667361033,1.2040611780120833,1.3788372191318692,-1.1052239480406665,1.1758086723026677,1.2576052065038974,0.5325465223758187,-0.14589559973181263,-0.720240193203785,-1.057249049301405,-0.37073402192680394,-1.534908027446846
7202,0.7733380573489413,0.689785734772852,0.7201621214678002,0.07042679998232146,-0.5485622436031736,0.22489789454081943,0.5095131212935738,0.6652771436736524,0.056075880920556105,0.2557609412502175,0.1725503303396394,0.283058928034282,1.5285105292286945,-0.05598111895168427,0.47187788357091953,0.08343839810636851,0.7176880091099089
5401,-0.5097480049433691,-0.7180482552957643,-0.47755425805524726,-0.6263555947968309,-1.0032603478551425,-0.8209205419210567,-0.6134096178351829,-0.4173977789750134,-0.2796218458577469,-1.159474577437917,-0.366715832924694,0.5898529406147254,1.2838738707702364,-0.42711601674404764,-0.29782928210747556,-0.42381410551390664,0.702482078397919
9005,1.0229444428742889,0.9879575014648838,0.9948809790313698,1.5498653607180286,-0.8838079460533578,1.2369900804094942,1.2539129014648982,1.35822974923533,-0.6715340408692836,1.1443249416765322,1.2242245691013567,0.5472116480022753,0.01507837357829486,-0.5768900201378407,-1.1832616324715504,-0.6676799447986833,-2.007619561774319
8253,-1.092171678923713,-0.954924934545587,-1.1265508663872954,-1.2827728750410357,-0.23631467978746445,-1.3517003908410552,-1.2479680100701551,-1.2797913260901568,0.01849857476370602,-1.7295980645167763,-0.7408706539141241,0.3143817359063152,0.9387362184493534,0.11216414488546285,-0.46997621217757635,-0.6652210593089879,0.6884122327001824
6703,0.32637979901281533,0.29502428569565864,0.33727096728196765,0.22426864372087907,-0.44938036821106264,0.15724761317282818,0.3116354118883272,0.40211750052441647,-0.23899510237072907,0.09674185797364436,0.18962188654572862,0.31897402096983657,0.7902386502218707,-0.25714709236854427,0.46994731963322817,0.003113261431853618,0.7805653775084974
7186,0.003595025377519321,-0.2228449353129215,-0.23390683303840076,1.7936263461705573,-0.25102483162645134,0.23826106875496156,0.3671580759254354,0.684574174570115,-1.1587646890703822,0.5053933147622035,-0.052474050946671284,0.9785594921216616,1.126647518575157,-0.7114352380068861,-0.39039046402880356,-0.04695525257770247,-1.67015498847902
5020,1.7143273135819375,1.557158043437622,1.3897846232407634,2.408731207735625,-0.22485307236002242,1.5829193016352237,1.6371008053372496,1.6049893119066938,0.130672358644549,1.3442252133019148,1.8655258117666067,-0.7345667569704467,-1.0618972226344976,-0.15443529894951047,0.29646744403407943,0.7909969481687571,-2.0966702733241167
6501,-0.2115416011205859,-0.2198616608121008,-0.22293103076399937,0.17067272636294695,-0.41653727637754334,-0.11895146646011313,-0.10939305638669031,0.003769000840210546,-0.4297666426455494,-0.21858405005985185,0.15254931132833835,0.4438354959123349,0.4078560290937725,-0.945539265154039,-1.8461076901084414,-1.4484762685250867,-1.5053745544697923
5801,0.14463303675818506,0.08764021395661732,0.005615999473917804,0.45177529496874186,-0.38816219345153813,0.07813382134187555,0.21355620883058643,0.42700710172208767,-0.32613693598259363,-0.052316739837562874,0.22111774783012472,1.364474429938009,1.7551998554510637,-1.1739262383531568,-1.4612197047438353,-1.4440850593468535,-1.3531295820061309
8316,0.3174803452438165,0.25672819642837547,0.34428957901168955,1.1810326185560889,-0.7499571443195794,0.4495519199933162,0.5787821299316245,0.7507830318916158,-0.5095977049406866,0.1732871037454184,0.640202374574591,0.5104275497601968,0.8860765253462611,-0.3304387799548401,-0.5322541972706109,-0.3910114058009592,-1.5099689060026913
9008,1.1203742869387514,1.1967149554476093,1.1558076183246848,1.3416649064936714,-1.0750675228740108,1.2673612284937763,1.3128917592296052,1.3967317921009421,-0.24816981631261914,1.050071606356449,1.3612054790638823,0.06230689462817988,-0.07287914257943306,0.2778186027660499,0.42016704975277264,0.6757969652798023,1.3183646186020261
1332,0.007183393894303193,-0.04170546294335249,0.1541532741272201,-0.5305347271234631,-0.5062153720031907,-0.42292490225543045,-0.29926382027223236,-0.3340449742983665,0.6431115129200851,-0.612319666669563,-0.1609998911745807,-0.20018368637121914,0.49947553041818404,0.6866269328674341,0.644174611170758,0.08335652530161433,0.649906007548574
9020,-0.004264293247312163,-0.09527383196168593,0.0426585661887358,1.0513788430354163,-1.1076558657694535,0.5617206910212876,0.3789448075048092,0.5697142515600169,-0.8644190320320316,0.5669891960312823,0.47622194407107565,0.6097649861452253,-0.07321571929625303,-0.5332013762205389,-1.3066133828529622,-0.9981408549971209,-1.464429128975455
4061,1.095609693163656,1.0533334669832142,1.0117889362212906,1.460783947437145,-0.9779067922649567,1.0896548173508773,1.1967879061164008,1.3365126679142005,-0.3963527022487067,0.8949542551841763,1.1920476793923118,0.5988095727355787,0.6809024501151418,-0.7631243157818692,-1.0876994678589982,-0.8766086604475409,-1.877822774062939
9021,0.3019524453318347,0.2907431189026521,0.33405569344256975,0.8693871765639729,-1.0581667421860539,0.8090382850995685,0.6511148135137831,0.7844038228431911,-0.8321350189608433,0.8648315065526058,0.706196215906783,0.6691050394405269,-0.19585814124459197,-0.7295003014843435,-1.8118908030717253,-1.3234596615600211,-1.4605907689037239
9009,1.1915900384473825,1.1394509958062005,1.1359105925413582,1.06530534446979,-0.3504702639587126,1.1464815919874518,1.17290831184007,1.2012679731074685,-0.33715319168800706,1.0424824416958713,1.1737125122475371,0.10709744410508454,-0.07729037934138258,-0.09758364572738296,0.0016563303321515367,-0.023332146566996354,0.966337289215603
1333,1.028095576542246,1.1639511459246088,1.1093783689365704,1.676715541479498,-0.5131198025272765,1.6682322299956691,1.4670100241681554,1.489063874060583,-0.7560350566530947,1.7851314092304766,1.4880605001935114,0.5860036523267745,-1.42755234275344,-0.6942402938095802,-1.1557328175031916,-0.8602400044947739,-2.0237276706710423
8303,1.014440493598181,1.0394422464818183,1.0132480810300741,1.3991636230199271,-0.9770944456887074,1.1419910672016336,1.2203497970613901,1.345749552954728,-0.28686853245301097,0.8987026687637227,1.236553791913937,0.43951512833998263,0.4377263505206703,-0.16481005205728474,-1.1310498732030816,-0.7243207605836216,-1.779458848458083
6702,-0.25251279422616457,-0.25500309767760876,-0.2500701123914608,-0.2271527574055603,-0.3599781271703043,-0.24403175790466577,-0.23300571497549294,-0.21002875018962866,-0.23270939899537157,-0.28196632831129137,-0.0058088191974403685,0.26263348548361537,0.28079010188609255,0.482761931928662,0.9169559712327534,0.9420016049831568,0.15204825642472006
3861,1.1026260311911895,1.037795784294027,1.1295369876834223,0.821353616012254,-0.7194220428847637,0.8985568448446623,1.0952167109094693,1.2001821861178608,-0.8533186738524586,0.8130611116386453,0.9924707107151597,0.4491708026356723,1.3934171515917677,-0.34484401961624334,-0.06761255228479042,-0.4051120035766914,0.8544497897171984
3863,-0.7789032427396236,-0.9499510736875232,-0.6742965462480743,-1.4396984846916847,0.1799252890111377,-1.8034194055721744,-1.322168890097925,-1.1220665346650223,0.2802030814836976,-1.6078262875698992,-1.7305939197386246,0.5662468383110059,2.2070520857280886,-0.24491550372841198,0.09539825623464032,-0.3083558116266941,0.5706542863198802
1721,0.9694819977270283,1.0138778519077474,0.9590505086222006,0.7184743558515141,0.5188476874851471,0.9186996024957544,1.0018284679919292,1.1117406753771848,-0.4525871739529438,0.7334882441875364,1.121305076069299,0.7066274279931036,1.0460547865059528,-0.5086595116001997,-0.5440971217153596,-1.0666636130894316,0.8277022131134675
9433,0.5069280981918581,0.7202136597298664,0.9001080913024953,0.41943478351161106,-0.6116196584394824,0.8719750972305447,0.8495905602981404,0.4019949269143466,0.6648226828258191,0.16892779539836453,1.1339011283133325,-1.3527557693667716,-1.8594901753513466,1.5066963862050018,0.9120227702577456,1.0822244178011684,0.6728429017364742
2002,0.720046373305225,0.7761249156046104,0.7799855543492993,1.135741640616733,-0.26461700713757413,1.1992767078218,1.154894255861548,1.334278867221487,-1.1841469401497138,1.1831200974331373,1.1711136302382963,1.0982664153732777,0.1793664762516376,-0.5521225075663236,-1.7307815862320737,-1.4899354483295004,-1.6249047355767972
5802,0.6578640835902971,0.7339235044362681,0.6956942640660644,0.3276347610883401,-0.7271281651731798,0.30057179238767356,0.5208933721147188,0.4983218293868816,0.4217199194463868,0.2811215723931434,0.2924344931382539,-0.61030890830524,0.23268671814071626,0.5612811489056724,0.7466775924282283,0.5075910271270231,0.755418887232471
5631,0.9483866937197056,0.8571106268931326,0.6733874624352908,1.322434835479044,-0.1883108268491045,0.7230537444807296,0.8571287345263715,1.0301270814495112,-0.4575551519888954,0.584992493741897,0.7978980878888472,1.0454757330326245,1.4076283181271827,-0.8974998479281385,-1.1125817823444206,-1.1755079188499404,-1.9345442989676724
4507,0.3198096379646271,0.4107685497386089,0.44344379359741226,-0.06543758871089458,-0.5597008777381878,0.004781097827595168,0.20463908576569834,0.18433676191457313,0.6642561410826915,-0.017827935853796068,0.028796651630508513,-0.5022881648833114,0.1638488059059147,0.9428184312922658,0.9377721520779548,0.8224618848421842,0.6707590248474619
4063,0.7604435014348477,0.7121968390231449,0.7319531779732109,0.5771589229066946,-0.6744908920925133,0.654927356607091,0.8364345881393124,0.9278355587497783,-0.9519178875236899,0.6649800568770914,0.6172312949259352,0.5323908229280491,1.183556979843294,-0.6539115119406026,0.11727565358749036,0.3888793489730409,0.7924663311989643
6674,-0.31785824714850364,-0.32649927023485514,-0.320749052114295,-0.018448894657060136,-0.3168385086914628,-0.28855623550532994,-0.26399238704296873,-0.19808610097520402,-0.3197500758565297,-0.33339490053296933,-0.010663055984486173,0.408247042050852,0.46595102419837825,-1.093816262825909,-0.964313950852313,-0.9450725423906811,-1.6218678685169436
4704,1.2966041816234226,1.1663029396203601,1.2361707488087348,1.0105187380114118,-0.4837304174519133,1.128724019757017,1.2259576602716435,1.2512546186818232,0.037505230383106644,0.953453958690905,1.2882924266696238,-0.3230555614075978,0.01330263474741046,0.2715325088962086,0.6240604854213646,0.7066080865673473,0.878934092828718
6113,-0.3440592132156344,-0.48956750263714377,-0.5122279041659343,-0.8317504935624069,1.2819402983342874,-0.9982508163532589,-0.6825867471407299,-0.3799947481534661,0.050084553395313855,-1.0115971381560762,-0.8534112575505111,0.8291158490815655,1.9740754594913934,-0.3487943160841333,-0.500524322285832,-0.795519958405653,0.5755431314014829
9022,1.5177432038156227,1.518066264848838,1.561899648882788,1.4732968054033195,-0.9563526488010159,1.8882725213499818,1.7421333376587413,1.7127879585844583,-0.6284319928021157,1.7429284554382494,1.9310893831271183,-0.5561442904571929,-1.6245959468125255,0.056290252908367665,-0.2611491069339807,0.20884194726142485,0.79838732248833
4506,0.6267384136043375,0.5925293527207739,0.7260810873078275,1.5344894201359955,-0.6854703404792438,1.3011800467012031,1.1214535875653089,1.1684175238847592,-0.6358355600599017,1.0094164867367017,1.7057085211406966,-0.09547997802827064,-1.4433917263845357,0.08498461068969936,-0.3067731514792834,0.16557883350965208,-1.7441876444265498
6305,0.5489973987343236,0.4508643861678534,0.4525594392571899,1.4712586513096155,-0.7652793639563181,0.7354287210366156,0.8352062073447445,1.0490156420891892,-1.4588001086753197,0.6351936253274488,0.8400680533730092,1.6748354322580077,1.755180523996956,-1.3564538785735787,-1.4555430767355828,-1.220180005890419,-1.7653973094894155
5803,-0.3010859599001082,-0.4142351287480265,-0.37007126842600396,0.3483384933853506,0.22783148139324266,-0.19828904221095564,-0.14891843558855528,0.04063533672442019,-0.955377895339181,-0.29395930752132376,-0.05682695048730208,0.777251065271007,0.8188479710140318,-0.8250068382823321,-1.2378926685798113,-1.0205466348557932,-1.4992185419041086
6503,-0.19077826576206172,-0.3459618497461305,-0.23086629012763338,-0.243921009054047,-0.004810920028763156,-0.278972959066937,-0.05441315373882325,0.19663418926357087,-0.748035377751754,-0.47908373089317935,-0.0402637707053082,1.0866688364087655,1.7916166120766381,-1.0176856006294368,-0.6780458370092028,-0.671969853929802,0.637684122954542
6701,1.0888230139881276,1.06033642458791,1.0813603168499466,1.4125525071614966,-0.8959638830078305,1.1631281775094267,1.2233848872327573,1.3530387597135016,-0.290861233446015,0.9521835241781645,1.2183971831237854,0.4872755633440518,0.45571980008969754,-0.330530222302161,-0.9348410281895158,-0.3398219373689989,-2.2403646324039173
9432,0.6906970742782674,0.8676335416489923,0.724095358897593,0.29470825598709943,-0.7702164231137992,0.5607338525219554,0.7235909557577085,0.75606475761838,0.2216027262619878,0.08916288334931476,0.9362506213179942,-0.33800431156552774,0.05361177810063297,0.16715233488383538,0.4194321813078451,0.1264600501070161,0.7210995379582031
6098,1.4117483162986748,1.5044181626731188,1.4707507204759802,1.3037476911084176,0.24007734722320515,1.3643332716659227,1.387808086120235,1.368441387459777,0.14995494917945035,1.1505192439063254,1.6199820125270743,-0.684764294751849,-1.1577279339024165,0.14480670609483015,0.4014224037739789,0.5941107789497383,0.9950898747079573
6301,0.36810615350954173,0.23859376066176075,0.23143232706522518,1.1719233306914185,0.4779327188202898,0.4833597488979359,0.6132531784786984,0.8438333395973765,-1.4728814804500636,0.3721045528988757,0.6095802187015135,1.5647022560649626,1.8239590931329168,-1.2977907663271984,-1.564097254970633,-1.3264526270666677,-1.8080260274064648
6473,-0.8043178390522107,-1.0145759138059118,-0.8451970832734481,0.44859940051047503,-1.1205880716786043,-0.6700355421421764,-0.657564267725573,-0.482229108919217,-0.7206781196202002,-1.2021195832556015,-0.05162216418712695,0.690077821684127,0.8265158307499172,-0.6894842366245452,-1.0567123589750687,-0.8638912125544308,-1.3290664677670239
4502,-0.7473989784280849,-0.8549819766536165,-0.7913622133112119,-0.9313429841618949,0.18621359436449345,-0.8998891326113748,-0.9263281288775118,-0.8495478147286415,0.752524494333575,-1.03537365394759,-0.6950468902861644,0.23879292100533164,0.8711458702743897,-0.7618098808538568,0.5271661294098563,0.5358583550173189,0.6172236815536359
7751,0.08273716211427924,-0.04687983949585675,-0.029914593250297272,0.47110382553647057,-0.8640556325601143,0.13245184233462123,0.20040268845195827,0.4425542554404163,-0.8060371274384889,0.0204481713181988,0.24571810960683668,0.978039245929145,1.230967365878629,-1.0911416850419358,-0.6623095875316631,-0.6929784205757489,-1.4554749806111087
8304,1.0829100323905123,1.0531164346442372,1.011545549679515,1.4129154932703238,-0.9041627038431569,1.1850555090478667,1.2475361734789112,1.389414105529031,-0.3151649239576213,1.0155340512264166,1.1773330063521434,0.6406445368467748,0.5203526254265158,-0.9577761961855271,-1.5884389161391244,-1.3825546905492216,-1.89327662897021
6103,1.0426940246893144,1.0507206051630977,1.045486230074028,1.068083539076909,-0.9516589662893818,1.0220064135944447,1.1561455081144585,1.289711475356338,-0.2958358855932237,0.7876755164356894,1.162192246162939,0.40292893984306755,0.7056514829896557,-0.13440563048520474,-0.25870144682528456,-0.42835708687048396,1.286212315906239
6857,1.1701354181491705,1.0287724867308983,1.1127032779974693,1.0375652742578554,-0.14121085442638384,1.1098962107536892,1.2606938499231362,1.2598455642866677,-0.6902447973204442,1.0964146033050628,1.0742306467863318,0.016838328110651214,0.44866729864952043,-0.7079557991559338,0.11615171696328776,0.37329298854218546,0.9582701683073389
6472,-0.12487998958124258,-0.30922825112106406,-0.23628712611157282,0.810633600358663,-0.4343006345160698,0.029732469587493045,0.06952794931057181,0.2166263460295881,-0.6440558784927755,-0.3335756447243544,0.3939863825066633,0.5107651966974421,0.4706765459271522,-0.5979436809640404,-1.1448792944811002,-0.8654742646129531,-1.4154165076201344
4503,1.974803899064641,1.9329561611683672,2.2268105212885367,1.6408603307506062,-0.9080657373250581,1.6918717786716828,1.8177591472329195,1.5542776368508489,1.2844247211570743,1.5109798917915858,1.8390211897023296,-1.9144312586259142,-1.814244539902513,2.044403025502418,1.4449224019651408,1.4419475623092577,0.9239367901674925
6506,0.5318748598493697,0.44402576471290994,0.4734658582052672,0.7415783751959611,-0.33916008257935754,0.6952121782271866,0.775002097247261,1.0250400922287857,-1.4729007730377213,0.6308434051345827,0.7717060745044042,1.7022011604905236,1.6813748732174547,-1.3758106514728772,-1.6898558060266555,-1.7262076122669743,-1.5523510628517478
8729,1.0937838248038743,0.9105657067404473,0.8564640847947762,0.8999094154608054,-0.3325857559338361,0.9708738251156724,1.03576576145024,1.0588391626124989,-0.2766974710506614,0.7498396575871402,1.145303459628011,-0.3809181458548063,-0.3230320036201511,0.18794445393420123,0.13893453040816348,0.3296351552253115,0.9065471339627823
9437,2.2417581285676484,1.9606200396979654,2.1078656339833186,1.0158749157223441,-0.9219654948214487,1.708105647072912,1.8789747970245494,1.7356440967799114,0.600817321401761,1.1970281131907619,1.5876582585722743,-1.1131338051447917,-0.7672471245811435,1.0831367045304023,0.9617976370070995,1.1148215019528571,0.7733672327069696
1928,-0.3349502853606894,-0.3631105729162555,-0.180982455433886,0.43982408545601015,-0.9807040474870081,0.16061738071972773,0.12640953160005,0.43837513369080894,-1.0235460711239999,-0.12976008869737754,0.4293708722545495,0.9219354168117518,0.4891630956136183,-0.9257063431752128,-1.503101021486184,-1.3398585722537941,-1.2945312615747424
5233,0.9009120742169037,0.8629915096565095,0.8050204948905828,1.138442551796639,-0.9690511035706013,0.9655925262881098,1.0387549815906045,1.2257772430496505,-0.3495812043211746,0.8024823523170014,0.987428070105065,0.8210986835609778,0.7668153875788892,-1.032147875762914,-1.3895661478102161,-1.4337276997181505,-1.6585268147988221
5541,1.4357721322068935,1.4247025774104831,1.3985469568022162,1.249248918749525,-0.8000320538524449,1.3182060412219216,1.3875098718144723,1.4924944836253708,-0.2937569754412205,1.2532737973325139,1.2360072470878067,0.3976150882479712,0.31994230406778357,0.17964914933038784,-0.23991278247122994,-0.9202001140621311,1.4139896420151001
6504,-0.06438595116488323,-0.07287258970594633,-0.048795884618007816,-0.0011833138523878691,0.03297782707593915,-0.007071569365718355,0.017773616112765785,0.1108658262980875,-0.274672379187015,-0.1652390300551334,0.34569307263935917,0.27457323556977586,0.28206041914789515,0.2219425050490105,0.7100075270611521,0.48123484931361227,0.4184959308230001
8267,1.2777571730614543,1.353013511921722,1.3687608227396992,1.2442388897911913,-0.13973796598035965,1.4265169841032088,1.4167164920999384,1.4445473521925178,-0.5165349900894902,1.2688000735763274,1.5862030527965243,-0.5938197004018716,-1.343780808366352,0.8508515017843166,-0.3078237433977106,-0.3765408945725916,0.8977447453603035
6302,0.8751857773250445,0.8288060701594919,0.779842318714951,1.2750993680503193,-0.991797222979674,0.9526114790902724,1.037873859652808,1.204718879055004,-0.3749483189427957,0.7143986065131374,1.07962918456195,0.6930791675563555,0.7559567656584982,-1.0343496603116724,-1.2917016587899695,-0.9994699158568765,-1.9427209357652264
7752,1.0265432708622444,0.9799145725273561,1.0469942598834447,0.2263674018821404,-0.6050496254350324,0.21791717517578757,0.41039252650041547,0.3480344703107547,1.0124917721174864,0.3292408746435861,0.04922084174890352,-0.7698799943768119,0.4261648821743419,0.8200585449668125,1.220292175353401,0.9077254208049566,0.7465162472799657
6841,0.7818400661927237,0.8700476015828442,0.7638163360006693,0.5545993978463134,-0.0032701779390725432,0.5596959829226836,0.7508868447183575,0.8828121313425011,-0.06890417130848343,0.424769337395103,0.7021147564196871,0.7310260671681369,2.118147753555629,0.02605274611209639,-0.7378862316150036,-1.3291142097971578,0.7987105175395964
3086,0.19420100698019935,0.02732831393718014,0.12193871181116914,0.6143200036247101,-0.9715577878145991,0.2904502052835618,0.3137136818216352,0.5962422985694097,-0.6709124415755708,0.16498724822057703,0.4007897618608659,0.9047899074662624,1.0028936672679765,-0.5951584568393693,-1.0704990244287178,-0.9681888493850055,-1.3325775281540173
8306,-0.08654094814654437,-0.07560382214810527,-0.023551432569959854,0.003754658143854774,-0.6440134550288277,-0.10091149177442793,0.08884088656883794,0.26013253748302345,-0.16754775062455435,-0.24014306040250966,0.043328755295989244,0.3928958762320558,1.1884127467255312,-0.16991383857571035,0.012009655255662208,0.05031801154462846,0.7811048758677143
4272,-0.5863585507662191,-0.5671889035673553,-0.4735877351669025,-0.7441353842103751,-0.22378679541298066,-0.7037254578892133,-0.5772693050507597,-0.44297604135158225,0.38599070155205745,-0.8630867189521509,-0.5129313998220951,0.3522560652048984,1.0231282011277807,-0.4379173701358192,-0.08017781568356037,-0.37901634110890847,0.5465484421470163
6471,-0.377906156067938,-0.45073356442463797,-0.3675286184533819,-0.32985809334550326,-0.28178819767931185,-0.5068060438447249,-0.3392984839217574,-0.09180873966188072,-0.2382820750960631,-0.8418129650899607,-0.10550145578281661,0.7909803502622783,1.5244082889187958,-0.7575285472870324,-0.7003220676450512,-0.7789375335512987,0.6856539313532438
5232,-0.3132289368908418,-0.32277540547257827,-0.32099142393242786,-0.05526066674198316,-0.6581299535159241,-0.2511256210199065,-0.2625351159418494,-0.2393051654103968,-0.32438781538345146,-0.29026095664974216,-0.00901086022262614,0.3246974898072317,0.2658339385171252,-1.0443473118903102,-0.8189765076114818,-0.1996598446677461,-1.4994141639519256
8058,1.2363791783559357,1.2725025772216771,1.2012821854513853,1.1690906936745717,-0.6935574096224801,1.2041371654062425,1.265106461472752,1.306221920055577,-0.4939852088654873,0.9189511360243331,1.4716206148446151,0.0818954040066568,0.07470029753728327,0.06152718840426843,0.2611756002938675,0.35705921304013094,0.9108577042371684
4689,-0.7779624160510799,-0.9205739543377248,-0.872239006449953,-1.4460251330176443,-0.29676201809935626,-1.4499198474755566,-1.2629798721392438,-1.2586294192607599,0.3819913269177012,-1.421587357581375,-1.3532705694226077,0.25027699174694257,1.5663104356309812,-0.30318595610016136,0.9632722003804811,0.6078492847835933,0.587295325328663
4188,0.5086726638196458,0.4076718427757822,0.4262510576420573,0.40924813864935244,-0.6824573819590084,0.4035122684495266,0.5605994105796793,0.713115320209752,-0.5655718526518088,0.3016229283965306,0.5087407585918103,0.6777498046374401,1.3246425987470423,-0.5801013406039167,-0.27532079141004945,-0.21488354176575825,0.7455748199012642
1812,-0.3865800673728975,-0.41044627042185844,-0.3830175710138724,0.15088351292733373,-0.7279535418915828,-0.28185178360707225,-0.18491448901904892,0.10133597991563259,-0.7220160410726535,-0.3721817702809648,-0.026378527511140563,1.1069964418907867,1.3509570383761813,-1.3331529349069935,-1.37660032494784,-1.1912837106238638,-1.6028114476001483
9532,1.1219154413108199,1.1420148554751752,1.145967503367919,1.4497731877311633,-1.074428711953957,1.2603521016944612,1.3227229132357732,1.450759877110637,-0.3437241515521122,1.0611519978051949,1.293309973448871,0.5923403247359804,0.37771312881181857,-0.615282510970354,-1.4430384950715442,-1.4571101798785326,-1.9497178802184827
8604,-0.8171474847639367,-0.9754057266645463,-0.7781979276770642,-0.4292296477280451,-0.8660940098875041,-0.6181576185194488,-0.6159801003645611,-0.36806508779454256,-0.7454474224419705,-0.8629934484776988,-0.31528950164549874,1.0596520743959883,1.162619392381758,-1.4487797913815939,-1.2516904976785916,-1.284587401330965,-1.1022265072144224
7735,0.5187171112527587,0.45190985913253273,0.5046413789248236,0.9842835326314777,-0.58252369203573,0.5533937580639069,0.67371566503884,0.8159075229395216,-0.43452195458915516,0.4104217903579064,0.6450343284508333,0.9295299985712945,1.158034609692825,-1.0815308556779857,-0.9193249940110123,-0.8725087613988576,-1.5741690672269495
7912,1.1481241942747447,1.0918451953329957,1.1299314486267997,1.1641469601051229,-1.116484266402411,1.1433347351035874,1.2082157596965553,1.2937883426812342,-0.39292918288515566,0.875899571394926,1.2827717716785496,0.15254131468884713,0.15602951892827208,0.0039023344700372543,0.11388286100676322,-0.05446469158891069,1.0394698567861023
3382,-0.43771109219314497,-0.4337135863256008,-0.14887263688656638,-0.07415457377850905,-0.8732819402848638,0.41096746819510926,0.06897612219553399,0.23755734970301648,-1.0250297918298068,0.5381168372205776,0.15053174725484222,0.8720341663733814,0.0647914435898802,-0.052354347430071696,-1.4247269080440113,-1.3878957396185228,0.70428528254207
8002,1.4503044743374547,1.3739533231810808,1.403749298599407,1.0566190021683246,-0.6999095001360295,1.1681244736026366,1.3150332065640271,1.3008145981561214,-0.04199185974603164,1.061337062348616,1.251135218393063,-0.6866703572918536,-0.2745058797295078,0.7525595717438361,0.8705430926238064,0.6717943207848368,0.9065078119349946
6952,0.03123372329486468,0.022954866647638735,0.13926971296040888,0.49334709144665584,-0.9818675852566897,0.6016037167121624,0.18892515700063908,0.035115352620624624,0.3820987810927376,0.2402191415862119,0.9627082294851902,-0.5689422339938861,-1.0554098576032074,0.5479171381872242,-0.5251308565283486,0.025797364634487917,-1.3893249180426692
8766,0.830162967591983,0.9963606675875533,0.8888762124150165,1.4523198522393308,-0.34129433871999026,1.1024661947831471,1.1456082631136655,1.1981572337291087,-0.42011938565444723,0.9327790942135582,1.1869635557426756,0.10156415166454674,-0.17005599856736528,0.38079452424328425,-0.7654291350223519,-0.5040766111161866,-1.7099112474454403
8028,1.0566961381855977,1.1832874453351259,1.1441062203284367,1.132686693703254,0.2764174225899523,1.4545720509097373,1.4026259924238549,1.5260939802623652,-0.6609650837429951,1.2513189113149956,1.7501278650448484,0.13687628905355115,-0.8452072937463212,0.44780398401724514,-0.9842247298991894,-1.2037301758927332,1.0318710315249888
5901,-0.011719521113270941,0.035959400459469305,0.09464596269289269,-1.3058158632991517,-0.31719359576876016,0.03480550854991641,-0.03940314867610551,-0.45935611992787345,0.6262205567130282,-0.14437067729473468,0.23681308454047842,-1.1578879750948667,-1.3463521670278327,1.2595938105925994,0.8317599858338471,0.9734370436411669,0.6128485177479545
6367,0.980090365374825,1.0739889541879206,0.9982124695211563,0.9079826851516134,-0.9230602586005259,1.0864160547214823,1.1212068815181895,1.1379555798435967,-0.2691148106005697,0.8170489832495414,1.3614271234418736,-0.004598339742925329,0.02974252817586062,0.0315401276906977,-0.15234145072421698,-0.165691765538862,0.8144920140980542
5108,-0.30299047305686044,-0.45790813262507835,-0.40255476726059897,-0.2636542245174851,-0.856487189801273,-0.27317186286382655,-0.20290085022587506,0.05168199339355672,-0.9710684146524071,-0.40206909182857975,-0.1241233417348146,1.0381355076927634,1.2964350480836264,-1.2782995375035144,-0.635405121552494,-0.571249389227045,0.6051361494805365
9531,1.0462208806181021,1.1084349812282204,1.0713224765207172,1.3707950217247618,-0.9858437977020872,1.267349151032602,1.3080680244471068,1.443148495907423,-0.4053691281350697,1.121109902803649,1.2355524810864886,0.7345184522750554,0.35433313884166834,-0.7980648397104091,-1.8486023881534783,-1.6769748979956378,-2.043334335569106
6366,0.05870910746755615,-0.010140775632559381,-0.0009246658600806679,0.8759423925152235,-0.2436302768103151,0.6307286405564885,0.6340982676112453,1.066608592985874,-0.411233565531493,0.4358504937607048,0.6216787547515158,0.8925458470265845,0.7949974589555422,-0.5229030759209142,-0.9486599317277171,-0.983801524122727,-1.2766066594553627
8411,0.06257007412813072,-0.07783119389177909,0.11466295315636453,0.06143184324861214,-0.6243839093248943,-0.017539784381824037,0.07188898856556633,0.12780902919134216,0.008462723587975163,-0.32614952699919963,0.23023107645285978,-0.04255692403480148,0.47545938758570244,0.1805581212159859,0.4280480584644665,0.48135279041924833,0.7485638733904947
7911,-1.0018205756605916,-0.9941789473296667,-1.0542349297844182,-0.8902174435647192,-0.028836915897031648,-1.1029157931441864,-1.118666692430022,-1.2530838812893943,-0.4790728690668806,-0.9231757077913955,-0.700726733309623,0.41801962523989766,0.5426739851230805,-0.48835602829882024,-0.3614595541524682,-0.46453180262972704,-1.2903347652569297
6762,1.5873904693507161,1.4686265293577179,1.5569379518540631,2.3639081290218704,-0.8565687757272965,1.8507410556070043,1.8283507895484477,1.7706718024015435,-0.2295777653081187,1.40767242140324,2.280409603081524,-0.6987268110468737,-1.5475540779380959,0.17388598393691038,0.439519007110079,0.7289654836287401,-2.0239592460513447
8015,0.5926682200026683,0.5125874526270027,0.5390295593441041,0.5842514417001441,-0.9461826804167939,0.6248199299132888,0.7269121007266999,0.8703741132151507,-0.8822019077492425,0.3706397206469235,0.9096728874523156,0.7400047162664828,0.9574746196818543,-0.6987386249003659,-0.7341796403221509,-0.552154192858645,0.813925037169058
8001,0.7541028444706598,0.629102346872253,0.5925130509484144,1.1822772069104388,-0.7693321974965263,0.9005531673574584,0.9615801865954869,1.1447624154691907,-1.5480559969150585,0.8119894008791902,0.9725501339755176,1.5872897716235324,1.4040759710626294,-1.1520220044354128,-1.7265688898247629,-1.706348869537387,-1.6042460681656918
8830,0.5071331907103505,0.5733332046024309,0.6084898198475661,1.3056377729896804,-0.28682201167930566,1.231783145786008,1.1665984706797583,1.3927068173723471,-1.301933334501148,1.3578728656670016,1.0548692088970295,1.630367914422713,0.4409862167551244,-1.4120231723363355,-1.8851378456696815,-1.6153604374246682,-1.6640544541933862
4005,0.19561780179487911,0.054902467930798164,0.17145333004354174,0.9452658602241609,-0.8494130588495513,0.2511902211698401,0.3267732220722041,0.4756330641284136,-0.6663364553948439,-0.06215221939390898,0.6241143667173986,0.3766503426347658,0.5533043013803524,-0.6318979637278432,-0.46045234628372445,-0.21793932912025735,-1.702857968917944
5333,-1.331618553753536,-1.5013852660542084,-1.3407181309672613,-0.5591211809711131,0.06967513113833186,-1.0124241479771299,-1.14556081548063,-1.1758515289080542,-1.358677311335624,-1.1156185623581556,-0.7587578427508113,0.7233915263833534,0.06697202492923694,-0.6698217832315454,-1.414956839998925,-1.0842279453554735,-1.2171483481021201
5332,-0.015120676864521457,-0.06764488654398362,0.028388796232891124,0.40423679823276026,-0.7212050626592129,0.5607936105120711,0.5736705630354931,0.9646853648995463,-1.542000763527858,0.717911337551049,0.3119973191364186,1.8641389969514088,1.3705771515880993,-1.3819297785223412,-1.5978399980871856,-1.4560545193388832,-1.3609306661154508
4004,1.4499661947319642,1.3814754249760282,1.2170702024072868,1.8562463636390871,-0.05088144115198259,1.3136967641093635,1.348944371411445,1.3363339782827508,-0.33041012558389143,1.1632542362301275,1.4835223975645786,-0.495423943635857,-0.6193191720795965,-0.5283012055960369,0.2396568688282296,0.5710956762008941,-2.3548703890358063
1801,0.9585862205183499,0.9470549158312175,0.9639477090449411,1.6161346847504223,-1.0049806232670067,1.3189926580656353,1.3286222715351792,1.4643109017290898,-0.4476939320048113,1.2437023061700483,1.1860525934154584,0.7410357041212162,0.12627208529272038,-1.3460005476010004,-1.4983158562927235,-0.5469166219408347,-2.2639130552068756
7733,0.9999280815934392,1.1377925426743236,1.209776719635515,0.5132834530200139,-0.6774553740942308,1.0923859462804855,1.170596618897364,0.9060141914149498,1.027756202623499,1.074024027423332,0.8305508154755228,-1.3800465576031764,-0.9763502489525788,1.4749535366271713,1.4906751443984814,1.6894169513145312,0.8138648416048778
9681,-0.06090221634724608,-0.14766151686101597,-0.07980125545160632,0.22534815399047714,-0.4833065763033237,0.023886245208388803,0.1370489276863754,0.3274918403473711,-0.7011619593225328,-0.11795121383399923,0.14777854888649625,1.0601560857932042,0.9487309210577105,-0.9894175099083622,-1.3950947045147832,-1.4458645268427297,-1.3214437782063542
2501,-0.1424276571794968,-0.2013796500436912,-0.16403609658183751,0.36710754664903933,-0.38953637842381034,0.06524570881095725,0.160065382278261,0.3487620778011866,-0.43315021204550097,0.04488742162371935,0.06848881874740713,1.1543826107851616,1.0231365249783058,-1.7380160977047638,-1.5770765411784557,-1.419704308478842,-1.4991143115207632
6773,-1.26263369956399,-1.3117230345944788,-1.492625038848414,-0.8446781781218455,-0.4043197417964351,-1.2727484616483578,-1.3541720975443556,-1.3424498463265542,-1.0314674728804087,-1.1726316729846473,-1.2390842693872264,0.758449184648896,0.7046475258308409,-1.2690400345959354,-0.21231059131599497,-0.28295399675739613,-0.9991666515619665
6954,0.02226484389459979,0.00971603582700475,0.09689254860514764,-0.0433614694366597,0.05511268668046983,0.08506628138367403,0.22220981251062175,0.5066726276054393,-0.3062896787630373,-0.16648127356094222,0.40503098163791457,1.1043096589122752,1.6869818430886037,-0.7792536927001199,-0.5751274051375247,-0.8211358914010654,0.7301412532880652
1963,0.8589317910819402,0.6559385944296356,0.462571767721206,0.45214435628292354,-0.6467515299330417,0.6038839376476061,0.877056592842107,1.1933082752643065,-0.4016441780688099,0.27669861279405616,0.9534009281153045,0.8162349616805565,1.4888200649474186,-0.40997412900874974,-0.8337110163643086,-0.9625657639571665,0.8086035439867999
2503,0.5518148197574799,0.5327378781853019,0.5524646546501368,1.2114112160777248,-0.248530916911232,1.1561083181911571,1.11572222814478,1.2934308205906984,-2.2428495728882827,1.3965367928149008,0.8701460033341901,2.4671223229100474,1.0339873616486484,-1.6835082819499951,-2.374103682784768,-2.0466303466978646,-1.7282389798792506
6361,0.6074972415357932,0.5616027715398547,0.589411421425029,0.44502531441001697,-0.528244833277353,0.4356664113681419,0.5897616832153268,0.7206773540501767,-0.2961517448812982,0.2909437634572908,0.5339825696197887,0.7319809042773108,1.2510930427413236,-0.43857415938886046,-0.9406426949769626,-1.3078360601595929,0.839177737488454
7731,0.9378368519000448,1.0344815619722645,0.9846750782333574,0.01340039892874607,-0.5259587495358082,0.21993849071310193,0.5263119364510453,0.5630740421668131,1.1115486640002055,0.5167312923398797,-0.13688785845573173,-0.6284665291046185,0.7766578187220206,0.5113279045679054,0.9303063504444496,0.8907001595059408,0.816724141172752
1803,-0.5459273701589646,-0.6381005032660928,-0.5045980594543107,0.814543057033487,-0.5867539471773012,0.5525766836038731,0.3796658491888692,0.489066024257191,-1.1770312373652412,0.8936021324462615,0.11231964744717904,0.5335487185474571,-0.6737165182083591,-1.0468998602913049,-1.1287887470667624,-0.13528704514939463,-1.51254761279143
7269,1.6239607874645017,1.9120269246085144,1.736718875253946,1.24860352364666,1.0896950241607992,1.2586762636989064,1.4265376575325615,1.3237034024965006,1.0314982970607915,1.4571720133802328,0.9954025642736983,-1.584682847102677,-0.4929463857356401,1.2525131783257522,0.518124009266789,0.5678908778765704,0.9453449249316435
8628,1.1800380118201186,1.4085327739879556,1.3111816019042497,0.928432211997021,-0.2865310041604698,1.0904834544618638,1.2268053991694818,1.19086176576587,0.9020152737584397,1.118398626677081,0.9725911449067863,-1.0861197934010642,-0.527232754320164,1.5624726788360004,1.0425305811294916,0.8533761350839422,0.7939261116521056
8601,-0.3144724660349562,-0.4714067390309462,-0.26833753782831476,-0.22379563311084882,-1.0042692985519774,-0.3798841232362113,-0.32838434492953344,-0.24767189612373122,0.16393025179633305,-0.8511211167562204,0.2220109797843076,0.12970827265610993,0.6010730898564253,-0.13374516644517295,0.617435074804712,0.5862251174216464,0.7439121103365574
1802,-0.771677143073298,-0.8922145228100479,-0.809860559896367,0.08587405100858854,-0.6414658809970748,-0.3093833480786216,-0.3154194924311844,-0.038952624041727224,-1.0743448968123521,-0.2905564231109031,-0.30533096585197794,1.169938834554456,0.945072001884092,-1.240030321947504,-1.2760451879460706,-0.8709516581399697,-1.4484226679533732
9735,0.43636029396212517,0.6888811576755951,0.7091027087087852,0.6073779342720693,-0.23460027585869425,0.5367783367575042,0.6141150552390674,0.49157631437773525,0.7390301588423503,0.08767625154739976,0.8609539781365456,-0.8602845021201817,-0.7862171749197242,1.0385910599151464,1.0610319805722255,1.1441336182165955,0.6635931923160179
3436,0.5410853932159226,0.4862325613507599,0.34223172878501285,1.1664544798823022,0.8427495713318426,0.7114340604482631,0.8331884522234154,1.0663850464159919,-1.2116220084568385,0.5940795035224457,0.819770023882155,1.351785531790333,1.3512334320975428,-1.2748520884196044,-1.2457176345518208,-1.0267490877909171,-1.6783987026921834
6758,1.475557966461037,1.3691273985103087,1.428810582496473,1.313818402790865,-0.63917361917449,1.325738587120204,1.406729964667961,1.3690477195224675,0.49202040110131395,1.3460086014326487,1.2702602136436583,-1.3349820986942411,-0.7628683480210257,0.5633891511309821,0.747831865950244,0.8176290478209486,1.0184584810340869
6770,0.6918460810885824,0.6192964925542418,0.7334761623768136,0.5632063911675783,-0.5967366562905355,0.493061260298767,0.584680098357578,0.46143363358008027,0.7317454929549255,0.3824533399124094,0.5736682469428839,-1.0409959810877933,-0.602347378746354,0.9157766057885557,0.8109436328585373,0.9815671337531724,0.8814833305663721
2502,0.5203688574227645,0.5429550782437377,0.5975948916787638,0.930796402750041,-0.23616548058228073,1.1446832159944378,1.0839558999727923,1.294354981620112,-1.7175459771803863,1.4491652596031208,0.7772114045650205,2.0038359897120386,0.8040434607795187,-1.3821930786851908,-2.075235425027517,-1.8851528837414389,-1.567497813357024
