2282,-0.8331322450632987,-0.7812457333840991,-0.8659634382183957,-1.090858259950781,0.508234143569401,-1.0340458787980693,-0.9649792495311494,-0.9905877531777203,-0.32435030235133233,-1.0056550989084418,-0.7196928385764998,0.2196601803640813,0.34275201560628427,-0.06392659011874588,0.5497663823887966,0.4145494899704096,0.4874818602463133
8750,-1.721885821590878,-1.9077266105832047,-1.7102462217949097,-2.0541578758404513,-0.6498183251424674,-1.917735526401304,-1.9706351159371767,-1.856068492725732,-0.45692056859459973,-1.7205144827258922,-2.014972822482335,0.9781052685287935,1.0351976424280132,-0.3828638256579407,-0.8216916343330228,-1.2411521316323337,0.28738456758763853
2269,2.0461819678528257,2.0925630560883444,2.1695674690252087,0.9430051897854518,-0.7772118642941046,1.8458384107954968,1.9107614794742744,1.6160794208621867,0.7838457637180167,1.5501164873760647,1.60670216900198,-1.924969495411233,-1.9557089070720022,1.3896093666265392,1.2861807368647102,1.2442544329100051,0.8071365278206449
3407,-1.2695624832062768,-1.3037007421557245,-1.2648542135526162,-1.4828280373853562,-0.4824442356945134,-1.554296867367229,-1.4000899319329736,-1.3590166494720466,0.2143529577576395,-1.5411847734399498,-1.5056326948892176,0.2775064455647043,0.9471862631950051,0.034418605204044765,-0.2987949905486644,-0.8725850348999535,0.17594052000347746
4208,-0.8834386158975961,-0.8881895787141811,-0.8840911896021365,-0.8471877860659466,0.583939450330096,-0.903745010076802,-0.8725069888137872,-0.8517220134129654,-0.3035206457315713,-0.9105881144313414,-0.7380553852285882,0.3339297541171442,0.3843483503116627,-0.7920725784766711,-1.0509528258316336,-1.367770129959678,-0.059760583573133755
8354,-0.49864885878568194,-0.5103086916776205,-0.505824123359152,-0.6752150601538849,-0.18687533581959342,-0.5679518301612595,-0.5911714789938882,-0.6385016412566397,-0.21760413433315623,-0.4812023516210851,-0.35300923367123704,0.3657842355857083,0.39251743130568223,-0.43585167906079203,-1.0333940266582375,-1.5044612068325027,0.08377862206014752
9062,-0.8716224957528755,-0.8727526777532152,-0.8713178904492688,-0.7570340602342412,0.7974612201311341,-0.8974786895457502,-0.8600015401507503,-0.8371320587272144,-0.25787159173927726,-0.9159694685401856,-0.7437601862585602,0.37648096376721346,0.45931311114089207,-0.5516850537466987,-0.09873608281539026,-0.5579851079354754,-0.2122059337708692
8630,-1.5116088167232196,-1.4598365352507219,-1.3747435227061142,-1.9358226606018842,1.880394236034085,-1.9257962598559293,-1.821008671177166,-1.7408962993809034,1.1707393494430083,-1.8368588937698291,-1.9324933971657505,0.5399795212397569,1.5524894804051594,0.2772192844066254,-0.14591138339098422,-1.0301193895025553,0.2526983483353781
4751,-0.7026324560154602,-0.5623159479853306,-0.7124541883129308,-0.8170127570370989,2.077298157944842,-0.8698469755003094,-0.7658046440121447,-0.8090491203380754,0.7177148474347407,-0.77487319960139,-0.9800576438579136,-0.2915918119439412,0.028224292202916078,0.17382529600503072,0.24705297836578297,0.5687723276619889,0.3993731134524463
5301,-0.9717275837041324,-0.9858906537195978,-0.9782616828780795,-0.9759806918974778,-0.7830663089650582,-1.010476742374781,-0.9699185743507118,-0.9351217180354016,-0.8418357369537448,-1.0134053870175,-0.9825630688561273,0.618496350184125,0.8287815522557335,-0.6541832799719991,-1.1144980852208461,-1.5626345209069135,-0.06821430518826019
7270,0.39193711954749605,0.3408100006336427,0.4319334993214061,-0.8704284990173096,-0.7767878317352628,-0.08641852168890342,-0.17446081278501763,-0.20901393536868862,0.5576251964511719,0.19963536100814672,-0.40923284285338674,-0.1897711965834653,0.10648455929107535,0.7434151715723872,0.4150880685849016,-0.2985127111021311,0.6732782322083554
8802,-0.5833705612971716,-0.20018103650936056,-0.42348035262257105,-1.4422596393193543,0.0995368781874044,-0.4911610823006913,-0.6202443041737434,-0.35089724994147115,-0.5738035268905823,0.2211831008591981,-1.2184908173023385,1.261722407031011,1.2592834024124944,0.0017896618225418921,-0.6015184333511518,-0.977460436379554,0.7537238609322312
8355,-1.5435143728141731,-1.759860898152717,-1.7416087019427153,-2.1535616282310355,-0.8544287160571687,-1.9415007073842907,-2.0567216126463537,-1.9010533465362325,-0.4510458784662496,-1.7799196543383908,-1.9556207482044714,1.1714308643559443,1.2882725468189542,-0.5257007323919656,-1.0566994115044033,-1.3893419886888996,0.4234908445511631
5711,-1.729211036985476,-1.7376187828835112,-1.7286766797418733,-1.6024006148885963,1.4003630188595413,-1.8493371909728433,-1.6768451383042562,-1.6241185896176131,-0.31168589960984244,-1.9459268912953607,-1.512629146716901,0.38435017083586404,0.41881558117428314,-0.6268781672035463,-0.7462339473561431,-1.0262635930847095,-0.14153004485449475
9301,-0.9021523195273593,-0.8672446692509528,-0.8511464095380841,-1.0100217752067184,-0.3653313344309848,-0.9649073559500617,-0.9491569721811186,-0.9342692995532873,-0.1312583228117211,-0.9205153344494702,-0.7963926409193822,0.3821353526858212,0.4797571386858099,-0.04958531674420785,-0.49479535111846873,-0.8547618275512109,0.427467571946945
4631,-0.5503179044275845,-0.5757506063044948,-0.5826597409605643,-1.7658233080006345,-0.37574790613654496,-1.747324524187316,-1.227757257502952,-1.4244892597904337,3.1787480518454143,-0.47956414628931826,-2.7611850838668763,-2.5027378889845195,-0.49527828160487297,2.0660066320988695,1.4221202293359427,1.4486655947037663,-0.28841307604943484
6971,-1.140113726094856,-1.1517279388553332,-1.0195272651248615,-1.3502183686087732,-0.5974120619961337,-1.2685066465248718,-1.2592781822032237,-1.2132197526598982,-0.4503565618291701,-1.0285778239062981,-1.4528693132907282,0.5031618389934218,0.27718099256877543,-0.15038158043328534,-1.074580905945077,-1.4220344188322205,0.3412421840808816
8035,-1.0481067322339557,-1.0152412591763114,-0.9970538652329496,-1.1594369307172638,-1.0089650166950388,-1.2522852500639563,-1.1207272291821126,-1.1384789199671594,1.3492689839527685,-1.2016681535887388,-1.279137887564845,-0.30416726407092154,0.009800996001953733,0.7615206857112516,1.0037461211709315,0.9266553831594597,0.2109623482048121
5707,-0.8336975376640815,-0.837068110537747,-0.8368531939054651,-0.8084043144241904,0.0725941902710236,-0.8756568882069126,-0.8442125475254066,-0.8418578819253323,-0.2174626308766207,-0.8887916081404197,-0.7063429983108507,0.2046824279726207,0.24228155788910274,0.17537668935967599,0.8764098152357843,0.6201859339771767,0.025826677365530182
5713,-0.9647367347969316,-0.9559173167067289,-0.9431534136006628,-1.025368327324874,0.9239113328075683,-1.0509072960269086,-0.9949914378010587,-0.9753376971530825,-0.004762456790187098,-1.039370046229488,-0.9822005206423698,0.27698210201330326,0.4572449217121006,0.01145513732614899,-0.06373913413600027,-0.7312949159255937,0.14984770708089334
9101,-0.8634832044937288,-0.8657339870548565,-0.8594967690314765,-0.8301364394667803,0.07061167727970558,-0.8810291016505338,-0.8560258274773048,-0.8379533755253625,-0.2745728951279041,-0.8890053876991503,-0.7205044116511884,0.3152191991546058,0.3617638462044806,-0.44529170923375694,-0.8844946994354135,-1.1240312356430042,0.04125109804315783
5101,-2.0422902871706192,-2.0934084996783175,-1.886038153695115,-2.1944261067991717,-0.5226797536067708,-2.0379537342018788,-1.958861992722757,-1.7025772723266233,-1.5781086397938122,-1.7882804886291173,-2.195109141379706,2.0262677155980064,1.9373927821418764,-1.1415665054947315,-1.3117300285103122,-1.5677493688150028,0.2085594219437869
6178,-0.7374615355576756,-0.7864854154208023,-0.7551927906380496,-1.2553464762632607,-0.5654577899511359,-0.7071782618349903,-0.7041358479623581,-0.28245846571793115,-0.9119425833583925,0.31250734205666214,-1.8956847100426333,2.1138199095037637,2.222581491441797,-0.3194555447155225,-1.044810837528952,-1.2842614508049122,0.6121493341971139
7272,-1.5375374541911868,-1.6033865367753937,-1.48418051866524,-1.8798686818648598,1.0222998919675335,-1.6909381391598688,-1.6915144292213222,-1.618364243549218,-0.17225351405364672,-1.6547793818904637,-1.663658496455406,0.6108255766558397,0.7485014635845452,-0.24036069694420759,-0.7157568679877097,-1.246259074523567,0.2859454294404673
4021,-0.857946917443118,-0.8124193391228131,-0.8002665227859772,-1.0332356524479926,-0.632821508495211,-1.0504560583407232,-0.9370489606541286,-0.978851857158532,0.4057301174625241,-1.0605842100606322,-0.9943066848823259,-0.04346006750159502,0.09809930174154126,0.574994950766921,0.6934642077206983,0.2504030641010062,0.3096805575606973
7267,-1.4552109519196046,-1.374887442370544,-1.3462950844100854,-2.117423552182541,-0.676089373494067,-1.7708906217654,-1.8935157477212594,-1.8107375964653416,-0.4009186770505648,-1.302659679641731,-2.0261993129960225,0.9651085041480126,1.0522800283177294,-0.1054839907887269,-0.3596248718868548,-0.840469556556853,0.500933641203226
8801,-1.1634765870485855,-1.031347275209525,-1.0860153118265023,-2.0922438255686937,-0.6222428829640724,-0.9256227487715789,-1.2533238676332081,-0.7808564193081465,-1.0439284609189035,0.27936854343571865,-1.7548276177636755,1.9137034218969413,1.4720068589171984,-0.5749678373447176,-0.915697759687363,-1.2086011282476654,0.6476946619606271
4578,0.05700933953316505,0.1327163844358099,0.21517880632822217,-0.5170081304908274,-0.34194811936342073,-0.4918681151558789,-0.3072826510515905,-0.6163129750206872,1.683955393702037,-0.30395349619083195,-0.6501942288664123,-1.7830734908000443,-1.4297995184575172,1.419690607789352,1.3531486150622947,1.349690530641765,0.6183721574121067
3405,-1.3561850760114618,-1.4370816476082973,-1.375279046848837,-1.5387869922779842,-0.1963652481598431,-1.4071116099434506,-1.4155077582505127,-1.3583200145035899,-1.0638251066002795,-1.222985395681869,-1.5485254679360154,0.6993236578760199,0.25575832521997877,-0.5072738204243643,-0.8699316260871482,-1.1551970139275018,0.41315022513506766
5706,-0.8319955038962729,-0.8363224539494545,-0.8300099399170724,-0.806502412758143,0.46320220175073196,-0.8754141116302999,-0.8467571276216224,-0.8484133256748991,-0.25701168441923894,-0.8845846322991651,-0.6843409215715165,0.16734917490064663,0.21149429993989133,-0.17693935939074937,-0.23723442743813042,-0.7541919717956396,-0.05681664933022906
2914,0.9601600921733536,0.9131570996090542,1.0669860025282032,0.6809924498664388,-0.6566933064137226,1.1136422133428245,1.0859056053002343,1.1823851523270177,-0.464738782357358,1.170477658350626,0.993603445476304,0.6408054511289091,0.7378368665809893,0.20564730955049834,0.37640943506122443,0.04980471818253219,0.9415256341080521
2531,-0.9679082984197801,-0.8635014904890065,-0.8695558674029099,-1.0227626122221969,-0.8261095267694033,-1.0756755035865373,-0.9844199624610649,-1.0072904967841914,-0.32154444792959985,-1.0021753349639588,-0.9975610229393986,0.17461289338035108,0.0940531863691444,0.27434991148314447,0.11072881503955473,-0.2556406044992281,0.47156896451466485
4183,-0.9225758508808174,-0.9180976832746448,-0.9154441434426823,-0.9055481785262445,0.20264444337783433,-0.9481629562024184,-0.9183625123126028,-0.9031106374868416,-0.19165772458064567,-0.950322458575716,-0.7922907359487514,0.29628729979081114,0.3483197334466248,-0.2584203863373212,-0.1423985298937038,-0.4259874347737849,-0.021790698858942196
8795,-1.7395780277800197,-1.85763679604315,-1.67535884684112,-2.1552618734579694,-0.4316825064389269,-1.9990381286900802,-2.0048568279460866,-1.8896130384307177,-0.09284500401727239,-1.896252856836577,-2.0227975071355853,0.9004743037425726,1.2234848068141881,-0.2899166161147206,-0.6436866960338884,-1.1300832940902903,0.2933182487287606
9104,-0.8773231563455915,-0.8780404985237026,-0.8739709460575033,-0.846596544699448,0.4041713587824772,-0.9039330904349963,-0.8734903025178842,-0.8582866008169411,-0.2587914951560689,-0.9137542504636263,-0.7319773501636282,0.3038336538479644,0.3506418599881123,-0.3234528544646878,-0.821649032206114,-1.1372662681042391,-0.03336742213997884
3401,-1.7197249086668858,-1.7325798804471781,-1.7105092209153252,-1.6304419840762836,0.6709886663943844,-1.8775867360628793,-1.6918464762630188,-1.6390779943291407,-0.21863833576238847,-1.9659724042011155,-1.515904713328381,0.34874763111681684,0.4296867199589837,-0.21528128295885637,0.024371007162246664,-0.5571659571057918,-0.06692507878151444
9064,-0.15465640152584656,-0.03198535486039294,-0.06432942553805171,-0.8802825557207022,-0.9634649181504542,-0.6155443112166888,-0.4885995549260037,-0.5879757715513803,1.3754739118157786,-0.2872195200435727,-0.9965089898569758,-0.7563160800367219,0.36384656929069586,0.5825130989679558,1.0855387358817026,1.0344693365390925,0.5238643095000839
4568,-0.46341867647776686,-0.5515022711814664,-0.5164290463003013,-0.6689873463241316,-0.5515731615362336,-0.6333978807969981,-0.5766366917549264,-0.5670311087380401,-0.2099325749822438,-0.6285520108386289,-0.6207844368237114,0.31924598865779497,0.5684614416511792,0.02973371453776793,0.23709957462255798,-0.04938587656929108,0.4605876910896625
9501,-0.6010224556936834,-0.7417263832120704,-0.8215594034135952,-0.9981259066671408,-0.7415546087891006,-0.43520833088356997,-0.4952933814835702,-0.008075488915866423,-1.4531761137886336,0.12209083793048733,-1.0350070319499323,2.140789204916512,2.2048892261035378,-1.0365430541068636,-1.1944692036175006,-1.2796976929482806,0.5080808861038498
1808,-1.059067815174933,-0.9210567663485794,-0.9742356112131171,-1.3988148606262505,-0.07513392014662876,-1.0821898014239593,-1.1934396991267997,-1.1560248154877049,0.026143576803750988,-0.7820356856006423,-1.340002981732169,0.43341824519300076,0.10299981320126242,-0.09525994656405769,-0.7530413005487027,-1.0950241462049148,0.47066925190015585
8804,-0.8915204091346182,-1.018722101963814,-0.8310753276775396,-1.4600049627425433,-0.43129043181607235,-1.2652705774269564,-1.1539126653242868,-1.0752430854128945,-0.36147829367088363,-0.9404135032427945,-1.4171792790494506,0.8223942186261014,0.7610481562012894,0.06027573395709695,-0.6638674358676393,-0.9702687286299501,0.5995232222298482
2871,-1.6725317648875766,-1.6626298989502628,-1.6440382143140477,-1.5216858462087128,0.19589756059153113,-1.8023392378939025,-1.6001354803727759,-1.5354449245090371,-0.35748565794743065,-1.9185735922250957,-1.541747860624844,0.4895991700932152,0.5361796399412078,-0.15552181128946863,0.10848993651203091,-0.14831517175652878,-0.015462837090952338
8233,-0.9649561132245944,-0.9994684594366211,-0.9869037205070583,-1.731878897730751,-0.09800760546825796,-1.2187704270345976,-1.2251807436773812,-1.2719666308821767,-0.15140045397377241,-0.9815195259679343,-1.0812396300594351,0.6238508859174898,0.9946735515193126,-0.4675341184241279,-0.34009873181954914,-0.8088935205408397,0.3907111650874944
5703,-0.4762910083231623,-0.5518417501122725,-0.4200249260194186,-0.8228387513405484,-0.5834609777881629,-0.9227191640990966,-0.8521738470351765,-1.0161641278280018,0.9218713657029337,-1.0538130232382357,-0.7383487075661932,-0.9781103627509105,-0.9671743631264753,0.7008395548244243,0.9525089002725925,0.9830769667024889,0.5126747149131451
8031,-1.5412001214817508,-1.640394059438464,-1.4850800936333586,-1.6556822828926523,-0.9061452289785453,-1.7149491540408153,-1.6199080653249145,-1.5060128259369063,-0.49049184115019445,-1.684229201481423,-1.6738165193324788,1.1053848679603564,1.3897514513226858,-0.6558278443929615,-0.9072793570626404,-1.2033535776299815,0.4221837375940945
4151,-0.5319537469339476,-0.18354722920309813,-0.3996155439878505,-0.8734958177964661,0.588638447224304,-0.33565101774220607,-0.4242726621655306,-0.3720092389111747,-0.8133301711170108,0.128677277333335,-0.7840819139540551,0.5800647083731015,-0.01346235032604889,0.23004174026034255,-0.49760061841335107,-0.9611059818300796,0.4840377019033737
6752,-1.162873090983895,-1.1283368709361812,-1.0896019256195366,-1.529255803270276,-0.20769625337480563,-1.4972491494928086,-1.4103148422426834,-1.3942708184902612,0.9775780524376092,-1.5078496824496566,-1.4502081567812368,0.08218774428617844,0.5546441272440201,0.31981526198924853,0.030785292048684316,-0.7693733961581671,0.38130101232215624
6988,-0.8719121038095644,-1.0169250941364754,-0.8469272296777145,-1.3612587936230875,-0.43027447204658315,-1.254879949853539,-1.2552914243156608,-1.3371092823125488,-0.019578776699590496,-1.2830528541285215,-1.1104950363724888,-0.13625918331690157,-0.18726809441605852,0.15431664448694418,0.1807175629099447,-0.11212433556794134,0.5472254170049923
9107,-0.8192083117756569,-0.8196216899111286,-0.80878523049903,-0.8146207163839875,0.2336287819127553,-0.8728250223075892,-0.837933733004161,-0.8393609329068783,-0.1441277739479366,-0.8693128518996901,-0.6685604241303442,0.1610376394991872,0.23482930273391042,0.5886817100771624,1.1903197980136453,0.9831282115786737,0.11035328189182905
3402,-0.0937915817802704,-0.2641410614577678,-0.31165198183321163,-0.957245163726863,-0.4626921311321599,-0.6862157638451767,-0.7370570448347551,-0.8071642142672218,-0.2134557566882448,-0.5971863263780821,-0.7395520461429513,0.0878846628250532,0.2927511647173409,0.12236024960016405,0.12197829718204817,-0.5336427809368453,0.7175246078759732
4543,-0.15342600533278467,-0.18186998340493818,-0.12480571024818299,-0.5331532132556797,-0.878114718414351,-0.4080232842156162,-0.35370907640931276,-0.4138165309505625,0.5242582360709118,-0.3923033417423285,-0.41944209411120176,-0.503135794263021,-0.49520624196448493,0.459498138705962,0.5906634345830104,0.38784044098841447,0.5020800617726113
9503,-1.4293027691861646,-1.4670639082695225,-1.3432728925648452,-1.5063128271848703,-0.7278815187319341,-1.4286796543693627,-1.480617165041822,-1.42599838353811,-0.3332387316832859,-1.6302458401035183,-1.1509381107842567,0.7614839701284294,0.9978108556501579,-0.7313480911422945,-0.5989369798987454,-0.8093541046486947,0.3097208226375738
4755,0.5195930231941609,0.4448466863029186,0.506103949717385,-0.23685289512681057,-1.3150703171464933,0.18731173398833734,0.21318515076679068,0.21747247589510543,0.15427507075201738,0.2135331870377922,0.14777967992673585,-0.034316780655983994,0.08567129361538921,0.5480893637060142,-0.03849550660777347,-0.31806347918668354,0.9074030618498644
1605,-1.5492458858859215,-1.6615252920525772,-1.541750167590081,-1.7837127115467932,-1.0115531623734768,-1.6637588173127953,-1.7257526425520477,-1.6384398566437677,-0.028799022709672703,-1.5716456882712806,-1.6602205969992412,0.827367959866197,0.917583157364458,-0.45637821433531367,-0.8880410860987212,-1.1993855371308637,0.44474167730629877
7261,-0.24916723427221957,-0.2705105753620039,-0.34572026064161554,-1.3927331326696484,0.3570677609586356,0.2152810485358059,-0.24806345927486975,0.019649497639111627,-1.1688645555836754,1.2556150772261385,-1.6722835042218864,1.8978548927461563,0.6383933925102241,-0.16285088353785726,-0.5669267897182096,-0.9911499630929519,0.5308522257404305
9502,0.09039193102604626,0.04508961360843229,0.24675260735674387,-1.1263491886050665,-1.2357901945647736,-0.44425286548941617,-0.39738185794888126,-0.40047158610575745,0.28632056397601685,-0.17932947909957936,-0.688666809083939,0.03563179291686949,0.5270540044460982,0.4010645798532657,0.6215069024252616,0.030845143432736522,0.6870116793581551
5714,-0.9655585288649549,-0.9701937432953149,-0.9659297217315848,-0.9311971471164564,1.1843179254509262,-0.9749337660780337,-0.9513782622241789,-0.9253359768064687,-0.3912370696398498,-0.9431652513512397,-0.8221301223369456,0.40282836134977873,0.41593802060786683,-0.8287403491375,-0.8794666706921476,-1.1379191862834954,0.0359090448276238
6976,-1.2439478774909896,-1.2099675370538796,-1.2172059945960814,-1.3214121336441003,-1.0954678267916085,-1.1635859461831146,-1.2298909154032942,-1.1531390501724792,-0.5662603084645066,-0.9556822406959872,-1.4387123563264301,0.8474380916378473,0.8540186369542468,-0.8006147583706081,-1.145679849300534,-1.5070482988259641,0.22083392236337487
9613,-1.2130734640836398,-1.0779384196336717,-1.0915980957696374,-1.679922317722272,-0.6243467894359219,-1.2751535475614275,-1.3561457080727817,-1.2266428636085178,-0.6249830104702317,-0.7472940829591094,-1.7609728180867668,1.1851490648257956,1.325523546639038,-0.3397381760392209,-0.8153958117355794,-1.1710464951410973,0.4823917309272524
2801,-0.39937884745807223,-0.3817492300629849,-0.3215815501314463,-0.5456049339436039,-1.1614425541895623,-0.39308754034724946,-0.40387175099542294,-0.3888764086030289,0.02651784185530812,-0.431752609449655,-0.32284675408756003,0.32270219108756737,0.44643387654678246,-0.16268528006297517,0.34432953133096905,0.17604648879833706,0.5304844786169427
7951,-1.1161448637106102,-1.173224346591731,-1.144175545730057,-1.2426341835472816,0.2775371951633112,-1.1735658546623609,-1.1377508994969736,-1.024841642555104,-0.8864133853819599,-1.0275845282772906,-1.3112407389052978,1.4885102972384714,1.305253403507744,-0.9058806618966361,-1.2550921029107527,-1.7236678725505645,0.296310743395495
3289,-0.678594046087712,-0.7277551502591117,-0.6623019004741039,-1.313481644532719,-0.35172706623065425,-0.5389156629669212,-0.6698700218711495,-0.3705186653660891,-0.8656992406056556,0.031295732631365966,-1.1251963045630948,1.4471034860935923,1.1469746792666604,-0.602268853161409,-0.8259163139256552,-1.0235233314393646,0.7238073036652032
9983,-0.7009008080455003,-0.7677254825659591,-0.806695220022004,-1.5767613642014027,-0.20569112438999426,-1.4041724021287536,-1.3427964275041304,-1.350911865095182,0.6702775939003407,-1.3187616503465007,-1.4304477817378045,0.4899896571315902,1.360539212916261,0.03906510422457376,-0.012012688209216426,-0.8771734438148384,0.2628460048616277
4519,-0.7096557071905346,-0.7461352955757791,-0.7424572496472113,-0.9552687710391027,0.10901547891008757,-0.816965780383658,-0.7870208615971416,-0.7954480427619589,0.15848573977619795,-0.8144959242737129,-0.8035107691357747,0.284025712995247,0.4176390319796655,0.043867056881997775,0.29092742342176797,-0.20106571560270364,0.3053821561716374
7004,-0.21092808491904444,-0.18023892597660085,-0.11998356817567762,-1.1721366769200652,-0.2555462919864272,-0.42964465689388026,-0.5935324520676801,-0.5773378231629153,-0.9333110236801353,0.1489694461919276,-0.921914346557848,0.602811957773214,0.2528070692202314,0.1399942435233893,-0.5272389269219883,-0.9774219390773543,0.6282176923160474
7762,-1.4960559627246635,-1.6162852048174743,-1.3974530774672798,-2.1343737094856627,-0.26301988194387854,-1.7824373763342494,-1.840672928249581,-1.6786132548913288,-0.9127863030924506,-1.5110595626625398,-1.8834272495055908,1.2230848407818382,1.4676485021177637,-0.30808390367780353,-0.8634611499062257,-1.3047328419696786,0.43105066424071337
9001,-0.845888447643092,-0.8488048911658256,-0.843173331143134,-0.829267902079632,-0.1770660158825073,-0.8709367094604774,-0.8364260749226426,-0.8175730044875573,-0.23194529496114408,-0.8917627224386263,-0.7275366996177637,0.33945472266129073,0.4116592801672785,-0.23713679752633035,0.8845152638835427,0.5398472874108721,0.013660024332400366
6326,-1.2288337659423447,-1.329871075874175,-1.2089561283921173,-1.8538177462074452,-0.3506012442987235,-1.564904359994469,-1.6306727760199087,-1.503098375477835,-1.1024630201800434,-1.0382690035244604,-1.9362645404704282,1.073348773029008,0.8715262057266542,-0.23743744604494132,-1.0380547545147938,-1.4394582435429388,0.38854970141289175
5411,-1.1559879594652642,-1.2993324587177197,-1.3375254968358377,-1.6342716987310117,0.5980056750159783,-1.6187721552910024,-1.5211877268470084,-1.4302794575672837,-0.16930305626269332,-1.6635021850520195,-1.503375750893804,0.7269982813807877,1.169700413591109,-0.25080387342970584,-0.8371180385199899,-1.1690629360791172,0.4399524435610056
9202,-0.8667760363688581,-0.8689669522151138,-0.8686668522396066,-0.8377974891557693,0.3286050938535015,-0.8815471300052092,-0.8508979731220444,-0.8296473996079695,-0.3222292977286375,-0.8915286939897691,-0.7273519291298864,0.3661665839319695,0.39580321645754574,-0.9743721922345724,-0.9449734993973842,-1.1365455151334263,-0.07798739748736404
4901,-0.8789032732074745,-0.9641850268951883,-0.7502467199299621,-1.4538673112824039,-0.9300941288746798,-0.734511581923791,-0.9949332654726447,-0.7013382668766266,-1.1815422372210849,0.14707282575330122,-1.6681154777375669,1.471117572302805,1.075660254923336,-0.348569619728581,-1.1330072384529775,-1.4256470266774555,0.5988958279703082
9766,-0.6603662831181712,-0.5320127586922572,-0.613082832783937,-0.8058184247426533,0.37829981750137925,-0.9185794262677127,-0.7819647536469396,-0.8994538533606004,0.9900826985348601,-1.094065707658021,-0.6769470871835558,-0.91089074761941,-1.1779368035322855,0.9276686784930589,0.5671912506467922,0.7005233070572532,0.49491868529534855
7011,-0.8409542018784808,-0.8450906156131163,-0.8405308136918995,-0.822750272500868,-0.0030789073836380754,-0.882724051447725,-0.846995204974862,-0.8311677739792963,-0.20199085430069288,-0.8888055899705224,-0.7163050309628243,0.3399058910477539,0.4298505613752899,0.28467594943233665,1.1604890990121306,0.5760736485385164,-0.16774406922612595
5202,-1.7084275711965033,-1.707809470189696,-1.711563518291704,-1.5914545263480808,1.4337411264504256,-1.8245922013405793,-1.6540376129197332,-1.5928251145704861,-0.316175134972277,-1.896199659790121,-1.4935888503509422,0.5110586988972698,0.5951229343926013,-0.5901181411074673,-0.994580678110028,-1.388154939951884,-0.216541803664906
3101,-0.8293676867922769,-0.8343873146236598,-0.8294068561777171,-0.7800518050102079,0.09474797416930501,-0.8527108271600893,-0.820744844004539,-0.8072324182339712,-0.25180380507180516,-0.8666729082284126,-0.6764353717314586,0.27746398952308043,0.3156720547581375,0.020805618322777143,0.28701099263824237,0.3894679397034599,-0.0419070521101357
1925,-1.186085932715937,-1.2312062590909014,-1.1567504711989274,-1.1933063672062019,0.19649994950461427,-1.030094789898081,-1.1326441354783316,-1.0547365965178206,-0.49389163196010205,-0.8100689084185538,-1.2076672028144868,0.758121918680521,0.4337767379711508,-0.4298522873498818,-1.1366528239931217,-1.198866665494917,0.4246681852920173
5214,-1.052876344038228,-1.0580523760442986,-1.0462664958641361,-1.0329557014249962,0.7569047180034847,-1.0876043216258495,-1.0451065114728633,-1.0204377204708561,-0.345825273240419,-1.0791349813465336,-0.9134015710623331,0.356652520203822,0.40008732226559246,-0.8666487384171964,-1.1873651204540765,-1.4291673482911795,-0.08070667975117084
3103,-0.8661964614351753,-0.8704066485992166,-0.8623781808803732,-0.8438522226477645,0.2313572485019812,-0.9069251571391206,-0.8764352575903818,-0.8699658727217429,-0.25871658805760883,-0.8829877121288136,-0.6923898854734657,0.23506319009117344,0.28166880204624006,-0.09179009284669028,-0.1723473101759143,-0.4941376259946287,0.04730910641763836
9412,-0.8653612705794069,-0.963731566837838,-1.2795679029094316,-1.3394479325293873,0.5950686888440426,-0.7263025624677708,-0.7016305107242619,-0.09128354927893804,-1.411764444968562,0.08178309994241559,-1.798689800571625,2.7867680235164376,2.9446500272155225,-1.40813998633935,-1.3384441375661424,-1.4175110084579117,0.5600264256451618
5002,-0.934185863419405,-0.9445195763769196,-0.9030677225014551,-0.9887378518856981,-0.6403680328921998,-0.7301351858353559,-0.7935861240468284,-0.7271700727913885,-1.101783144158677,-0.46962253145854405,-1.1271977914074458,1.009235071745859,0.40639565921178916,-1.042651605920046,-1.5270988296215153,-1.5244126046535604,0.26670887774173735
4452,-0.7025176069050245,-0.7477722367136994,-0.6866075780783302,-0.8191777046342534,-0.797190945345833,-0.8031276199702949,-0.7604836889964027,-0.7329115172856681,-0.7692464375064147,-0.9409307954106948,-0.6153650121521637,0.5254304171874166,0.5631437018433549,-0.39726848456431196,-0.5178580304862187,-0.4628798193709117,0.4017126556723462
2802,1.1714333770686143,1.246129138758457,1.4394673537776035,0.5769255428158162,-1.104106252643684,1.1839109115751645,1.0419384247580075,1.0873575890164806,0.7805649224375457,0.9746238010880728,1.3866403504279745,0.04010952104796697,0.8614586482785815,0.47995303828377395,0.6414651370928717,0.18888050449348556,0.8558813933182166
7013,-0.847998781210755,-0.8488523818041565,-0.8456048027393451,-0.8267638626724432,0.7396649998121756,-0.8838263276824448,-0.8464377759724833,-0.8313106687046892,-0.1839997513200253,-0.9009499331301664,-0.7183400113843049,0.33895155087835144,0.4436769244664764,0.40004758707831023,0.9342054829171905,0.7596593983417234,-0.045915335853563895
8308,-1.5126386378853696,-1.7111221630296838,-1.5554525092690934,-1.9212743850663108,-0.44625114266124255,-1.8772875085642693,-1.935720399402197,-1.8890466462175013,-0.08739451666413899,-1.9261404130346729,-1.6480209245764796,0.49083183165339744,0.7327048586827763,-0.27652286677243665,-0.6165134378844888,-1.0783243848862434,0.4233855133003418
7205,-1.165894424009702,-1.122413404427121,-1.0248678387418633,-1.9830643355351747,-0.48391266141690426,-1.5968393966144347,-1.6689429139547154,-1.5993246360686413,0.9804144541536244,-1.3813972901141367,-1.691802416547529,0.798095171504965,1.2451043242886382,0.041058511833091824,-0.6313256804785111,-1.09734619392841,0.5178795077293447
7211,-1.6635037629412772,-1.7695826484275399,-1.5821948436536741,-1.7469428724550469,-0.34092479175806056,-1.6371256445531337,-1.6662196512068008,-1.3613293304275313,-0.6849030120075495,-1.5305448797775267,-1.4512599795970398,1.5739526524847534,2.0974508784313994,-0.8882758139453255,-1.197360535952804,-1.3201018345752848,0.2865252928057315
5406,-1.7153926828686088,-1.7217967041322184,-1.7080790782474542,-1.5661233301692612,0.3980292377408746,-1.8560255536513968,-1.678044263950542,-1.6239891231306351,-0.30431335858457575,-1.9572088485361716,-1.474424691413953,0.3601409227510841,0.4147474427729969,-0.4645758898968451,-1.0453235791325075,-1.3700320651067301,-0.21089605874532313
4042,-1.1189139746394183,-1.150923555949559,-1.1212232228859964,-1.1978705007158128,-0.27245545830621604,-1.2028435452159922,-1.1549828800859887,-1.1345008327829231,-0.3175539292984327,-1.165165064498591,-1.1143152438692758,0.28399681212079914,0.26997207139454815,-0.305206452905834,-0.4290164131591328,-0.7571002250616883,0.10414423294830373
4043,-0.9102898840863641,-0.9001939764871882,-0.9036882151118224,-0.8498771521888344,0.8741160312851765,-0.9359195578186658,-0.8975198473750191,-0.8894610369746502,-0.21392302209365374,-0.9788264655578433,-0.7872473561774878,0.22553912442321244,0.2779456254154386,0.5724239837413839,1.1134512928990634,1.1115809694839065,-0.029454195433892688
2432,0.8653241576981313,0.8456297749625573,0.9126124344417695,-0.19951706296291405,0.3448908331142736,-0.04917785912727764,0.12327169423571635,-0.23705319815027398,2.1770974653733712,0.23208123684843787,-0.4869923701640684,-1.657082032949705,-1.07099630946847,2.036171938650821,1.6175888522828845,1.519070755551865,0.6490522174009347
4902,-1.772827452171677,-1.7183736218815395,-1.836331205786243,-2.2942293851133155,0.33646524796621,-1.8591816170536957,-2.116171025677267,-1.982931796867902,-0.8560765222691051,-1.259659679076773,-2.256365567284382,1.5221711732734573,1.4590774070382786,-0.6895599695848922,-0.9301709183872724,-1.1888391263691096,0.5012130353441234
8309,-1.725194528040149,-1.7329407313126943,-1.7189168033390005,-1.5845442826459244,0.7783424188941354,-1.849356227881765,-1.670086287870158,-1.6124853959058687,-0.24796284108578404,-1.9680167083051983,-1.5155644580877288,0.43971812634616547,0.4895280773609236,-0.2547331996470648,-0.3231458576491743,-0.8167492651712908,-0.1979397096069091
7012,-0.8656388480944854,-0.8676017300469221,-0.8624533646699767,-0.8382794020705688,0.77785838520352,-0.8781063844803103,-0.8546827075423562,-0.8378749395228018,-0.294665909719233,-0.8760861082555415,-0.710514374637842,0.30042713199630955,0.3313097048850227,-0.5986589781488071,-0.8889643090391415,-0.9266122760742043,0.08169339193717463
5201,-1.071884847824861,-1.078789052290231,-1.0654923962911331,-1.042494066479406,0.6602481406428905,-1.1103883889490187,-1.0613145580736836,-1.0283264578987084,-0.36766264598079124,-1.099107887596992,-0.9451021767398339,0.4151537882308955,0.4677970643504242,-0.5883723955047288,-0.9125802070092197,-1.441117481026034,-0.20568798435287047
8725,-1.9289394915311868,-1.797295517753448,-1.6402741144032968,-2.226072155693783,0.3812542081798576,-1.8895813432445416,-1.9395349244561182,-1.7958935552513644,0.03084892450627161,-1.4836736826417927,-2.0571264541861347,1.1064073530542569,1.0846982642359295,-0.08299641554720724,-0.5747231435805379,-1.0681198390115525,0.4521322322882306
6724,-0.9520172488338733,-0.8926057146790847,-0.7958984663819664,-1.3958441208965755,-0.276657938727736,-1.1654910591897583,-1.120852515819089,-1.130623720991198,0.12555344924292325,-0.9288739521202477,-1.2737497179597288,0.3196882283662132,0.2263091733082559,0.2303626391975492,-0.2162112978568885,-0.8357492788274082,0.3869845486824357
8053,-1.371952292844067,-1.4286013621002476,-1.332609223803053,-1.5730500249588808,-0.7978124533683222,-1.5929752543993059,-1.4727339365661811,-1.377493250328464,-0.282683291527497,-1.5877732779483782,-1.567584596426984,0.9607288688712088,1.4584274291642143,-0.47479496008344685,-0.8549521698728564,-1.2536549948463758,0.31795149922776933
2768,-0.8142160618142393,-0.8805636954541947,-0.8114286151624216,-1.037199717410899,-0.7137774110082842,-1.0989163297469886,-1.0336256160201365,-1.0703040307126412,0.9015490434796049,-1.1127330858463254,-1.046842923479206,-0.2435379329760826,0.12350425668000917,0.10862269554313074,0.767197243615968,0.3226540622448327,0.29338484673630355
9007,-1.5981121267128864,-1.63784002851066,-1.5768755160441468,-1.611285398258784,-0.2315639899551489,-1.8608161582746703,-1.6711665558468205,-1.6288241108147514,0.13167731794994653,-1.9747520625291384,-1.4571901938619345,0.3529646189369768,0.701980156797699,-0.12003222378141623,0.717017827850909,0.28959372181630105,0.20011951650317106
4523,-0.6812018921847077,-0.6038004861001862,-0.5918026752904123,-1.0131128064546184,-0.5946180509135852,-0.6296234069455843,-0.6781117754529261,-0.5283885171099338,-0.6448691445081173,-0.3489232020611869,-0.9988441939731041,1.211406932208015,1.3043492892204351,-0.3149799600941026,-0.8692817634945256,-1.235439556346917,0.45960408599465036
8331,-1.689253750931233,-1.8550381581734812,-1.7889726020781775,-2.0004700345246826,-0.08888812769526354,-1.8492017001646737,-1.9431147660424546,-1.817504340042535,-0.6655445600002902,-1.7771467091396438,-1.8223729578656673,1.0426624399711342,0.9839653877560376,-0.6460327606652091,-1.126021496702585,-1.4102461110412992,0.3485331198386593
3099,-1.5966198008018968,-1.6357774921388697,-1.5224590035973105,-1.9882636264981368,-0.495342943184235,-2.0399741409203576,-1.896098485657466,-1.5790616963367285,-0.18436918544793476,-1.961443259900501,-1.825492248065726,1.4606241491573149,2.0815397375889244,-0.7834292623834093,-0.9445529372287779,-1.302308385423372,0.4789109136126806
7201,-0.4665290296691581,-0.38909309448873336,-0.5066556348937392,-1.9302152334995173,-0.7828987841925933,-1.3407895455469772,-1.560006438671774,-1.5915948200571424,-0.06649270121115285,-0.3036617403573688,-1.7569738833426376,0.5708087912379842,0.6437757847713808,0.16110996934483623,-0.13696213495306186,-0.8852974891782296,0.6367051873435363
9984,-1.6764907581027821,-1.8112566589929513,-1.631719703975672,-0.8633440373899347,0.6335184907433805,-1.6080854852300133,-1.472243262530175,-1.4086184853620274,-0.8858387671394856,-1.580156559037264,-1.5173726224876076,0.6417044387316739,0.40125323304282146,-0.66701455046107,-1.195105707050621,-1.1683460770158711,-1.2871656695955507
7003,-0.8430860120713483,-0.846427243255083,-0.8418015820612207,-0.8045182349547791,0.3646405982250146,-0.8630094202556066,-0.8340100004322561,-0.8124631963893492,-0.31570711850432737,-0.8812505891194609,-0.7087899439260447,0.3449919454874598,0.43186477305970494,-0.41881037996780435,-0.7023991818030948,-0.9832680989951357,-0.0829853034817685
4324,-0.35351258493925325,-0.39405515711662203,-0.4814623733777482,-1.3241889636397894,-0.5477760703294204,-0.5741443413963252,-0.7315470016974595,-0.38305559007491485,-0.9596120173873558,0.07563427222188651,-1.303340547318884,1.536077709557343,1.3059084770361562,-0.5694036463752685,-0.969017258710872,-1.356270456838159,0.5981425668475577
6902,-1.516443262355748,-1.5222669216270455,-1.4319059922688804,-1.9988633886310143,-0.0988181071694685,-1.6727306174704193,-1.7276151870225755,-1.6125325730002977,-0.13944084110690455,-1.3153817800700276,-1.9812160329857285,0.9318041317238335,1.1383494781110117,-0.28699169592062496,-0.6331806543551616,-1.0586922435410775,0.40167431204332643
3105,-1.157410319196323,-1.0918896670132783,-1.023442623521313,-1.6797509133254636,-0.6851319637915247,-1.184598471128603,-1.2595512449659567,-1.0842380806635514,-1.3004158672136288,-0.5708251702171918,-1.7462186816826408,1.2343930322269179,1.1421637873530905,-0.4588633619910271,-1.063338571015401,-1.415419286241268,0.4406341941424344
9602,-0.7497376960445163,-0.6384772206852929,-0.7682672247218566,-1.6932300508093558,0.3329696003643705,-1.4710564677631015,-1.3821569377916507,-1.415707157786605,0.8839436751770431,-1.1543942142916002,-1.7178610661891152,-0.11195426624017939,0.4250520936303994,0.5871875726457325,0.34725280819166093,-0.348820528739869,0.49734149351698076
8252,-0.882816675824214,-0.9064948421467223,-0.8010249975608862,-1.1039067739633506,-1.0603292793680394,-0.9140567223785148,-0.9328985773443784,-0.8249448209529104,-1.5922585206145095,-0.7867989120335342,-1.0347797821517009,1.322954045200374,1.3382481838508298,-0.6062112359468933,-0.9554229436583507,-1.3579654032091322,0.4360842282459009
6479,-1.4915323976135653,-1.4027032237868864,-1.474874468063471,-1.5539581278373094,1.426088824413441,-1.5278663574365206,-1.4440895867039893,-1.3560094273548393,-0.4874059452419879,-1.501679513932735,-1.5250650521318634,0.8227869945656692,0.9300086287083307,-0.29014141141995786,-0.9298081397707517,-1.4633309757910755,0.005860526997706286
4911,-0.8090500380529966,-0.8034702933396998,-0.7906129075342646,-0.8844532651278069,-1.1362516997019592,-0.8902056900037437,-0.8386507804581433,-0.8384747345275949,0.7653683539618372,-0.8944599438321067,-0.8748255731726073,0.2149091432680311,0.36810964783915195,0.15923715084153048,0.6868159806558005,0.3550528102405635,0.0642088490953949
7203,-1.1358591051964069,-1.2664789625674469,-1.1159607768967243,-2.084430940268713,-0.11401142712072607,-1.7849774499680295,-1.812992511203024,-1.769644646536272,0.731545997640284,-1.5621788790096114,-1.8397727729461535,0.47036966627757043,1.1900799861617775,0.030084892748391226,0.11626763140347882,-0.7132678727110673,0.502419430976618
7202,-0.7002806682137446,-0.7101391857725055,-0.619841029920047,-0.9323819783048368,-0.07523252296970329,-1.0542702064371352,-0.9622775346641779,-1.0666133779899583,0.8060746355271315,-1.2176741944256526,-0.785452311711048,-0.5266562059237311,-0.4732947054902954,0.5496891586099095,0.6194701031235251,0.5211293501168119,0.5538423930023078
5401,-0.7268825944486165,-0.8398655281674443,-0.8590907279310784,-1.5006596930988758,-0.2855635627241568,-1.3543768299296595,-1.2713248707126932,-1.2596694695379291,-0.18014779488973992,-1.0976476503323351,-1.4389145552805354,0.5046222414792125,0.6536711486619623,0.1868774665431537,-0.482830857852492,-0.8508763809371147,0.5926696647808251
9005,-0.9188024038774788,-0.9181335699795667,-0.9160107271528565,-0.8526814608189622,-0.029282598320385753,-0.8737036536696824,-0.8578857079282887,-0.8001129854602438,-0.6286927269027909,-0.8593765271366535,-0.8068616069706982,0.8045717571797023,0.7090192924252627,-0.8387317892032439,-0.8601118639823159,-0.845282858965925,0.2815339590271665
8253,-0.9126560097471126,-1.0205559273091445,-0.7990527720013194,-1.395256111651995,-0.8494544020888325,-0.6039509033886874,-0.8652616956866598,-0.6450217141953314,-1.2306191236059352,0.27823490476834833,-1.3417024774609252,1.4439320859278568,0.8540600686601474,-0.6197468948739443,-0.9971963296829903,-1.2407835811870498,0.6759346588284412
6703,-1.7408356746185776,-1.7469306538323077,-1.7354383859377691,-1.6154255433929132,0.3645628308125666,-1.8667562281041241,-1.6815860537295686,-1.6300095309676528,-0.33047475754280387,-1.9435703594706706,-1.4784649393273237,0.39178760830535153,0.39671196455249125,-0.4451807223740887,-1.1067019808462617,-1.327186573708862,-0.12694184312005438
7186,-1.5722315435894405,-1.8497028630807493,-1.7422265041522274,-2.3145468686414596,-1.9622440185606644,-1.9160812974175598,-2.079820963581437,-1.9564996979003864,-0.8494781103452897,-1.433517158702564,-2.1544512756992242,1.2138932789453183,1.1107789675172512,-1.0519240810348667,-1.0979968584881945,,0.38340373048911247
5020,-1.2150794671323275,-1.2757038088483623,-1.2270242403582288,-1.2532423696179988,-1.5542638200691903,-1.2203687853228158,-1.194152265456781,-1.0925920160428135,-0.9749108550481225,-1.1614639074620952,-1.2644262441006475,1.1664091741138827,1.3154124393199824,-1.1037975822341728,-1.412013775371589,-1.5283588169044386,0.3172355031158048
6501,-0.5543549081420281,-0.5487467645837342,-0.5520802487971389,-0.9375383097928188,0.32735946430123464,-0.6185235671109921,-0.6285248113833901,-0.6734201586007282,-0.27606572727228873,-0.5016721923857715,-0.42433505987516634,0.4065215421866471,0.4312731112913836,-0.38741355593529175,-0.8821318697564671,-1.3641744539096885,0.10877586780718203
5801,-1.5455091428672585,-1.5485719172350725,-1.5418574771871958,-1.452061454622778,0.6622914589646446,-1.6490635513396883,-1.5029910906862471,-1.4625604200684423,-0.252292559875992,-1.747965643646531,-1.4272243989201319,0.26763263225822276,0.3134114551371564,-0.023813403740668548,-0.032317661356503345,-0.6803088745751479,-0.1760632569743976
8316,-1.589285882570678,-1.8638186302942579,-1.6315287222770782,-2.053374349471227,-0.28925227474655985,-1.939689557677247,-2.0153873335890533,-1.8900164918951246,-0.41030052937605727,-1.757398687541896,-1.8946432676611766,1.0181172746752036,1.0789712110060434,-0.31599015386310086,-0.8972932156049239,-1.2921159182371522,0.4324880516494133
9008,-0.8243138816580402,-0.8241789580135358,-0.8221891378425433,-0.8010664283612666,-0.35195819006723056,-0.8489952742368886,-0.8134451498252014,-0.7904081239661146,-0.20879256178755481,-0.8807088618186553,-0.7089297643761258,0.5006626632665524,0.6032832797057106,-0.3657457708085776,0.08064994933300228,-0.16108741800305024,-0.17632962739970925
1332,-1.0984845943167236,-1.1039180701536297,-1.141564817061424,-0.40094691277389055,-0.39042451108905124,-0.21912827079836938,-0.6516388859357075,-0.3985233540039575,-0.8762138656150219,0.695510409658223,-1.1411513213831954,1.4643028800203435,0.27019861338002565,-0.9380543568768301,-1.5344714038532892,-1.5287665827051269,-1.3380788688251946
9020,-1.229002677538892,-0.9742969465257652,-0.9916978801276968,-1.4947063921231694,0.8519303088220366,-1.1800897577520024,-1.3003169047989198,-1.1945750877517682,-0.39668032791916535,-0.9608616986449503,-1.23719362108382,0.7555804408056923,0.9187115875632873,-0.3007476708128615,-0.13121472995713898,-0.34078268549138674,0.6139417955757227
4061,-0.8862771688804727,-0.8924036504066314,-0.8869176757382528,-0.8693613576020678,0.40544517616173414,-0.9079055020044589,-0.8749692149977069,-0.8526042184925403,-0.3608316363651491,-0.9192576414406508,-0.7786544212423163,0.37369268406780426,0.42196955166963224,-0.478361152483468,-0.6597999295332343,-1.203360236198005,0.025491840403071633
9021,-1.1169787156083577,-1.183760714417534,-0.9559508227167436,-1.6843380732561692,0.011026527807647622,-1.303922704000357,-1.374149847561182,-1.3141346833336998,0.24188478835487678,-1.2237941621501014,-1.284725339566033,0.5035939952914301,0.7778611672378768,-0.19726002279451535,0.07926050381053919,-0.42486530260835487,0.5605250171444632
9009,-1.654856246472364,-1.6702072403194552,-1.629717651356025,-1.6160240850850396,0.14165410087453184,-1.7284398878006109,-1.5980400323707318,-1.5010418609486038,-0.47357851164115333,-1.815031247027011,-1.5296820101157027,1.0202964575188642,1.2052602482868442,-0.9854651063433718,-0.9740637193476521,-1.1809808282789298,0.033151616844397415
1333,-1.0105997090987549,-0.8185033373577547,-0.9541561588850109,-0.11142535306133493,-0.3805494568113271,-0.9234209022567569,-0.8278572418287259,-0.9030828679837898,0.19006418488520943,-0.8725967307832749,-0.9569541570491921,-0.4381113799780183,-1.0276491652356108,0.08742311204635253,-0.004542655114228866,0.41275419302250693,-1.6200918996880562
8303,-0.8726333435208132,-0.8790441993696466,-0.8728065699075048,-0.8353688191097859,0.10124667558654515,-0.8939048131759871,-0.8680362899184888,-0.8486362319195261,-0.29766464804749704,-0.8994076772064415,-0.7306394770321535,0.35494967456990056,0.40275814762822737,-0.3493144155456012,-0.5078615329819539,-0.7721751454788711,0.050826402906689
6702,-0.4446327568109892,-0.4463186047210892,-0.4456365911377358,-0.46118171352007736,-0.7190517499865257,-0.4690351209864097,-0.4810214272031487,-0.5167763269547709,-0.2741667067399091,-0.4211653489306293,-0.2355859341794139,0.3392468761202433,0.3268639569103539,-0.5618391674593806,-1.0988282327910008,-1.435984059118781,-0.04590835904906024
3861,-1.1984542024418237,-1.1713729743400871,-1.1200606605936114,-1.392270612108256,-0.8999662058833116,-1.3372339972363347,-1.2751386503636835,-1.1877224945541933,-0.2554598152188035,-1.2423292541315543,-1.4342384607661303,0.9795882309960898,1.512647036564911,-0.5215033384636993,-1.115035702639253,-1.526482834805898,0.31974865386549367
3863,-1.417317433879834,-1.3248792791177277,-1.1432781230713953,-1.4749442339795136,-0.4796144141741816,-1.5556370979797698,-1.4054805388546099,-1.1454239351566233,-1.2538554786744625,-1.564037462142062,-1.341129012929159,1.5708502231903243,1.5170108888155873,-0.5354918504489475,-1.1280785781706424,-1.321505313872153,0.567886978812516
1721,-1.2108800770845027,-1.2187123072087895,-1.1766033459745737,-1.3705802079195752,-1.2956466418151007,-1.2916464067254905,-1.2244770110793881,-1.1678974184546798,-1.150593288046319,-1.1757193261633454,-1.400444259313464,0.7381237818141237,0.7001867678903823,-0.607940125159056,-0.7365351106355374,-1.1218847456057364,0.2987593819773708
9433,0.6671067290683856,1.419561333265288,1.051788760003415,-0.07437695502683253,-0.8198775080711976,1.0865435523026894,1.3479732115996648,1.4307173578907835,-0.15009362980878937,1.215594869859508,0.649769246682669,-0.542893429706968,-0.4323356047862327,0.7382150248950644,0.2680993450656726,-0.000676198056718172,0.6366780127945089
2002,-0.8885107637901593,-0.7525420972275844,-0.781200068930516,-1.289807791932085,-1.2756658297800958,-0.8194588388654408,-0.8640482623735561,-0.7366822188128967,-0.5661214470112994,-0.5149506478364182,-1.1590468389956343,1.2147150420140096,1.3610687838818634,-0.4242162539745207,-0.30719524703582274,-0.7557056976198949,0.4843948846842998
5802,-1.2384945728680545,-1.3461724134813458,-1.1249160620463234,-1.7459045923672794,-0.9479775896196336,-1.3341343337860685,-1.5450216092092648,-1.5545434992867968,1.2840903440677212,-0.9517307967665791,-1.5582632372500542,0.20817850012928077,-0.2495685959843146,0.05298104092553143,-0.5006411992139705,-0.7680289578412021,0.48055591097081307
5631,-1.48522877008065,-1.4752527220646414,-1.4768260580883745,-1.2594031820790894,0.7696814848974174,-1.575943846711628,-1.4442797978638535,-1.4140932737586178,-0.18281020807456674,-1.6766672140031897,-1.2847347783152883,0.23347254059499425,0.2679025957315928,0.11350778856716283,0.30141441011607667,0.39921425680335426,-0.10287952470065184
4507,-0.38725157787926956,-0.42580893753490034,-0.31722576508031874,-0.5806994526905159,-0.9899518153922112,-0.11626138726311787,-0.2687907586901174,-0.2635749326043931,-1.1632945638527246,0.16097513075011405,-0.4023732036111707,0.44421944679182235,-0.4521074874528732,-0.28252734637983873,-0.8928033728416239,-0.8359693143004985,0.6021986096267811
4063,-1.3851514251817902,-1.492325429189326,-1.450177376909292,-1.564816432464077,-0.7364938661918703,-1.6861814681586171,-1.5207662973010412,-1.4763774781217,-0.26931389808553224,-1.6954802315295074,-1.6086267521299238,0.2265724114194676,0.3160108964921509,-0.19714184484148772,-0.04929179803717156,-0.43008433291131937,0.2755106818922236
6674,-0.44976294087985946,-0.45078151297535596,-0.44031781924100194,-0.7432230402474597,-0.7280852593310443,-0.4765463374484062,-0.48209998779112856,-0.49211912044981715,-0.3646334035827678,-0.38762280902149865,-0.3262736813621197,0.42260108660865536,0.4124080587326887,-0.5605761279203078,-0.958733248180036,-1.3861683446489512,0.14270595391443958
4704,-1.488911615565818,-1.3852013620134331,-1.4418780055481155,-1.424803137617879,-0.10929886540757791,-1.3856755056488324,-1.3709508902724854,-1.2516736447404337,-1.2187717070395738,-1.3623916886841327,-1.3780110622264,1.43964395976356,1.728373074680729,-0.7555310371823933,-1.2848146116211823,-1.503503368628607,0.30341769397960433
6113,-0.9224346147419165,-0.8581473707671665,-0.7469345470617046,-1.4622893643085775,0.1827096775484565,-0.9569974090908951,-1.058381201987654,-1.092862542673567,-0.2304691642553065,-0.5780620468971301,-1.2921931514726952,0.3373836601599526,0.008019236816757598,0.15163041795415075,-0.46364901780916346,-0.937964657287847,0.4893446201321207
9022,-0.34888970102024097,-0.39752526091823703,-0.3079071274504334,-1.3036346403299532,-0.17653484210865852,-0.6944897847837801,-0.6750550719415831,-0.5291102688190442,0.05925968998317147,-0.39958984538431497,-1.0061227966976716,0.8520444450836586,1.479611592748334,-0.3412684738412146,-0.08565386406897506,-0.5406284709605932,0.5136213604916355
4506,0.1987452707442838,0.13201941016889637,0.2782716423023528,-0.02295032000358893,-0.5083561847555262,-0.2954861272449557,-0.16163549220418724,-0.40200564088060015,1.5927236843121484,-0.046784734704618004,-0.736371010883932,-1.2108275920143026,-0.9866045844962047,1.5389514985248083,1.1073845309687929,1.1185238471170182,0.6688266875907685
6305,-1.4571824938874984,-1.4427238397253224,-1.4108293192102617,-1.5521056922736405,-0.712488168923666,-1.569817307425821,-1.4491171742350293,-1.3655863590529886,-0.4777954183588391,-1.5700418720388891,-1.5429595723183387,0.7361648607521144,0.8862081352319441,-0.506798793766668,-0.9499695190414168,-1.3069162423235996,0.20120164851564826
5803,-1.254441928278643,-1.289335324562732,-1.1933613661700009,-1.433896404940636,-0.8461659568614864,-1.2897342574565622,-1.324314925597263,-1.3203888722630108,-0.28365433074088525,-1.0878620230842215,-1.3929164103090756,0.4737570736126409,0.33491897148277655,-0.291225462655807,-0.7232438395536921,-1.0679523211783306,0.29119781104023734
6503,-1.0647227845228355,-0.9307180076614081,-0.912173001458105,-1.3652185153823377,-0.5302310383208146,-1.3176138975860394,-1.2052660483041122,-1.245851886749366,0.6419841207925705,-1.2049899542852598,-1.3703538779928517,-0.16612854390381993,-0.24709354466005512,0.501017309319631,0.024314710720783884,-0.3315133933188996,0.42744095812647576
6701,-0.8517838475904295,-0.8559524241635768,-0.8562653219110913,-0.8305348741569114,0.3832442446362069,-0.8867570963405422,-0.8517161152805494,-0.8306293042748204,-0.22402905459143624,-0.900369699251266,-0.7335524500098595,0.41743639101265007,0.49737897340156717,-0.2741339876568508,0.35576422748801795,-0.4452057142840098,-0.26973937714154655
9432,-0.13887377244279983,0.06708226550680671,0.10306495991381266,-1.1731485829260062,-0.5156393018104617,-0.9862409144718465,-0.7267657361261275,-0.8147241734812785,0.07386841348706541,-0.6818551242232611,-1.1210152203222055,-0.27717681723870674,0.607417791679378,0.6555959596127249,0.6848878448865041,0.23137117196552598,0.6023936569449548
6098,-1.0654166002486978,-1.0823750025252032,-1.0661731668667123,-1.0991411954274997,-0.44276994925011687,-1.1900112678295802,-1.108299424776638,-1.1022675129395203,0.2182067636847897,-1.1963848541430302,-1.1574069258957822,0.27114622874418187,0.5698466047795979,0.2238211469254031,0.7202988030373298,0.5020733745449718,0.024324513627388595
6301,-1.1909711949602009,-1.1648245061445508,-1.106391783935902,-1.470539111634371,-0.22965966831149226,-1.5580182954588715,-1.3694331650743663,-1.3523358243886336,1.0910965931524803,-1.5051302988137043,-1.581335101594038,0.015684113753971347,0.40939882293116836,0.5394318769199535,0.2876555717804935,-0.4653188754965487,0.22540857912962575
6473,-1.533954955988819,-1.4715089973455275,-1.505318120538473,-2.4059214547184236,-0.4835541399564223,-1.9701512262908616,-2.153698811615997,-2.1528804176993126,-0.3751844001375613,-1.3821985251876758,-2.1782151256846354,1.000577902194698,1.1758188098779667,-0.1620871964689514,-0.4545785070234512,-0.901195934535622,0.4418838319743369
4502,-1.1503609099862342,-1.1220965077935539,-1.026286105369345,-1.3736939260138104,-0.5240143962277848,-1.1496439719294183,-1.1478568090581078,-0.9947157163990846,-0.7408033645596028,-1.0450188831318554,-1.1714707898909993,1.1853354135937975,1.3666410559809663,-0.562570378227486,-1.1261553395255761,-1.2274749918294912,0.5553283713952744
7751,-1.330652655174822,-1.427017276796307,-1.3087225451890157,-1.5417400815090707,-0.8902351780139987,-1.344682293913323,-1.3847217988574658,-1.2700437801418578,-0.3360859964909636,-1.2336235351926246,-1.39016817882217,0.9969647074862104,0.9868370822689537,-0.5310778677177594,-0.9314558819649221,-1.1237394387974307,0.5142128772278769
8304,-0.8589816513208159,-0.8609885187180868,-0.8571531761239252,-0.8074217881550956,0.3049946429650796,-0.8837529377998586,-0.8492022663270289,-0.8286326059448037,-0.2824956299782795,-0.8980720169485703,-0.7202063476274333,0.34448054710756404,0.4082822582579005,-0.3301664117007184,-0.599085827622202,-1.0562403557123592,-0.023626232279889053
6103,-0.9125691564895244,-0.91505952546239,-0.9072082712430534,-0.9054480005557257,-0.014792202581235162,-0.9414168584243238,-0.909072860054391,-0.8859470828723681,-0.3114833211548248,-0.9467479062710311,-0.7944669411371249,0.3649720452754095,0.4195886939418165,-0.43426851160720287,-0.7261177885002695,-1.114627541914548,-0.03294598955496162
6857,-1.4070406482984776,-1.3549280603436769,-1.341284097721094,-1.4736618219929898,-1.0096989525998434,-1.6064236572291415,-1.4403179942381785,-1.4077431488001584,0.8644891973211494,-1.6170382853997811,-1.5165348694283645,0.16895695354477772,0.24660294808636346,0.13427066390967937,0.18958637451854216,-0.06677219740719167,0.2232952845762975
6472,-1.8199880247416016,-1.9032986691739457,-1.8389302423465868,-2.13734309689386,-0.1152858022064285,-1.890493291259947,-2.0360318069789916,-1.930407847451959,-0.7680949468204303,-1.5396326098886792,-2.1016894994027044,1.0778514652590516,0.9501874793761741,-0.41420201854562844,-0.7387246983456727,-1.1572905643898144,0.34313127457457804
4503,0.367276337845698,0.5060944208860194,0.6234379466030848,-0.34863608021928305,-0.735852561897454,-0.11815402456735777,0.02624848427976118,-0.09182258156980067,1.5945691664291135,0.09556659152473743,-0.4135271399038075,-0.8857853372372266,0.11903662013803806,0.6900054061216511,1.0286824643848338,0.9973845965249238,0.718390131326141
6506,-1.085203349973332,-1.0734662182933836,-1.0698468020771283,-1.1418551924113816,0.17011622859750047,-1.1786706307889008,-1.114771615292002,-1.0982641126191455,0.41140969846555075,-1.177370354921991,-1.1629671853927932,0.19758699030675486,0.3029217391790048,-0.06580126169961863,-0.22197511629016664,-0.677931045709419,0.13462213155271352
8729,-1.8352835243002839,-1.848172259343748,-1.815947359668748,-2.073382998256935,1.4627067535620484,-1.9008363439872678,-1.961065130945755,-1.8300593687169642,-0.5991796425775165,-1.81520404009426,-1.8787011793798214,1.5197017521266694,1.9123521658548166,-0.7361862045273099,-1.0788713625782929,-1.5075754444393443,0.3094587724612427
9437,1.1785500480454807,1.5792329405758463,1.3660047544356901,-0.44078969794192613,-0.8267674894651659,0.4376120641145188,0.7278015598194932,0.42113323622696774,0.5559658867933749,0.7579064847310264,-0.0400464630790685,-1.37201416911584,-0.9626374243611384,1.0159889736131356,1.1566748125950912,0.9723437177998324,0.681962411147031
1928,-0.19039690070590176,-0.4587345431630349,-0.33331352333165315,-1.1408706099122308,-0.7694379699917292,-0.4185786285423328,-0.6151255674233738,-0.4378626682001384,-0.7275262984887689,0.3749998972556088,-1.1567560164122561,1.0440672045288342,0.5661498270663643,-0.15401374112262906,-0.820283639323791,-1.0839899714688916,0.7098862662519946
5233,-0.8683668104520894,-0.871752219900155,-0.8655103921316498,-0.858846316979282,0.682128483153933,-0.9016011828327808,-0.8706944024451291,-0.8571282080290694,-0.2991430906490839,-0.9033259189793915,-0.7316794550695505,0.2972424961306921,0.33733777461741027,-0.24912767524518234,-0.18965952540273262,-0.7169296915656158,-0.0378427405798584
5541,-0.8565162880959699,-0.8576274930614969,-0.857296201801233,-0.8112501989970702,0.4310101037327404,-0.8744949545115208,-0.8400031827267918,-0.8121635504023824,-0.30527790526115806,-0.9011105287102125,-0.7276948072617041,0.4510189876853646,0.538481684687786,-0.5310436668000507,-0.7443677547305816,-1.0378285064644222,-0.07756904937366452
6504,-0.49328896702925595,-0.49465810892269557,-0.49272161208202053,-0.5520898692547171,-1.0477436729125564,-0.5721314922227071,-0.5682380362626378,-0.618680827215449,-0.3358646325087286,-0.48823723220680726,-0.348660625681109,0.3264632938999341,0.33282040002872304,-0.03639620281388659,-0.08549912754292077,-0.3988125458156073,0.025179585473051037
8267,-0.9151568656886453,-0.9434379995771262,-0.8723246477663913,-0.7237317163955723,-0.38123696069807456,-0.7536361362421607,-0.8070817170121781,-0.7365365977895657,-1.5086575076885527,-0.5604264824774957,-0.9790652135980376,1.3970373803664524,0.8407257605255374,-0.8438151688820227,-1.7468012941035393,-1.5817436477163176,-1.3685943892079262
6302,-0.9251017715954724,-0.9221983656494301,-0.9169199410565987,-0.9102510061794645,0.19931283433480818,-0.9497561156025291,-0.9184346076551831,-0.9022197121746028,-0.3372986934951092,-0.9381923347884876,-0.796622088269892,0.3182829833172559,0.33901766217089374,-0.264881377616447,-0.6857484174224576,-0.9584684638369207,-0.1140939936057656
7752,-1.0245710455579948,-1.208100071187769,-1.2403416319176708,-1.5563389078177425,-0.8301573429058383,-1.4745720929588975,-1.402208391166041,-0.9906897599425719,-0.2281443389842993,-1.418741003096279,-1.2942140008095844,1.8357076525733573,2.576164600058086,-0.8298120853660315,-1.262171621958671,-1.5027892697487508,0.5309909948197454
6841,-1.252329662130289,-1.1655959382868173,-1.1338311700494363,-1.6338277374398664,0.012745877268772875,-1.5846136499992851,-1.4492277482235296,-1.4371739350010937,0.9237878562644048,-1.4492321768019627,-1.7013036837936006,-0.015900546026121655,0.709248150406209,0.4182727564371302,0.6224446866958899,-0.19339590327798759,0.2634097231817997
3086,-2.127591413800381,-2.1833960767137635,-2.009337903323184,-2.218799963076091,-0.7644453575473867,-2.084132737192481,-2.1640058481975717,-1.979089766253969,-0.8718753525825137,-2.022297672471793,-2.0394437126011025,1.4239562739416936,1.5194051097013406,-0.9302451921373895,-1.080828754052149,-1.3732360467333293,0.45527421150016023
8306,-1.2600589623119611,-1.4873550269957276,-1.3283899506337054,-1.9448353802934406,-0.5829066425896967,-1.7307476950071956,-1.7938614174053016,-1.7508217947684577,0.12011142360119345,-1.5988442604980782,-1.6824995788237904,0.5359180790840509,0.6583912198429221,-0.036444333176864234,-0.48282903349560174,-1.0024159651347686,0.44753162413289566
4272,-1.6795063879587895,-1.6001342742362066,-1.5444371617068728,-1.8839542123451216,-0.4995474016014862,-1.5807132825909784,-1.5909289150543586,-1.4997211836128599,-0.02900891062820025,-1.5498554794522712,-1.5322535497616858,0.9279000312240258,0.8324108398071516,-0.4294971984476939,-1.099667730392832,-1.3524694511383795,0.34384541887575854
6471,-1.620189235932461,-1.630750253983567,-1.5814195170207221,-2.0310996449832235,-0.29213683586397327,-1.8366584524087242,-1.8558361796710696,-1.78965874597141,-0.8984960291291196,-1.644306974570333,-1.96934371738963,0.8031709948916622,0.948947975635866,-0.2801062244960635,-0.5228778886417801,-0.9140185080054075,0.3122804867933506
5232,-0.322420756709309,-0.3089911804272759,-0.3122986607810593,-0.4150796863628265,0.10143955238466962,-0.3320473918378079,-0.32640636606558604,-0.3306180957084397,-0.22561297021673032,-0.33772663756408544,-0.09997030887713262,0.2907120064811971,0.30573749155942326,0.4077007192267823,0.25284676930762107,-0.24182862599883034,0.174163769193782
8058,-1.2988783849532648,-1.4047799597193542,-1.2763710513721696,-1.5490880252348807,-1.0897077682984382,-1.5792684745867092,-1.4496386871970472,-1.3986090587131135,0.124088769749311,-1.5793129213600825,-1.5282768666767301,0.667448221203899,1.1043648159876294,-0.2601217555446342,-0.042031135377874264,-0.6668179877845098,0.32549002808279737
4689,-0.01603279989405138,-0.1170951570144125,-0.021089864103986732,-0.14050624959872943,-0.5615482644825913,0.2977335145304989,0.17017453322991152,0.24634432017871039,-0.4352078331376826,0.6424696414264234,-0.018034333122256274,0.41758042055102135,-0.23684934938895227,-0.10131781195340867,-0.7917721662365825,-0.8829382643157965,0.7635731323437676
4188,-1.568901557248375,-1.6295682683588817,-1.6023647273274753,-1.800157726499977,0.07851399638626966,-1.7177869734681923,-1.6613874582258266,-1.555403075485754,-0.6907984022529111,-1.6194680850673926,-1.7929468630092298,0.8809006926128835,1.1068201647325222,-0.4411528194426824,-0.7722290773835102,-1.26295278503431,0.1423029793490136
1812,-0.7365910529889728,-0.689365399889464,-0.7138262152899228,-1.1176221885695297,0.26524776498734376,-0.9264179213332968,-0.8860929914444432,-0.9529976417640137,0.005101527120317324,-0.7925793936731252,-0.7413681626399764,0.18064850349082906,0.22825629342999773,0.20122210181980363,0.5435349336741491,0.10270762046910506,0.3618909479958799
9532,-0.8716022484103829,-0.8539808098827364,-0.8666627606089548,-0.8479154311540641,0.9485446250929557,-0.8951645394051526,-0.8603518451366243,-0.8368852433933481,-0.23229805129879436,-0.9040318232311398,-0.7480126109760872,0.3854761465187349,0.4784502838094389,-0.2577027738404147,0.5261906992269232,-0.10764241594913992,0.054683827505726666
8604,-1.5487055747715313,-1.6841000223493265,-1.6176346603013214,-2.2221316907923723,0.3709281982509711,-1.8497063442836505,-1.9401762687735733,-1.8796120594035506,-0.206661037217934,-1.6042169375541915,-1.8567082581112289,0.92298736779724,1.108739628882485,-0.1518313882571296,-0.473591738278275,-0.8177141585076761,0.4305083437422768
7735,-1.6032389393348885,-1.57452243284406,-1.590620077913842,-1.4813876575764648,2.4679331703928606,-1.7549741135941255,-1.5721516676613216,-1.537063074734729,0.04124975343079831,-1.8406258081314677,-1.4571962771603004,0.14644654332655013,0.2518863273685109,0.6792735284769164,1.0207113491583208,0.918409482780625,-0.0361907371354599
7912,-0.7189847071090522,-0.7050089711304995,-0.6966934838683376,-0.8436312023279496,1.5859964833695697,-0.8801773935269089,-0.8269987820569146,-0.8477834371362716,0.2292312390542173,-0.8319724866747539,-0.799013008413374,-0.016019581907296406,0.23285699138994215,0.5792223721012256,1.0302928133792835,0.9553522518196478,0.22544453246175405
3382,-0.7274920467469402,-0.4895948539919491,-0.6756055129635791,-1.5799580168153002,-0.6464736663800641,-0.9043348801255066,-1.0801702202889512,-0.6958933078594884,-0.8937926052523928,0.24006714288602166,-1.8455013934186995,1.5777714987751685,1.6359231019999898,-0.3711490991609383,-0.48078374962728493,-1.0354507535425967,0.6031818512338621
8002,-1.4542709435637513,-1.5396047151092922,-1.4378484718447373,-1.7062563047785166,-0.4518758684834604,-1.6796393043166316,-1.5681220057913905,-1.432685854436579,-0.4623605513666832,-1.6017798389942401,-1.7118767680913753,1.5144995795934626,2.279972012894265,-0.8334514967760056,-1.0929691202401968,-1.4500272189296335,0.29633157341629535
6952,-0.3707032815299642,-0.5347028503539479,-0.8492912010065654,-0.997182777498381,0.5086731040080874,-0.5610729863855329,-0.4846977729165409,-0.0023836187118082405,-0.8748368447993322,-0.19174413988107936,-0.9426075821179459,2.367982988713724,2.7178770029254653,-1.0086338732586435,-1.2650085632582495,-1.4190572082073567,0.5994825863573694
8766,-1.2893179786117654,-1.3987465140628648,-1.190665603188894,-2.0586910597210055,-0.28902584312638074,-1.8912943734111285,-1.8048364558070804,-1.7542515417255053,0.5512614378632613,-1.7285553398078846,-1.9216540263778497,0.5723057513549245,1.3163743222749102,0.17318701534480047,0.20415583985307748,-0.5918853149583783,0.33618001414048115
8028,-0.6971725995546239,-0.7254000139194918,-0.7138619644810356,-0.7293082340197234,-0.6195222754904911,-0.800409190717608,-0.7407164328706802,-0.7719307373377663,-0.5480373421306969,-0.8095752990899556,-0.7552116928117223,0.3638815514532639,0.3930485885385264,-0.3187744918181169,-0.14989721677838486,0.24839294114429564,0.4201501890783399
5901,0.5823450705327283,0.6544164182996658,0.7748528363246776,-0.04295991603809139,-1.6153556795336117,0.7155432165270066,0.5168328310961832,0.7853399323383512,-0.42824988366942224,1.208297826735113,0.06449512229881721,0.6284953129522355,0.17616422025713582,-0.0019568910850879823,-0.6560980039972003,-0.9564169221930833,0.7586045589053134
6367,-1.0369164517060037,-1.0583001062183741,-0.9293825598290918,-1.3940885702364851,-0.3716236578589787,-1.4085690730740297,-1.2424450736934853,-1.2224101930632636,-0.19128291062199435,-1.235769418161001,-1.55278076772921,0.20693097395808596,0.24643520333226288,0.28119329027405926,-0.31046937666244634,-0.9759851534818623,0.35644316414261656
5108,-1.576978996876253,-1.6903025488351944,-1.5034746245618218,-2.06957409706559,-0.715288775662517,-1.8062292343696902,-1.7543810414158831,-1.5644263686359146,-0.7515488190743608,-1.5795028476583617,-1.9275252723950151,1.4412088361842725,1.602692092727422,-0.5486028160396391,-1.0136709219024356,-1.296755762799443,0.353679544489894
9531,-0.9094090125257023,-0.905680838631783,-0.9012212171507948,-0.8928409393202186,0.5619098556358973,-0.9363225618940108,-0.8983147156963304,-0.8657248718254229,-0.24000211643671432,-0.9433060264563442,-0.782279148452594,0.4954209029011728,0.6165655610596998,-0.7058543012687843,-0.8883069360470178,-1.2736855319977924,-0.0822818182148109
6366,-0.32717089842848274,-0.4187653878375448,-0.23924724057997881,-0.9306733371496558,-0.5606753696654929,-0.5657693411075811,-0.54721091675362,-0.45142878563573957,-0.032886874226886006,-0.603216736586535,-0.3716279202974862,0.5258180359122059,0.859468652067978,-0.14735394079965816,-0.2916012397265768,-0.5594292939530702,0.6978411292887335
8411,-1.4952700046945275,-1.8415288903385536,-1.5310705496336,-2.2095417979415277,-0.7029216202021237,-2.113966442135451,-2.216026778509942,-2.125588603177955,-0.14086841899104433,-1.7643780269807936,-1.99489399348341,0.9005419885835703,1.114412295108579,-0.173879892528397,-0.6078557808830584,-1.133684825655098,0.4946188208561814
7911,-0.6737255662589058,-0.6459217980175295,-0.6380918031764691,-1.1289772190838976,-0.6826488508866922,-0.7058857233920501,-0.8165603992360609,-0.8692111140115754,-0.34135234292340444,-0.4606628975922056,-0.6536809217143658,0.531132139989351,0.40952348135215655,-0.24190571242316747,-0.6836651392225132,-0.9902050912967216,0.5279338195280404
6762,-1.217196245475159,-1.0787849991205953,-1.1398446885861964,-1.5409720520394428,-0.13639839678714677,-1.331812661528326,-1.3004622655479234,-1.2551302053492803,0.4253246281912986,-1.2659535286269379,-1.3283488269835726,0.5426838585263928,0.9762049946631681,-0.17404502125848537,-0.6895190666062126,-1.2224074401846237,0.2906795806993915
8015,-1.298482191096756,-1.2935083550651192,-1.1946052894098955,-1.5806707650747356,-1.247281709442671,-1.5122124997070734,-1.4307633775195527,-1.3553510320422657,-0.2009472659303543,-1.3756957563417807,-1.6169788552355273,0.6738689054783601,1.0028286807274482,-0.24265861642416614,-0.6796308814042191,-1.1883945821407007,0.31470128727633523
8001,-1.2560602264497454,-1.331892670026752,-1.2214606157144157,-1.4230516686172572,-0.9726034207702859,-1.3723217961675795,-1.2895793685542667,-1.1873091945335008,-0.8255512192070936,-1.3341007328826942,-1.3763439209697332,1.215589201351832,1.3891244383859729,-0.7015173993305046,-0.993212354509702,-1.360948218592526,0.4194304017654703
8830,-1.1966652185717852,-1.2122774496048798,-1.1450483734360353,-1.5985242356131384,-0.44764789082264567,-1.2966321103580718,-1.2825338331425318,-1.092954780161893,-0.8597131038964326,-1.060025546570654,-1.477930534369505,1.8344828588862097,1.9767644092486436,-0.6307313340350227,-1.2836682069709402,-1.534863003527289,0.410039637107047
4005,-1.4226749221445787,-1.5455386697121587,-1.4306146012325576,-1.6751822237825773,-0.9174682774662208,-1.5238928430825938,-1.599212930085987,-1.4956565558420587,-0.7245552632030875,-1.2850739525606507,-1.6702007463592785,0.9066281048849667,0.8598527032136654,-0.6385276720127171,-1.0768666025667855,-1.4164218965480757,0.31000957896596965
5333,0.615860264105966,0.7949322972747992,0.8436840065239235,-0.6353797916261978,-1.4007224265348501,0.45856168551989684,0.23558198799326616,0.2222920870445966,-0.06783343189710465,0.9871216717913056,-0.18863610896590918,-0.10920731504037516,-0.6765505798525613,0.719908322652771,0.10927104980018765,-0.23699473105267999,0.7061423120064372
5332,-0.31987850514170846,-0.15172936702893544,-0.22104247452639086,-0.6496343956118793,0.1844951830724921,-0.640357299553998,-0.604719172826204,-0.7662027904579599,0.8250951901198686,-0.7051756525449517,-0.5108701365481134,-0.733602643203708,-0.6874121668834495,0.930877864510051,0.9896062601938329,0.9250710456205558,0.6366230416973678
4004,-0.9549851660970443,-0.9618643227216409,-0.9467403271042124,-1.3212823079418394,-0.6089096971297153,-1.3358988341953468,-1.1397008808098494,-1.1784909213926291,3.615675234558692,-0.986436882490193,-1.7660514136585381,-0.7173919226893724,0.43745982382541276,1.454280140703562,0.7839066349277397,0.6684770277848829,-0.3019599749096462
1801,-0.8377634751443581,-0.827219587333554,-0.8334581415083601,-0.815881483516011,1.0985364377812676,-0.8759228048473725,-0.8379553900555561,-0.8286039268918794,-0.13654827236491274,-0.8795821147798397,-0.7219931210240752,0.23450864334481003,0.3131346150850738,0.6301886620639398,0.760284651660544,0.583389157099307,-0.10175236862269992
7733,-0.395808917728583,-0.3757713411595164,-0.17582686830733235,-1.4407837619952026,-0.5796269839939887,-0.08183491036869914,-0.5150387297053577,-0.13901285611100642,-0.5165824004717037,1.3323906763663806,-1.1629461048497374,1.27216708873519,0.713692142863529,-0.3256531002971172,-0.9174693381667136,-1.2638851488587817,0.6269142084924167
9681,-2.1286844954681836,-2.159826914212946,-2.0755483480686805,-2.0102060182038795,-0.3681907828701761,-2.346480455295485,-2.1350160720998663,-2.0672896806294174,-0.0010262931886757373,-2.5957518384054437,-1.787225510719416,0.41241839874255093,0.6509373019098735,-0.3230292082196729,-0.3257607135903404,-0.6254503846288965,0.23001917686965517
2501,0.4177716186229268,0.49275652056298663,0.4482507071549653,-1.5013530427565818,-0.4301559457181227,-1.2857253597797575,-0.6299220551349262,-1.0640191187467,4.004939196255854,1.1178426805393895,-3.0910841741071993,-3.7719921629800153,-1.1766955676534065,2.278132141206936,1.4158745214582074,1.5027671706122265,-0.04014146485235547
6773,-0.2710440882422697,-0.30626436738228574,-0.2767007252173301,-0.7200731702854315,-0.4150648516680197,-0.1856322299329508,-0.18276603140202813,0.1620419255518282,-1.2779162367321615,0.1700455333654446,-0.6251298210249262,2.3586790415217105,2.2774631470467184,-0.5422662507084667,-0.9160372970969924,-1.0607689764011916,0.6241601071557265
6954,-1.0648842779676944,-1.0640708166154746,-1.0075870448545199,-1.4195300000689228,-0.9442970924104624,-1.4750340292200381,-1.3666198212248153,-1.37447968010153,0.6828693632245445,-1.436821215113401,-1.4316446882874616,0.11245337893725328,0.5246191186915229,0.14400640885145838,-0.5354847217598092,-0.905988180222027,0.4783397946576618
1963,-1.3536059426475398,-1.411433838792673,-1.242622051518376,-1.8319587228007097,-1.3687165031490216,-1.6331760250891671,-1.593515265505984,-1.4679653417769774,-0.4700494629468831,-1.2968516159328942,-1.8101672841399303,0.9722599348174847,1.3355731969721074,-0.4960463995987816,-0.7883950019300827,-1.0797623311284812,0.44971877820562944
2503,-1.0258118898001423,-0.9875200846661157,-1.0155969816258232,-1.1950091534246714,-0.5399848275800913,-1.0766917652249415,-1.0157173129132648,-1.0198465120075686,-0.4354123044435885,-1.0567248937105935,-1.0842109032461902,-0.050214596068342235,-0.27813797193323736,0.08308703826939758,0.35861677844741635,0.10676428472387933,0.3761983196297321
6361,-1.639803117554849,-1.654993707144773,-1.63286926595145,-1.5139848801876756,0.3928580647219685,-1.7882951462023293,-1.6083845607296907,-1.5617734418891618,-0.21604738887395525,-1.8996737834054924,-1.4434376972510587,0.2641766950542413,0.3538431735005256,0.15382364555221537,0.7963229556160819,0.7122614043082768,-0.11583232786335254
7731,-1.3274593401897856,-1.372301821177673,-1.2631568624927956,-1.8943588339271062,0.20320214893609992,-1.6421039303875369,-1.6216880235134525,-1.4710737625052643,-0.29320992539752877,-1.4766710390199667,-1.7309995345344789,1.0354346104068313,1.5220979472040654,-0.6036050804526558,-0.6631312345921915,-1.0036807686457394,0.556524894642943
1803,-0.29460189721715613,-0.07821730122170698,-0.1557898295889183,-1.0777559689794691,-0.014406435607289086,-0.8755055860519944,-0.7160070016148699,-0.8511630325924369,0.335565350074631,-0.7413759640438269,-0.9142417053198055,-0.41368774972527345,-0.047794016662988804,0.7719899148094216,0.668572747112546,0.09572007581242303,0.5711709757981512
7269,-1.3173975401928353,-1.2973979800950215,-1.2737066200307885,-1.5561053094738286,0.009324203221368132,-1.5997468916831035,-1.4598104277856898,-1.4121661247881814,0.3591782433816595,-1.5467670161826494,-1.6216822423334243,0.3348536147556541,1.0429615202136198,0.04252312290256128,0.07848852641627409,-0.5758212811707778,0.056677538572975555
8628,-0.5386164113373002,-0.5460940758608998,-0.5242598577228718,-1.2877385765164893,-1.3774815497252373,-0.7258844072087899,-0.8183403956874158,-0.6626131641883779,-0.5257291224631364,-0.3096714959156892,-1.057225422451943,1.2412461705244258,1.3513874812157878,-0.3214757964086608,-0.4964034142944969,-1.0966862118871032,0.5167925452834061
8601,-0.9195520314157323,-1.1634448737007002,-1.183396721678777,-2.2919892904513306,-0.8708737786374281,-1.700373093622574,-1.8306413049165344,-1.6870625709869618,-0.10495358771487562,-0.9507777404434636,-2.0619949119518814,1.2292893648426055,1.605226074701971,-0.2335531370178311,-0.3553364007337108,-0.759357295899947,0.5371335947340093
1802,-0.37120597101929126,-0.19742080581961652,-0.30837410377691105,-0.92325458480721,-0.014055316567331926,-0.5059943576686851,-0.5300614454381849,-0.5816649520647892,0.28696181400766546,-0.35710652188968744,-0.6428504052189513,-0.03167265684829726,-0.07421737007889374,0.21264245911704463,0.34035009591632004,0.05932098298412587,0.5594429553451955
9735,-1.1271804572385218,-0.8521823172281681,-0.8280563759138346,-1.6326685082856442,-0.9189457128340254,-0.8681234351221176,-1.0521240539859786,-0.7751700525063121,-1.5756850401393874,0.41894614337102265,-1.9205551047875649,1.7895365390923896,1.2059728488426296,-0.6248685255720989,-0.8552055108518527,-1.186483119434192,0.49699360666998305
3436,-1.360864208426079,-1.3487045352687799,-1.3120645902903667,-1.3788443279903375,-0.7539705505175947,-1.431768593755237,-1.3683665843574837,-1.3394567501295886,-0.10674330621436635,-1.4734940228672486,-1.3063547883224846,0.3016454506073001,0.3233845707318466,-0.4400217195589013,-0.8212666988872162,-1.0264769769195818,0.10497833899220985
6758,-0.9076773384430261,-0.9284687218247588,-0.8699790806167609,-1.0744026471990735,-0.3187936318557333,-1.1343332836139237,-1.024493476467812,-1.0371536077051589,0.438492178671863,-1.1178148906717524,-1.1267656883136203,0.015468815795471717,0.4042658535000364,0.2570323177856623,0.836872507551624,0.5286047100763325,0.27221143632934025
6770,-1.3601997531906693,-1.4373509529920216,-1.3342726944909333,-1.8734277490058038,0.22019798351222944,-1.6506317596398228,-1.7772155705477342,-1.7930787594991227,0.4733548408018263,-1.5864495188031082,-1.6068916887696576,0.22523213441608908,0.07773485342222687,-0.08820955078632747,-0.42863192466345607,-0.568118842649281,0.39689090148165834
2502,-1.2264775282426392,-1.2176394748899562,-1.1740027141844893,-1.4094890347111404,-1.1556984339599983,-1.232884796919002,-1.2185221367146746,-1.1592274175332493,-0.6120547957667828,-1.0991842992722782,-1.3544034011839283,0.6381597418455618,0.4980841957869964,-0.43317301299674665,-0.6379311023875163,-0.9855970220379224,0.42098815346508106
