Date,Open,High,Low,Close,Adj Close,Volume,Code,SMA,EMA,SMMA,MOMENTUM,BBAND_UPPER,BBAND_LOWER,MACD,MACD_SIGNAL,RSI,STOCH,STOCHAS_SIGNAL,PSARBULL,PSARBEAR
2018-01-04,7930,8070,7880,8070,8070,679600,8028,,8070.0,8070.0,,,,0.0,,,,,,
2018-01-05,8040,8130,7990,8120,8120,547300,8028,,8097.5,8096.315789473684,,,,-0.6944444444443434,,100.0,,,,
2018-01-09,8160,8170,7930,8070,7960,764200,8028,,8042.2259136212615,8046.0147601476,,,,2.268201264529125,,22.49134948096885,,,,8070.0
2018-01-10,7900,7940,7800,8067,7840,580200,8028,,7975.601485148514,7986.109334108752,,,,6.200997570321306,,13.832051072188577,,,,8067.0
2018-01-11,7730,7970,7640,7940,7750,1326700,8028,,7910.837434560107,7928.452785035773,,,,10.268368328619545,,10.55103589369243,,,,7940.0
2018-01-12,7420,7470,7140,7922,7370,1494800,8028,,7770.363271296326,7809.267626915713,,,,22.803062409228005,,5.076108751466705,,,,7922.0
2018-01-15,7410,7450,7350,7470,7390,922800,8028,,7678.711002473988,7728.902448538257,,,,28.825175588481216,,7.788178940274221,,,,7470.0
2018-01-16,7350,7370,7250,7443,7260,739800,8028,,7583.45223152869,7646.571377040466,,,,35.69447436061364,,6.490165465172765,,,,7443.0
2018-01-17,7240,7290,7200,7370,7230,710400,8028,,7506.553394749838,7578.568551356591,,,,39.89116352257861,16.139666511103012,6.23203700595468,,,,7370.0
2018-01-18,7240,7270,7130,7290,7180,827800,8028,7617.0,7437.958840983964,7517.374730071482,,8316.71708568535,6917.282914314649,43.0798866500636,20.9263205833323,5.8167985421410435,,,,7290.0
2018-01-19,7260,7360,7210,7130,7300,786800,8028,7540.0,7409.775574524336,7485.696198046235,90.45848822800495,8191.152823843989,6888.847176156011,39.543049289604824,25.397153220448875,19.653442098563232,,,7130.0,
2018-01-22,7320,7370,7280,7130,7330,561300,8028,7461.0,7393.836560739877,7463.998510367914,90.27093596059113,7992.145930983191,6929.854069016809,34.90683413681472,29.023667984036162,22.710492076544526,,,7130.0,
2018-01-23,7330,7490,7280,7139,7490,686900,8028,7414.0,7412.710486939249,7467.484836710882,94.09547738693468,7831.1522503834785,6996.8477496165215,24.699061920985514,31.0790084674433,36.5717174851067,,,7139.0,
2018-01-24,7410,7540,7390,7160,7540,653900,8028,7384.0,7437.337615984605,7476.887345449483,96.1734693877551,7706.763070997908,7061.236929002092,15.197393688968077,31.626677951926467,40.182050873997824,,,7160.0,
2018-01-25,7540,7550,7420,7190,7440,504200,8028,7353.0,7437.846781933312,7472.242220965886,96.0,7572.098151521185,7133.901848478815,12.350209118691964,30.465249808533574,35.79384145727806,,,7190.0,
2018-01-26,7510,7580,7460,7226,7530,755400,8028,7369.0,7455.305992124476,7479.331692202218,102.17096336499321,7612.712945901527,7125.287054098473,6.417675271255575,27.975527551064058,41.93943324588512,35.8974358974359,,7226.0,
2018-01-29,7540,7570,7460,7268,7550,625900,8028,7385.0,7473.11054414449,7487.812959307593,102.16508795669823,7652.0205984563745,7117.9794015436255,1.4022760031712096,24.16528328912601,43.23961633964647,38.6986301369863,,7268.0,
2018-01-30,7490,7490,7370,7305,7410,660800,8028,7400.0,7461.317537644156,7478.657474174871,102.06611570247934,7653.771550808991,7146.228449191009,3.828629094765347,20.15833501936898,36.99446806223854,40.44117647058824,38.34574750167014,7305.0,
2018-01-31,7340,7430,7270,7580,7300,715500,8028,7407.0,7431.3246072535585,7458.001397027955,100.96818810511756,7645.000000000001,7168.999999999999,10.013829748399075,16.48432869696181,32.96569758893162,40.845070422535215,39.994959010036574,,7580.0
2018-02-01,7360,7510,7360,7430,7510,619600,8028,7440.0,7445.892488975343,7463.920934941399,104.59610027855153,7629.525723847715,7250.474276152285,4.901570289119263,12.635275474685638,45.228775369250535,47.701149425287355,42.995798772803596,,7430.0
2018-02-02,7550,7710,7470,7270,7690,800300,8028,7479.0,7490.941764652038,7489.306504844594,105.34246575342465,7695.785608378417,7262.214391621583,-6.495247161118641,8.03504421935971,53.14154071922348,75.0,54.515406615940854,7270.0,
2018-02-05,7630,7750,7520,7278,7680,1054300,8028,7514.0,7525.736924191201,7510.45887857646,104.77489768076398,7736.207110597299,7291.792889402701,-13.58278234527188,3.7815059675533322,52.6861496856477,90.30303030303031,71.00139324277255,7278.0,
2018-02-06,7380,7410,6960,7750,7240,1890000,8028,7489.0,7473.265394741002,7480.782820011883,96.66221628838451,7765.904315603784,7212.095684396216,1.372270111063699,2.245381125563957,37.47083187013223,69.84924623115577,78.384092178062,,7750.0
2018-02-07,7340,7460,7170,7410,7180,1242100,8028,7453.0,7419.509077166118,7448.097332969053,95.22546419098144,7782.611892989316,7123.388107010684,14.120731193044776,2.442105800492047,35.946348791604265,47.72727272727273,69.29318308715291,,7410.0
2018-02-08,7210,7410,7200,6960,7400,802700,8028,7449.0,7415.938312658507,7442.915604422515,99.46236559139786,7780.1132736693,7117.8867263307,12.53939183136572,3.122296529393174,44.81234124751109,39.66244725738397,52.412988738604135,6960.0,
2018-02-09,7140,7280,7080,6969,7280,1344300,8028,7424.0,7391.087534773925,7425.498725147775,96.67994687915007,7764.493759120487,7083.506240879513,16.45504528296351,4.794826449370096,41.442763920204534,41.35021097046413,42.91331031837359,6969.0,
2018-02-13,7370,7490,7270,6977,7290,973500,8028,7398.0,7372.626096784842,7411.112284917177,96.55629139072848,7735.733622844988,7060.266377155012,18.158957671425014,6.387085180110059,41.835265114967356,45.9915611814346,42.334739803094216,6977.0,
2018-02-14,7300,7400,7210,6997,7390,1033600,8028,7396.0,7375.796493864406,7408.884463942045,99.73009446693656,7733.662553446485,7058.337446553515,14.25093848821325,6.857875040089413,45.75119807405564,45.56962025316456,44.30379746835441,6997.0,
2018-02-15,7460,7550,7410,7016,7510,867100,8028,7417.0,7400.269798391688,7419.495826374962,102.87671232876711,7754.289193423093,7079.710806576907,5.739015519037821,6.950924510080363,50.09330243319525,55.27426160337553,48.94514767932487,7016.0,
2018-02-16,7500,7630,7440,7048,7600,759500,8028,7426.0,7436.672817120625,7438.345294525227,101.19840213049267,7777.249199287344,7074.750800712656,-4.287002459857831,7.196285032442676,53.12376402721172,68.35443037974683,56.399437412095615,7048.0,
2018-02-19,7690,7870,7660,7094,7850,617900,8028,7442.0,7511.972885788246,7481.143608150837,102.08062418725619,7849.901949002454,7034.098050997546,-22.31896131269059,6.225598480507263,60.32980138473904,83.53413654618474,69.05427617643568,7094.0,
2018-02-20,7880,7950,7820,7171,7860,714700,8028,7460.0,7575.353617509973,7520.37637655676,102.34375,7920.781944090695,6999.218055909305,-34.308323038670096,2.2610881305368418,60.59076887801763,90.33457249070632,80.7410464722126,7171.0,
2018-02-21,7890,8120,7830,7264,8060,1002300,8028,7542.0,7663.588546098122,7576.059523796753,111.32596685082873,8098.833907013573,6985.166092986427,-50.51162711819961,-4.9202850151569795,65.4816464407746,94.44444444444444,89.43771782711183,7264.0,
2018-02-22,7960,8030,7890,7383,7970,797300,8028,7621.0,7719.360436406901,7616.580576942065,111.00278551532033,8174.132895423876,7067.867104576124,-55.824710365856845,-12.51629637040393,61.766797884936686,90.93655589123867,91.90519094212978,7383.0,
2018-02-23,8000,8030,7860,7486,7890,468300,8028,7670.0,7750.413471333428,7644.624502309509,106.62162162162163,8222.955694427683,7117.044305572318,-54.04951166797946,-20.350136031619815,58.58522563022897,87.35632183908046,90.91244072492117,7486.0,
2018-02-26,7830,8050,7780,7574,8030,613400,8028,7745.0,7801.284459158348,7684.050251099661,110.30219780219781,8268.698386478325,7221.301613521676,-57.60787386741504,-28.768672869268713,62.249839630482256,86.49425287356321,88.26237686796075,7574.0,
2018-02-27,8060,8170,7990,7650,8140,828700,8028,7830.0,7862.905845977665,7730.588821548076,111.65980795610426,8304.299483449013,7355.700516550987,-63.29814786921361,-37.385238020093915,64.87940591822198,89.73607038123167,87.86221503129177,7650.0,
2018-02-28,8090,8200,8070,7733,8090,674600,8028,7900.0,7904.215845572298,7767.197983513761,109.47225981055479,8293.649590371946,7506.350409628055,-62.91281672156765,-45.01321938016119,62.74010172041484,93.17507418397626,89.80179914625704,7733.0,
2018-03-01,8070,8110,8030,7817,8110,712100,8028,7960.0,7941.646086899431,7802.0505763794445,107.98934753661784,8272.025639972104,7647.974360027897,-61.63971727986973,-51.3857432490514,63.2619289095941,93.09309309309309,92.00141255276701,7817.0,
2018-03-02,7900,7920,7770,8200,7850,982800,8028,7985.0,7924.977718410397,7806.917455512252,103.28947368421053,8203.769284864216,7766.2307151357845,-46.928075703521245,-54.12008929247703,52.89145528863263,82.97213622291022,89.7467678333265,,8200.0
2018-03-05,7880,8020,7860,7920,8000,895800,8028,8000.0,7938.6217789910925,7826.4860266443375,101.91082802547771,8199.399097289834,7800.600902710166,-42.427037354651475,-55.022168660919405,57.24593406791109,79.35483870967742,85.14002267522689,,7920.0
2018-03-06,8090,8220,8010,7770,8190,684000,8028,8033.0,7984.336904387156,7863.277915426949,104.19847328244273,8237.948774087576,7828.051225912423,-46.82215012607412,-54.612226772905466,62.03319957876795,79.21146953405018,80.51281482221259,7770.0,
2018-03-07,8080,8220,8030,7779,8190,951700,8028,8046.0,8021.736884309041,7896.306010315003,101.61290322580645,8271.601418435259,7820.398581564742,-48.35904551472231,-53.782708456112736,62.03319957876795,89.92248062015504,82.82959628796087,7779.0,
2018-03-08,8250,8330,8170,7787,8190,1022300,8028,8068.0,8052.334656050201,7925.963015125193,102.7603513174404,8302.401365183738,7833.598634816261,-47.91323181838197,-53.10089958393524,62.03319957876795,91.1504424778761,86.76146421069376,7787.0,
2018-03-09,8240,8400,8090,7808,8120,1283400,8028,8091.0,8064.638919181353,7945.53755952304,102.91508238276299,8294.066491573574,7887.933508426426,-42.91300056967248,-51.46813588418607,58.993619268990734,78.36538461538461,86.47943590447188,7808.0,
2018-03-12,8270,8370,8160,7843,8240,554600,8028,8112.0,8096.525876014064,7975.216940067641,102.61519302615194,8328.480946043757,7895.519053956242,-43.73923966562052,-49.29492386156461,62.39534243918215,69.94818652849742,79.82133787391933,7843.0,
2018-03-13,8290,8320,8210,7876,8320,429900,8028,8130.0,8137.160792095716,8009.940731127363,102.21130221130221,8380.119971213817,7879.880028786183,-46.64166368117549,-47.4870179681877,64.50911282205831,72.4867724867725,73.60011454355147,7876.0,
2018-03-14,8300,8380,8280,7907,8340,490100,8028,8155.0,8174.043066930139,8043.158009105613,103.09023485784921,8432.596829953081,7877.403170046918,-48.09443900179667,-45.981987048401805,65.03820889233705,84.12698412698413,75.52064771408463,7907.0,
2018-03-15,8330,8500,8280,7936,8500,523600,8028,8194.0,8233.311144109006,8089.105321662048,104.80887792848334,8537.185081260826,7850.814918739173,-54.977177658913206,-46.87633171011203,69.01752515163912,92.96482412060301,83.1928602447865,7936.0,
2018-03-16,8590,8590,8420,7981,8510,483000,8028,8260.0,8283.620417529317,8131.412832898336,108.40764331210191,8564.893424002552,7955.106575997447,-58.40692340974783,-48.651874605122735,69.2530741081244,93.57798165137615,90.22326329965439,7981.0,
2018-03-19,8460,8530,8440,8041,8510,531100,8028,8311.0,8324.781820148513,8169.447971708368,106.375,8594.753414076378,8027.246585923622,-58.93226371680794,-49.99744278187094,69.2530741081244,93.24894514767934,93.26391697321947,8041.0,
2018-03-20,8400,8530,8370,8095,8510,536500,8028,8343.0,8358.458842596594,8203.645935919807,103.90720390720392,8636.945573193407,8049.054426806593,-57.475164148887416,-51.01034485233372,69.2530741081244,90.2439024390244,92.35694307935994,8095.0,
2018-03-22,8500,8600,8440,8144,8600,558500,8028,8384.0,8402.376472708032,8243.430818193605,105.00610500610502,8695.0241148207,8072.975885179299,-58.872779795707174,-52.22807240536986,71.67382228718913,93.52226720647774,92.33837159772713,8144.0,
2018-03-23,8380,8520,8290,8198,8310,1149800,8028,8396.0,8385.58041995358,8250.11032239574,101.46520146520146,8684.61046412076,8107.389535879241,-44.62827549201211,-52.41865850785204,56.29403126015134,84.51882845188284,89.4283326991283,8198.0,
2018-03-26,8310,8330,8170,8600,8330,692400,8028,8417.0,8375.474726383305,8258.123676818828,102.58620689655173,8646.79120957948,8187.20879042052,-34.53538846984884,-51.39600837498852,56.9796465967927,74.07407407407408,84.03838991081153,,8600.0
2018-03-27,8330,8510,8310,8330,8500,742500,8028,8443.0,8398.11598341107,8282.377739254323,103.15533980582525,8643.808366359573,8242.191633640427,-34.484650812919426,-50.045229167404514,62.38152243380547,65.26315789473685,74.61868680689788,,8330.0
2018-03-28,8410,8530,8390,8170,8510,818100,8028,8462.0,8418.458751086566,8305.196213660216,102.28365384615385,8648.07525359381,8275.92474640619,-33.850819610790495,-48.462604790626045,62.67839271554774,72.45508982035929,70.59744059639003,8170.0,
2018-03-29,8600,8820,8580,8177,8810,694400,8028,8509.0,8489.648696707727,8355.788833601768,105.63549160671464,8770.296766149144,8247.703233850856,-46.22375494708467,-47.490002267089544,70.26071124456911,88.95027624309392,75.55617465272998,8177.0,
2018-03-30,8910,8990,8830,8202,8960,655800,8028,8555.0,8575.167732370608,8416.33083312684,105.41176470588236,8930.686039133743,8179.313960866257,-60.09923031515609,-47.67803636769046,73.19323038762371,93.71980676328504,85.04172427557937,8202.0,
2018-04-02,9000,9100,8970,8249,9020,503300,8028,8606.0,8656.046803822608,8476.806425075782,105.99294947121034,9071.205331009867,8140.794668990133,-70.41179606226979,-48.95353996163067,74.28550768524605,95.18072289156626,92.61693529931502,8249.0,
2018-04-03,8950,9020,8900,8317,8980,724700,8028,8653.0,8714.947669366311,8527.207296364551,105.52291421856638,9162.748957821397,8143.251042178603,-73.38041107219215,-50.72078961977564,72.17414190361735,91.44981412639405,93.45011459374838,8317.0,
2018-04-04,9140,9280,9110,8379,9220,731000,8028,8724.0,8806.775728642851,8596.587555130183,108.34312573443007,9324.079994667378,8123.920005332622,-84.20803794833591,-53.53581830340105,76.49151817345884,91.24579124579124,92.62544275458379,8379.0,
2018-04-05,9300,9330,9160,8469,9180,667200,8028,8782.0,8874.634906426416,8655.00532809782,106.74418604651163,9432.894768760665,8131.105231239335,-87.10070466939214,-58.25497710088772,74.41904526944309,89.6875,90.79436845739504,8469.0,
2018-04-06,9230,9550,9220,8572,9440,1193300,8028,8895.0,8977.42883167025,8733.597456858482,113.59807460890494,9570.766231769538,8219.233768230462,-98.37805638142163,-65.34860686884025,78.4972389657403,91.23287671232877,90.72205598603996,8572.0,
2018-04-09,9470,9710,9420,8708,9660,777700,8028,9028.0,9101.532949007238,8826.336117706234,115.96638655462186,9729.643784266633,8326.356215733367,-113.13832486729734,-74.08790398599336,81.22477373564529,92.40196078431373,91.10744583221413,8708.0,
2018-04-10,9360,9510,9210,8868,9230,921400,8028,9101.0,9124.890635996353,8866.741092886945,108.58823529411765,9714.022022442914,8487.977977557086,-99.80377279009008,-81.41600989480442,64.10809818629718,85.65022421524664,89.76168723729633,8868.0,
2018-04-11,9130,9280,8840,9710,8970,1453800,8028,9147.0,9096.72866138436,8877.075866382118,105.40540540540539,9631.235479906212,8662.764520093788,-75.70699668221278,-84.69192564315199,56.372595909364634,72.51082251082252,83.5210025034609,,9710.0
2018-04-12,8960,9350,8840,9280,9240,906600,8028,9190.0,9122.778026551565,8913.396375619477,104.88081725312146,9620.255737904796,8759.744262095204,-69.52694151630385,-85.73944910994618,61.559831859810345,63.41991341991342,73.8603200486608,,9280.0
2018-04-13,9250,9260,8970,9271,9130,948200,8028,9207.0,9124.0911139064,8935.071828477661,101.89732142857142,9612.270280183486,8801.729719816514,-58.127496361763406,-84.37452692100103,58.50770020997183,60.04464285714286,65.32512626262621,,9271.0
2018-04-16,9320,9500,9270,8840,9390,913400,8028,9244.0,9172.438222463434,8980.593168334039,104.10199556541019,9641.713464695376,8846.286535304624,-60.62209230809458,-82.95693594721241,63.157367119344336,67.84037558685446,63.76831062130353,8840.0,
2018-04-17,9410,9760,9390,8853,9760,863100,8028,9322.0,9279.267705908147,9058.577828678408,108.68596881959911,9782.938173728322,8861.061826271678,-77.5220088967435,-82.21404383036881,68.55728795518257,76.92307692307693,68.26936512235802,8853.0,
2018-04-18,9760,10080,9760,8889,10020,1270700,8028,9402.0,9413.9463763636,9154.76886553073,108.6767895878525,10016.478640800477,8787.521359199523,-98.5764806423449,-83.48913004958578,71.69658154993274,89.86666666666666,78.21003972553264,8889.0,
2018-04-19,10000,10080,9830,8960,9900,1054600,8028,9474.0,9502.319800881753,9229.32603489635,107.84313725490196,10134.557340433063,8813.442659566937,-104.25730382030997,-84.14237976501782,68.30682420024417,93.46049046321527,86.75007801765291,8960.0,
2018-04-20,10280,10440,9980,9027,10000,3027000,8028,9530.0,9592.807141984104,9306.42512671358,105.93220338983052,10260.753036257805,8799.246963742195,-109.51022162572008,-83.73925718262035,69.59683229132932,83.37408312958435,88.90041341982203,9027.0,
2018-04-23,10050,10100,9980,9140,10040,630800,8028,9568.0,9674.114958002698,9379.809765513557,103.93374741200827,10358.888108394607,8777.111891605393,-111.54265962682803,-85.0435779422579,70.12072387443364,77.02702702702703,84.62053353994214,9140.0,
2018-04-24,10090,10420,10070,9244,10360,1349400,8028,9681.0,9798.82135895572,9477.861439153368,112.24268689057422,10563.969988164943,8798.030011835057,-124.25548806987717,-90.4378547631095,73.98308637128488,80.83333333333333,80.41148116331483,9244.0,
2018-04-25,10350,10550,10320,9339,10390,876500,8028,9823.0,9906.308405531261,9569.10263937472,115.83054626532888,10658.370576450954,8987.629423549046,-130.42248175256645,-97.204025900472,74.31825506580788,86.9653767820774,81.60857904747918,9339.0,
2018-04-26,10350,10480,10250,9460,10450,690000,8028,9944.0,10005.16143845724,9657.21614155253,113.09523809523809,10756.758266645133,9131.241733354867,-133.35329524716508,-105.56244799884998,75.0116177928972,93.22709163346613,87.00860058295888,9460.0,
2018-04-27,10510,10660,10490,9569,10630,835700,8028,10094.0,10118.768464456365,9754.518147405199,116.42935377875136,10796.691966653952,9391.308033346048,-139.5417111909319,-114.33129454138745,77.01636924748995,94.46564885496184,91.55270575683505,9569.0,
2018-05-01,10750,10830,10690,9699,10780,729200,8028,10233.0,10238.992392832375,9857.088741724043,114.80298189563365,10870.560977475881,9595.439022524119,-146.36025940887885,-121.97998904273582,78.56002385108395,96.73913043478261,94.81062364107014,9699.0,
2018-05-02,10800,10800,10600,9857,10680,504000,8028,10325.0,10319.175601132698,9939.396051395172,109.42622950819671,10927.544604158065,9722.455395841935,-141.85714981914498,-126.7889522846025,74.94613999542597,96.03448275862068,95.74642068278831,9857.0,
2018-05-07,10700,10740,10610,9993,10650,514700,8028,10388.0,10379.325496130421,10010.469023637666,106.2874251497006,10981.484624906156,9794.515375093844,-133.0594543665702,-129.98919123418696,73.84859892032739,93.4931506849315,95.42225462611152,9993.0,
2018-05-08,10700,10820,10650,10110,10670,705700,8028,10465.0,10432.175409012196,10076.432627159227,107.77777777777777,10979.83978090276,9950.16021909724,-123.93303429744992,-131.59172597549028,74.12069206199396,90.9426987060998,93.49011071655059,10110.0,
2018-05-09,10800,10890,10750,10210,10800,726200,8028,10545.0,10499.05261057003,10148.799737625955,108.0,10989.814568106756,10100.185431893244,-119.94181446773291,-132.5249654022575,75.87757052532342,91.26016260162602,91.89867066421903,10210.0,
2018-05-10,10760,10870,10740,10318,10870,512200,8028,10628.0,10566.49759310384,10220.929069052583,108.26693227091633,10960.481578437062,10295.518421562938,-116.78031485948304,-131.69439060110258,76.79122229694487,93.55608591885442,91.91964907552666,10318.0,
2018-05-11,10880,11010,10810,10409,11010,781300,8028,10693.0,10647.13439693768,10299.845324822349,106.27413127413128,11044.118213711565,10341.881786288435,-117.50851243227771,-130.2595051210705,78.54174868447896,97.11286089238845,93.97636980428956,10409.0,
2018-05-14,11000,11460,10990,10517,11310,783300,8028,10785.0,10767.65541883127,10400.87134912285,108.85466794995186,11237.74717006294,10332.25282993706,-128.2319350099042,-129.6904650947082,81.72300766100088,95.51451187335093,95.39448622819786,10517.0,
2018-05-15,11360,11380,11210,10705,11250,445900,8028,10865.0,10855.354435467583,10485.792200686203,107.65550239234449,11335.085098678952,10394.914901321048,-128.776046798901,-128.4942801622603,79.19421718567621,91.30434782608695,94.64390686394204,10705.0,
2018-05-16,11200,11430,11170,10856,11340,543900,8028,10936.0,10943.471812381287,10571.220211372363,106.67920978363124,11454.628961782892,10417.371038217108,-129.335873059179,-126.60268167896032,80.18469599276969,88.96551724137932,91.928125646939,10856.0,
2018-05-17,11400,11640,11350,10976,11590,553500,8028,11017.0,11061.02239363375,10673.105951620622,107.5139146567718,11652.676018109854,10381.323981890146,-137.27371984999263,-126.09341168238785,82.65483674787974,91.07981220657277,90.44989242467962,10976.0,
2018-05-18,11620,11920,11610,11108,11880,777100,8028,11137.0,11209.927414719868,10793.803631444807,111.23595505617978,11910.927645196887,10363.072354803113,-151.80783182914456,-128.176564733785,84.9919879213386,95.28089887640449,91.77540944145214,11108.0,
2018-05-21,11880,12100,11860,11270,12060,509400,8028,11278.0,11364.486068072449,10920.43108167644,113.23943661971832,12152.839413835476,10403.160586164524,-165.2829868057579,-132.77100390137477,86.23203286052868,97.21627408993577,94.5256617243043,11270.0,
2018-05-22,12120,12440,11130,12100,11170,1631900,8028,11328.0,11329.12496450886,10945.389359523995,104.68603561387067,12110.396319009746,10545.603680990254,-128.24210362399754,-133.69325825207085,59.88488290201158,73.6328125,88.70999515544672,,12100.0
2018-05-23,11160,11460,11010,12080,11130,1073500,8028,11361.0,11292.92042527463,10963.85134630092,103.05555555555554,12076.511006204657,10645.488993795343,-97.37621101783043,-131.53724671410944,59.01219004892603,50.4725897920605,73.77389212733205,,12080.0
2018-05-24,11050,11450,10970,11460,11080,843000,8028,11382.0,11254.207620475732,10975.466734153766,101.93192272309108,12049.340992297042,10714.659007702958,-71.17849337286862,-126.38946681861954,57.876804260113296,28.49364791288566,50.86635006831534,,11460.0
2018-05-25,11290,11290,10960,11430,10980,523600,8028,11379.0,11204.351689265706,10975.9200790915,99.72752043596729,12053.237346933556,10704.762653066444,-46.639163055617246,-117.32360326814322,55.573841991461734,24.358974358974358,34.44173735464013,,11430.0
2018-05-28,11080,11200,11040,11290,11150,340900,8028,11363.0,11194.469563909894,10993.328705472431,98.58532272325375,12050.491090851365,10675.508909148635,-36.43902405400513,-107.06393407426589,58.590433915845274,22.74436090225564,25.198994391371844,,11290.0
2018-05-29,11180,11410,11150,10960,11410,582800,8028,11379.0,11233.656916039108,11034.997201312273,101.42222222222222,12062.663659996639,10695.336340003361,-40.41311072584176,-97.18362714833954,62.75573436025275,27.167630057803464,24.75698843967778,10960.0,
2018-05-30,11360,11410,11190,10969,11240,653500,8028,11369.0,11234.810204034715,11055.498086216803,99.11816578483244,12057.560817938402,10680.439182061598,-34.01362947898997,-85.71028377378369,58.60486040789599,30.019880715705767,26.643957225254912,10969.0,
2018-05-31,11180,11350,11050,10977,11300,1645700,8028,11340.0,11246.662894233068,11079.948927043659,97.49784296807593,12013.141886974805,10666.858113025195,-31.404330017541724,-72.33211690582782,59.62003121590998,29.93762993762994,29.04171357037968,10977.0,
2018-06-01,11190,11480,11180,10985,11380,534700,8028,11290.0,11270.906004410741,11109.9547516363,95.7912457912458,11861.944053208004,10718.055946791996,-32.36405510089935,-57.56334671639908,60.993595866116856,25.925925925925924,28.627812193087166,10985.0,
2018-06-04,11450,11670,11420,11004,11570,507600,8028,11241.0,11325.286730951682,11155.960266269038,95.93698175787728,11575.239435135953,10906.760564864047,-40.78712778276531,-47.846127178484394,64.11562406674736,30.855855855855857,28.9064705731372,11004.0,
2018-06-05,11640,11650,11400,11043,11540,512700,8028,11278.0,11364.325507183497,11194.364983282647,103.31244404655327,11652.144357167124,10903.855642832876,-43.84929644719887,-41.898692226192,63.25473677762021,36.26126126126126,31.01434768101431,11043.0,
2018-06-06,11240,11670,11220,11080,11620,471000,8028,11327.0,11410.811778644833,11236.929226718634,104.40251572327044,11737.370564246512,10916.629435753488,-48.26524740804052,-39.352776007877765,64.61902350003149,41.66666666666667,36.26126126126123,11080.0,
2018-06-07,11650,11890,11630,11115,11840,534900,8028,11403.0,11488.846000764555,11297.237249932306,106.8592057761733,11878.567029975797,10927.432970024203,-59.92326742953992,-40.828787604980285,68.12400272373911,47.74774774774775,41.891891891891866,11115.0,
2018-06-08,11900,11930,11720,11177,11850,978600,8028,11490.0,11554.510364299877,11352.514305219838,107.92349726775956,11941.929197994554,11038.070802005446,-66.43259594236224,-44.16140670368663,68.27783252855798,54.729729729729726,48.04804804804801,11177.0,
2018-06-11,11940,12210,11920,11252,12180,418100,8028,11593.0,11668.235752662791,11435.263925968462,109.23766816143498,12146.17628293339,11039.82371706661,-84.0255992149705,-49.00723875803427,72.92185434444936,71.02137767220903,57.83295171656213,11252.0,
2018-06-12,12240,12340,12100,11366,12220,502200,8028,11674.0,11768.556524944752,11513.738430634292,107.09903593339176,12324.85789539653,11023.14210460347,-95.1954599745859,-55.80521992421159,73.42961607125659,81.99513381995133,69.24874707396332,11366.0,
2018-06-13,12300,12440,12130,11502,12240,460400,8028,11774.0,11854.273520436487,11586.365334932947,108.89679715302492,12434.617892582392,11113.382107417608,-100.75058241151055,-63.510359079097015,73.69521752316997,91.48418491484185,81.50023213566736,11502.0,
2018-06-14,12120,12260,11830,11652,11840,566800,8028,11828.0,11851.678334901908,11611.729036342711,104.7787610619469,12408.193071313335,11247.806928686665,-82.9494173287294,-69.13095488218924,60.639446552440184,78.40375586854461,83.9610248677792,11652.0,
2018-06-15,11980,12160,11950,11778,12050,526600,8028,11895.0,11887.736819472842,11655.55649802122,105.88752196836555,12403.035431835222,11386.964568164778,-78.0394155382055,-73.27009796612704,64.22297929477142,72.1311475409836,80.67302944145662,11778.0,
2018-06-18,12200,12280,12150,11830,12230,333000,8028,11961.0,11949.966488670394,11713.001279153967,105.70440795159897,12454.2707167469,11467.7292832531,-80.62220136235374,-77.35597629003314,66.99659815383366,71.29186602870813,73.94225647941205,11830.0,
2018-06-19,12130,12170,11980,11927,11980,548500,8028,12005.0,11955.427127094736,11739.701331505341,103.81282495667243,12410.98029508832,11599.01970491168,-68.35140431323816,-79.58777150172176,60.03513846169897,74.58033573141488,72.6677831003688,11927.0,
2018-06-20,12090,12320,12060,11980,12310,476800,8028,12074.0,12019.894922175905,11796.731544892973,105.93803786574871,12425.704421354068,11722.295578645932,-73.17266745177767,-81.05992705974819,65.17856808817027,80.19801980198021,75.35674052070101,11980.0,
2018-06-21,12180,12670,12150,11980,12630,608200,8028,12153.0,12130.823118154462,11880.058846100395,106.6722972972973,12600.754396963335,11705.245603036665,-88.95405561336702,-83.5623114676376,69.30406342111651,84.6341463414634,79.80416729161944,11980.0,
2018-06-22,12410,12540,12240,12060,12320,531400,8028,12200.0,12165.218914856323,11924.053178025215,103.96624472573839,12607.529140062401,11792.470859937599,-82.59210149427417,-83.40303394311579,61.68025407569018,87.5,84.11072204781448,12060.0,
2018-06-25,12300,12350,12160,12670,12270,322000,8028,12209.0,12184.270021247296,11958.648013467186,100.73891625615762,12618.336047765159,11799.663952234841,-73.43656023563199,-80.98537841656535,60.52378923865579,81.83908045977012,84.65774226707778,,12670.0
2018-06-26,12180,12340,12170,12350,12200,466500,8028,12207.0,12187.130017384301,11982.783308341213,99.83633387888707,12616.29695821005,11797.70304178995,-61.74860741260454,-76.65182563890913,58.85992196645313,69.03553299492386,79.45820448489793,,12350.0
2018-06-27,12170,12240,12060,12340,12200,422900,8028,12203.0,12189.47001422362,12004.505055445832,99.67320261437908,12611.710166254768,11794.289833745232,-51.93680527586184,-73.20597985525718,58.85992196645313,61.04651162790697,70.6403750275336,,12340.0
2018-06-28,12200,12240,11970,12240,12150,493500,8028,12234.0,12182.293648000894,12019.054596885298,102.61824324324324,12568.089808285138,11899.910191714862,-41.3892221454189,-69.13373614494756,57.54931031815116,48.409893992932865,59.49731287192117,,12240.0
2018-06-29,12050,12070,11640,12223,11660,718200,8028,12195.0,12087.33116654348,11983.14903284366,96.76348547717842,12668.0539081331,11721.9460918669,-10.360420700957548,-61.32687162701465,46.598688221725254,29.078014184397162,46.178139935078924,,12223.0
2018-07-02,11600,11700,11170,12070,11180,587000,8028,12090.0,11922.361863531725,11902.833919479914,91.41455437448897,12858.9473323967,11321.0526676033,33.1163192820095,-50.052680116431574,38.80838922410412,10.385756676557865,29.29122161796256,,12070.0
2018-07-03,11180,11440,10980,11700,11170,895400,8028,12009.0,11785.56879743244,11829.550355013593,93.23873121869784,12957.027425763623,11060.972574236377,61.989302691632474,-35.03468343383045,38.66337066211705,5.213270142180095,14.892347001044968,,11700.0
2018-07-04,11210,11370,11120,11440,11300,365500,8028,11908.0,11697.283561534254,11776.595207315722,91.79528838342812,12919.327840020238,10896.672159979762,73.62672833344186,-16.970151884185018,41.712670767311174,10.655737704918032,8.751588174551925,,11440.0
2018-07-05,11400,11430,11130,10980,11200,738400,8028,11765.0,11606.868368526872,11718.935576636606,88.67775138558986,12730.908898395703,10799.091101604297,83.85431712052377,1.5238946285703099,40.062752694668,14.398422090729785,10.089143312609233,10980.0,
2018-07-06,11280,11340,11080,10989,11210,581500,8028,11654.0,11534.710483339413,11668.041931631627,90.99025974025975,12594.051062442886,10713.948937557114,87.73593670282753,19.4319498439547,40.316984466097395,15.187376725838265,13.413845507161957,10989.0,
2018-07-09,11000,11410,11000,10997,11290,398300,8028,11556.0,11490.217668186413,11630.23768007835,92.01303993480032,12420.0,10692.0,83.9716196101308,35.62308617981418,42.42110692475431,14.990138067061142,14.858645627876326,10997.0,
2018-07-10,11290,11350,11110,11000,11150,420900,8028,11451.0,11428.359910333906,11582.213845313325,91.39344262295081,12227.167507694056,10674.832492305944,85.30126281214507,50.871760411814954,39.77816436914062,14.003944773175542,14.72715318869158,11000.0,
2018-07-11,11070,11240,11030,11000,11030,547600,8028,11334.0,11355.930835727326,11526.992391695752,90.40983606557377,11961.83437306347,10706.16562693653,89.11513627230124,65.37224468045052,37.61492856567233,10.728744939271255,13.240942593169242,11000.0,
2018-07-12,11170,11590,11070,11008,11340,1180000,8028,11253.0,11353.034320140525,11508.2931314714,93.33333333333333,11571.75382350648,10934.24617649352,74.64713874944937,74.81752906382907,45.8131256718462,12.554112554112553,12.428934088853046,11008.0,
2018-07-13,11420,11480,11070,11030,11070,977700,8028,11194.0,11301.573534660232,11464.463773908834,94.93996569468267,11380.59046063505,11007.40953936495,75.01812075980706,79.47328478358435,40.78583711993347,11.655011655011654,11.645956382798417,11030.0,
2018-07-17,10860,10910,10730,11590,10750,1179500,8028,11151.0,11201.287437448966,11393.017331356334,96.15384615384616,11476.877277514099,10825.122722485901,87.73022793174277,82.33338758804105,35.77516046660686,11.084905660377359,11.76467662316712,,11590.0
2018-07-18,10800,10820,10700,10910,10770,489400,8028,11111.0,11122.87153973077,11330.715547081463,96.4189794091316,11508.13473784095,10713.86526215905,92.71287808374291,84.45407089363006,36.30187866281858,4.081632653061225,8.940516656150011,,10910.0
2018-07-19,10750,10770,10450,10820,10490,1011100,8028,11030.0,11007.803987052208,11246.643930265585,92.83185840707965,11550.999040306218,10509.000959693782,106.15612193114976,86.93204920592183,32.30715511222057,2.7837259100642395,5.9834214078342045,,10820.0
2018-07-20,10300,10520,10250,10770,10440,1239900,8028,10954.0,10904.566898497083,11165.979483607405,93.21428571428572,11567.201435092908,10340.798564907092,114.297514015052,89.88333557394678,31.637643047831972,6.507592190889371,4.457650251338208,,10770.0
2018-07-23,10400,10450,10280,10520,10350,965600,8028,10868.0,10803.736553315654,11084.381486419581,92.32827832292597,11550.747391060559,10185.252608939441,120.44560976313187,93.93600114650245,30.415798104877553,7.482993197278912,5.591437099410771,,10520.0
2018-07-24,10370,10430,10320,10450,10370,791000,8028,10776.0,10724.875361803626,11012.943299304785,91.85119574844995,11454.42169776622,10097.57830223378,119.97830197057556,97.78900549743918,31.053032650789973,9.927360774818402,7.972648720995491,,10450.0
2018-07-25,10490,10540,10400,10250,10450,595500,8028,10706.0,10674.898023293828,10956.648942088854,93.72197309417041,11359.617625221352,10052.382374778648,112.27802279078605,100.3626595550486,33.669681349256734,10.44776119402985,9.286038388708986,10250.0,
2018-07-26,10410,10420,10340,10255,10400,712200,8028,10643.0,10624.916564513094,10900.984023597637,94.2883046237534,11280.8118844926,10005.1881155074,105.9185100291761,103.83725636390712,32.831033746971656,11.691542288557214,10.688888085801755,10255.0,
2018-07-27,10370,10480,10370,10260,10480,515500,8028,10557.0,10598.568098237969,10858.885604709994,92.41622574955908,10996.913627886202,10117.086372113798,94.66227031395465,106.01993964770129,35.59519539175871,14.427860696517413,12.189054726368092,10260.0,
2018-07-30,10460,10480,10340,10265,10360,522700,8028,10486.0,10555.192080376497,10808.997026611323,93.5862691960253,10775.164313150846,10196.835686849154,89.66843818848247,106.2352963428946,33.376433768966464,12.189054726368159,12.769485903814195,10265.0,
2018-07-31,10310,10470,10240,10540,10400,665700,8028,10451.0,10526.975338489849,10768.097310943805,96.74418604651163,10682.939647322317,10219.060352677683,81.68281526751343,105.00973380775798,34.83457609820269,12.40694789081886,13.00795443790141,,10540.0
2018-08-01,10360,10470,10360,10470,10430,432900,8028,10417.0,10509.343458764415,10734.287570172872,96.8430826369545,10509.973114393357,10324.026885606643,72.3792300515779,101.25674582113889,35.96652048439677,11.386138613861387,11.994047077016068,,10470.0
2018-08-02,10390,10500,10380,10240,10440,522900,8028,10412.0,10496.735557170881,10704.858805575162,99.52335557673975,10493.387959797505,10330.612040202495,63.39282682703015,95.60066946691424,36.363326968546076,13.959390862944163,12.584159122541402,10240.0,
2018-08-03,10480,10570,10440,10245,10540,440300,8028,10422.0,10504.60181950345,10688.372921195774,100.95785440613028,10533.642285895625,10310.357714104375,50.743789973179446,87.8560228235862,40.344463723923106,21.165644171779142,15.503724549528163,10245.0,
2018-08-06,10580,10720,10570,10258,10690,529200,8028,10456.0,10538.310579593739,10688.535629110145,103.28502415458938,10641.730988259904,10270.269011740096,33.69694071967933,78.26920490681995,45.81986159085221,38.152610441767074,24.42588182549672,10258.0,
2018-08-07,10760,10810,10690,10285,10740,548300,8028,10493.0,10574.981383303973,10693.682067165528,103.56798457087753,10734.503623161228,10251.496376838772,18.81301381836238,67.88420390988398,47.548045791078394,68.68131868131869,42.66652443162156,10285.0,
2018-08-08,10740,10820,10690,10327,10740,608600,8028,10522.0,10604.9847681578,10698.313861231758,102.77511961722487,10802.39971469315,10241.60028530685,8.158878259933772,57.02202260219039,47.548045791078394,83.8150289017341,63.549652674939885,10327.0,
2018-08-09,10750,10780,10690,10376,10750,525500,8028,10557.0,10631.351173947292,10703.482475894736,103.36538461538463,10854.597042996063,10259.402957003937,0.23426716621725063,46.530022252441796,47.93326649006873,87.28323699421965,79.92652819242407,10376.0,
2018-08-10,10780,10790,10720,10420,10750,669900,8028,10584.0,10652.923687775059,10708.134228942048,102.57633587786259,10897.330496441058,10270.669503558942,-5.137293179288463,35.996052100467246,47.933266490068725,87.35632183908046,86.15152924501133,10420.0,
2018-08-13,10720,10780,10600,10460,10640,826900,8028,10612.0,10650.573926361412,10701.320805208414,102.7027027027027,10888.086942827798,10335.913057172202,-3.538432700164776,26.527024548503,43.826960178231026,81.60919540229885,85.41625141186626,10460.0,
2018-08-14,10660,10840,10630,10496,10840,848600,8028,10656.0,10685.015030659339,10715.188726225277,104.23076923076924,10923.013108292458,10388.986891707542,-11.578021523235293,17.19844104019042,51.895930675243214,85.79545454545455,84.92032392894457,10496.0,
2018-08-15,10840,10850,10660,10537,10790,885100,8028,10692.0,10704.103206903097,10722.66985434932,103.45158197507192,10921.9217258112,10462.0782741888,-14.356265602835265,8.559652992427598,49.96365496897037,86.59217877094973,84.66560957290098,10537.0,
2018-08-16,10750,11040,10730,10580,10940,1132700,8028,10742.0,10746.993532920718,10744.402870866328,104.78927203065133,10947.09509989271,10536.90490010729,-22.7182688072553,0.3972020168237375,55.33639140013363,92.03980099502488,88.14247810380967,10580.0,
2018-08-17,11050,11640,11050,10653,11530,1306900,8028,10841.0,10889.358345116956,10822.962590129917,109.39278937381405,11325.68133861332,10356.31866138668,-54.91044732029877,-9.448063320951608,69.29991384984874,90.39145907473309,89.67447961356919,10653.0,
2018-08-20,10630,10660,10150,11640,10230,2503600,8028,10795.0,10769.475009641143,10763.666326803137,95.69691300280635,11400.524565975651,10189.475434024349,-15.012523627985502,-13.206456370545816,39.78519332054162,56.09756097560976,79.50960701512254,,11640.0
2018-08-21,10100,10100,9590,10660,9670,1720600,8028,10688.0,10569.570462433658,10654.299686962067,90.03724394785847,11596.792605603721,9779.207394396279,38.3033792904389,-9.857067367156358,33.22142055368788,29.352226720647774,58.61374892366351,,10660.0
2018-08-22,9740,9920,9400,10100,9850,1485300,8028,10599.0,10438.739469263899,10573.86971352634,91.71322160148976,11635.357081318984,9562.642918681016,64.90788651873845,-2.671109661320669,36.829024158574505,10.55363321799308,32.00114030475017,,10100.0
2018-08-23,9850,9940,9650,9920,9800,900600,8028,10504.0,10322.605020306824,10496.48273806952,91.16279069767442,11637.214895772202,9370.785104227798,83.22761798040847,7.1472138008678785,36.2433021032443,14.241960183767228,18.049273374135996,,9920.0
2018-08-24,9920,10090,9890,9400,10060,729400,8028,10435.0,10274.85865297831,10452.83446217919,93.5813953488372,11583.816782607219,9286.183217392781,81.0678171859563,16.54790823265911,41.457203978861884,22.470238095238095,15.7552771656661,9400.0,
2018-08-27,9950,9980,9870,9413,9870,510100,8028,10358.0,10201.247988800435,10394.55101345753,92.76315789473685,11544.146702562546,9171.853297437454,85.88063458086435,27.376647799781292,38.95043513758346,22.767857142857142,19.826685140620786,9413.0,
2018-08-28,9910,9940,9790,9426,9790,619200,8028,10253.0,10126.475627200354,10334.09590977445,90.31365313653137,11435.778085694861,9070.221914305139,90.18836836876471,38.99271824107018,37.91099255658553,22.61904761904762,22.61904761904758,9426.0,
2018-08-29,9760,9960,9740,9439,9750,568400,8028,10149.0,10058.025513163926,10275.686316764586,90.36144578313254,11307.255584920704,8990.744415079296,92.17549990615225,51.758692542559906,37.37394612779526,18.00595238095238,21.130952380952344,9439.0,
2018-08-30,9900,9900,9720,9452,9780,400900,8028,10033.0,10007.475419861394,10226.117683535816,89.39670932358318,11077.951673523708,8988.048326476292,89.2998504882089,67.78205896572743,38.08239219507532,16.666666666666664,19.097222222222186,9452.0,
2018-08-31,9840,9840,9680,9464,9690,665700,8028,9849.0,9949.75261625023,10172.5059136712,84.04163052905464,10176.346910784263,9521.653089215737,88.75941548256924,79.31227442245573,36.73964981306546,15.178571428571427,16.617063492063455,9464.0,
2018-09-03,9680,9780,9550,9476,9680,427100,8028,9794.0,9900.706686022915,10123.255321054778,94.6236559139785,10014.036360631602,9573.963639368398,86.12406207929052,84.62568362121702,36.58529604943901,14.136904761904761,15.327380952380915,9476.0,
2018-09-04,9720,9910,9690,9488,9890,453400,8028,9816.0,9898.760015836931,10099.929788416786,102.27507755946226,10025.799904671094,9606.200095328906,71.99785171158328,85.41345753153311,42.08775243875506,15.773809523809524,15.02976190476187,9488.0,
2018-09-05,9860,9950,9750,9500,9810,572000,8028,9812.0,9882.621831139308,10070.936808979397,99.59390862944163,10020.57612519174,9603.42387480826,63.912483102310944,83.26733143396672,40.641025161615914,17.559523809523807,15.823412698412662,9500.0,
2018-09-06,9840,9870,9700,9511,9760,498200,8028,9808.0,9860.326952750343,10039.843127506474,99.59183673469387,10018.864885649557,9597.135114350443,58.78046487134452,80.79095895456541,39.72200136197827,21.951219512195124,18.428184281842785,9511.0,
2018-09-07,9750,9810,9640,9522,9760,514100,8028,9778.0,9842.085688613917,10011.858814290088,97.01789264413519,9906.000000000002,9649.999999999998,53.49785361126487,77.19287218016547,39.72200136197827,26.904761904761905,22.138501742160248,9522.0,
2018-09-10,9710,9790,9670,9533,9790,320000,8028,9770.0,9832.615563411387,9989.672932528767,99.18946301925025,9883.137084989849,9656.862915010151,46.891228954866165,72.38207891195452,40.65581643635465,41.88679245283019,30.247591289929044,9533.0,
2018-09-11,9860,10180,9840,9544,10160,866600,8028,9807.0,9892.140006427499,10006.705639505502,103.77936670071502,10067.77576574521,9546.22423425479,23.899322142711753,64.7958369382389,50.78287747997775,67.32673267326733,45.372762343619776,9544.0,
2018-09-12,10160,10650,10090,9569,10550,782900,8028,9887.0,10011.750914349772,10061.03507621411,108.2051282051282,10398.785111155063,9375.214888844937,-10.399793919121294,53.718098670757776,58.769627527416226,82.64462809917356,63.952717741757,9569.0,
2018-09-13,10550,10610,10400,9633,10480,479400,8028,9957.0,10096.887111740723,10102.93156905018,107.15746421267893,10572.14551124104,9341.85448875896,-30.06689420962539,40.51517537162504,56.98226879158708,89.75265017667844,79.90800364970642,9633.0,
2018-09-14,10640,10650,10360,9694,10570,1167500,8028,10045.0,10182.907636878774,10149.63841260417,109.08152734778123,10729.99635035524,9360.00364964476,-46.6087191998231,25.76708856283464,58.720556947176796,89.39393939393939,87.26373922326377,9694.0,
2018-09-18,10600,10960,10590,9751,10920,644900,8028,10169.0,10316.924430173543,10226.674572025113,112.8099173553719,10981.81978322381,9356.18021677619,-72.52599398703205,9.708883485210713,64.6952738811118,91.96675900277008,90.37111619112927,9751.0,
2018-09-19,11130,11220,10980,9847,11060,618300,8028,10286.0,10452.0290792329,10310.007115485945,111.83013144590494,11230.635379392494,9341.364620607506,-94.29996479723195,-7.870277392516275,66.76729362944047,93.30143540669856,91.55404460113597,9847.0,
2018-09-20,11060,11260,11030,9984,11190,772400,8028,10424.0,10586.205610281464,10398.006404567794,114.06727828746178,11449.873286522268,9398.126713477732,-112.13773073652919,-26.861188015613354,68.60958413099544,94.36325678496868,93.21048373147907,9984.0,
2018-09-21,11340,11370,11140,10137,11170,1375700,8028,10565.0,10692.350044775743,10475.205764608778,114.44672131147541,11574.52464061062,9555.47535938938,-119.83905750354643,-46.12084480614794,67.98516259974477,91.73076923076923,93.13182047414546,10137.0,
2018-09-25,11230,11490,11180,10309,11380,629500,8028,10727.0,10817.377309361971,10565.685188672951,116.5983606557377,11686.501954140793,9767.498045859207,-131.05721539187653,-65.89289417800825,70.97245274522055,92.93680297397769,93.01027632990518,10309.0,
2018-09-26,11490,11730,11430,10497,11680,703200,8028,10916.0,10974.217798568885,10677.116670387628,119.30541368743617,11804.738431710928,10027.261568289072,-148.46466948883972,-85.04444880373619,74.61635511521585,93.75,92.80585740158229,10497.0,
2018-09-27,11600,11770,11520,10718,11630,635100,8028,11063.0,11093.450926101814,10772.40500379676,114.46850393700787,11886.847073187737,10239.152926812263,-153.37234089328376,-100.9302873564209,72.97218342585792,95.05766062602964,93.91482120000244,10718.0,
2018-09-28,11760,11960,11680,10928,11830,868300,8028,11191.0,11227.368939537848,10878.164503864487,112.13270142180095,12053.111361716106,10328.888638283894,-161.20607720111366,-115.50130768880848,75.315259434154,95.10703363914374,94.63823142172446,10928.0,
2018-10-01,11870,11940,11700,11134,11830,836100,8028,11326.0,11336.93822325824,10973.348053840435,112.88167938931298,12120.64205778451,10531.35794221549,-161.54872709560914,-128.27241967722915,75.315259434154,94.06528189910979,94.74332538809438,11134.0,
2018-10-02,11880,12050,11750,11299,11970,1227100,8028,11466.0,11452.040364484013,11073.013248797904,113.24503311258279,12166.239958871243,10765.760041128757,-163.27148311355813,-138.35525180239873,76.9383166357855,95.01466275659824,94.72899276495058,11299.0,
2018-10-03,11810,12130,11760,11449,12130,825500,8028,11587.0,11575.305752759648,11178.711924244084,111.08058608058609,12286.202402741867,10887.797597258133,-166.79853386067407,-146.4106483650034,78.66485961576421,96.78899082568807,95.28964516046535,11449.0,
2018-10-04,12050,12330,12030,11585,12200,945800,8028,11701.0,11688.886524985168,11280.840732103139,110.30741410488245,12391.01159410549,11010.98840589451,-167.28458255531768,-152.53807634486878,79.39178446908944,96.62379421221866,96.14248259816831,11585.0,
2018-10-05,12360,12940,12330,11734,12770,1489100,8028,11859.0,11885.4526113515,11429.756659264816,114.11974977658623,12712.765775842532,11005.234224157468,-188.77407451614454,-160.19752267960192,84.13266912897437,95.44764795144158,96.28681099644943,11734.0,
2018-10-09,12670,13440,12610,11975,13290,1390700,8028,12071.0,12140.824863833044,11615.780993756554,118.9794091316025,13156.521073033591,10985.478926966409,-221.51237447374297,-170.2480959109204,87.05777241447812,93.91891891891892,95.33012036085971,11975.0,
2018-10-10,13160,14260,13080,12268,13960,1989500,8028,12329.0,12471.583979499763,11850.202894855223,122.67135325131811,13794.754413263014,10863.245586736986,-267.7809967689245,-183.5054656087076,89.69400342290285,92.8817451205511,94.08277066363719,12268.0,
2018-10-11,13580,13740,12760,12610,13180,1557400,8028,12479.0,12600.386892317987,11983.182605611863,112.84246575342465,13955.359034923416,11002.640965076584,-254.86187965277531,-194.7820810264289,71.4479585252754,83.65384615384616,90.15150339777206,12610.0,
2018-10-12,13010,13300,12370,14260,12730,1748400,8028,12589.0,12623.952911896533,12057.864345173075,109.45829750644884,13955.790400902786,11222.209599097214,-217.50549638483608,-201.03757204684248,63.431002521604995,69.78193146417445,82.10584091285726,,14260.0
2018-10-15,12580,12780,12350,13300,12690,1175200,8028,12675.0,12635.961473369889,12121.077910749009,107.26965342349956,13944.7165037913,11405.2834962087,-183.6794678223905,-203.4965432387071,62.756919398744714,55.67338282078473,69.7030534796018,,13300.0
2018-10-16,12740,12800,12270,12780,12660,1290600,8028,12758.0,12640.332114575365,12174.970119745652,107.01606086221472,13897.782435379664,11618.217564620336,-153.74555717019757,-202.43810702277813,62.222837770534476,47.95127353266888,57.80219593920938,,12780.0
2018-10-17,12650,12750,12440,12270,12620,1045300,8028,12823.0,12636.635366470751,12219.473107824258,105.43024227234754,13843.511636386376,11802.488363613624,-126.90581589270914,-198.00558280411536,61.47165717066865,44.39306358381503,49.33923997908958,12270.0,
2018-10-18,12740,13110,12690,12270,12920,820200,8028,12902.0,12688.156208930614,12289.52579711716,106.51277823577907,13812.024175503047,11991.975824496953,-118.6787351543262,-192.6049330928941,64.89470611683223,43.80368098159509,45.38267269935971,12270.0,
2018-10-19,12910,13100,12630,12303,13070,850600,8028,12989.0,12757.58235276141,12367.573217480976,107.1311475409836,13771.327297235626,12206.672702764374,-116.38105788051871,-184.56126457782455,66.49745423741396,47.08121827411168,45.092654279840644,12303.0,
2018-10-22,13000,13210,12820,12335,13170,619400,8028,13029.0,12832.567379532062,12447.815895802769,103.13234142521534,13803.310015433095,12254.689984566905,-115.86013609884685,-172.8221269806139,67.56075665933852,52.67973856209151,47.85487927259947,12335.0,
2018-10-23,13070,13100,12570,12387,12660,1278500,8028,12966.0,12801.191492344415,12469.034306239126,95.25959367945825,13747.598362331959,12184.401637668041,-88.40412332052256,-152.89136326412478,57.53207410143388,48.74504623513871,49.50200102378068,12387.0,
2018-10-24,12960,13410,12850,12436,13350,1271700,8028,12905.0,12900.974857372703,12557.130875677367,95.63037249283668,13414.686177956593,12395.313822043407,-98.9445416453309,-135.56721459663095,65.08371039062227,50.27624309392266,50.56700929705101,12436.0,
2018-10-25,13070,13230,12850,12513,12950,966700,8028,12882.0,12909.888519668573,12596.417788134575,98.25493171471928,13359.727956058676,12404.272043941324,-84.57360815303764,-120.79700479309778,58.58048830663644,43.154761904761905,47.39201707794114,12513.0,
2018-10-26,12870,12930,12660,12584,12850,633700,8028,12894.0,12898.99969791065,12621.776009335608,100.94265514532601,13361.777724993399,12426.222275006601,-67.62794215354734,-107.902390829893,57.045853459777675,41.54589371980676,44.99229957283049,12584.0,
2018-10-29,12890,13260,12810,12650,13070,661500,8028,12932.0,12930.090661926897,12666.5984084251,102.99448384554768,13388.928878492048,12475.071121507952,-64.23001617993759,-97.95621960875299,59.556078682171396,34.505862646566165,39.73550609037832,12650.0,
2018-10-30,13010,13380,12980,12660,13370,936300,8028,13003.0,13010.074177940189,12736.938567615149,105.608214849921,13488.555352148445,12517.444647851555,-73.79972733072645,-92.05554310186602,62.7526624280022,45.50458715596331,40.51878117411213,12660.0,
2018-10-31,13210,13260,12900,12720,13120,953900,8028,13053.0,13030.060691041974,12775.244710869592,103.96196513470682,13468.408232946822,12637.591767053178,-66.46846326877858,-86.25440178124963,58.59636210073514,59.78260869565217,46.59768616606059,12720.0,
2018-11-01,13130,13670,13090,12775,13450,649700,8028,13106.0,13106.413292670704,12842.720239807933,104.10216718266254,13572.15019038932,12639.84980961068,-74.69134718780515,-81.62221170428145,62.159182195737316,78.05486284289277,61.11401956483613,12775.0,
2018-11-02,13230,13780,13210,12864,13730,858700,8028,13172.0,13219.792694003303,12931.44821585708,105.04973221117062,13767.906032860887,12576.093967139113,-90.88248869644303,-78.8469175484588,64.9176789945343,86.17283950617283,74.67010368157264,12864.0,
2018-11-05,13680,14270,13640,12973,13800,841900,8028,13235.0,13325.284931457247,13018.303394297749,104.78359908883827,13939.968084383967,12530.031915616033,-102.27703098855454,-80.38835173379569,65.59295914771775,84.38818565400844,82.87196266769139,12973.0,
2018-11-06,13900,14250,13820,13154,14240,650500,8028,13393.0,13491.596762101384,13140.473054901368,112.48025276461296,14210.85328757669,12575.14671242331,-127.15096635587179,-83.52239892385579,69.55929668325254,89.0873015873016,86.54944224916102,13154.0,
2018-11-07,14390,14630,14120,13310,14300,863500,8028,13488.0,13638.57916899204,13256.425749439755,107.11610486891385,14468.35911787467,12507.64088212533,-142.84560056279952,-89.99706474716267,70.06604200613637,85.1520572450805,86.20918149546355,13310.0,
2018-11-08,14420,14920,14350,13521,14880,1063200,8028,13681.0,13864.292047357125,13418.783174531727,114.9034749034749,14894.011129380106,12467.988870619894,-175.84364216248105,-102.02103141482196,74.4873612349875,93.45335515548283,89.23090466262168,13521.0,
2018-11-09,14740,15120,14700,13772,15000,1108300,8028,13896.0,14070.784402383104,13576.904857110061,116.73151750972764,15202.2067217711,12589.7932782289,-198.30866594803592,-116.9186591668329,75.30022662482509,92.95977011494253,90.52172750516866,13772.0,
2018-11-12,14860,15070,14850,14041,15000,427000,8028,14089.0,14239.732692858905,13719.214371424574,114.76664116296864,15420.0882765617,12757.9117234383,-207.4139538660056,-131.76468433741945,75.30022662482509,96.19565217391305,94.20292581477952,14041.0,
2018-11-13,14890,15180,14520,14256,15150,938800,8028,14267.0,14405.23583961183,13862.29293430521,113.31338818249812,15641.250341095101,12892.749658904899,-214.11864249152495,-148.1702598066135,76.39072562512506,96.41434262948208,95.18992163944593,14256.0,
2018-11-14,15130,15280,14950,14440,15120,607000,8028,14467.0,14535.192959682407,13988.063640892959,115.24390243902438,15689.032732785829,13244.967267214171,-210.68431963829426,-163.28059007889007,75.67114856756396,95.92105263157895,96.17701581165807,14440.0,
2018-11-15,14720,15050,14560,15280,14980,568200,8028,14620.0,14616.066967012877,14087.25727681663,111.37546468401487,15664.643479853294,13575.356520146706,-195.41541433338716,-174.89535959410608,72.25079676564138,93.5611038107753,95.29883302394548,,15280.0
2018-11-16,14980,15310,14880,14560,15270,651900,8028,14774.0,14734.963882101445,14205.531549148884,111.21631463947561,15695.181849582372,13852.818150417628,-192.45137337827146,-184.9147309707413,74.79250016950398,93.33333333333333,94.27182992522923,14560.0,
2018-11-19,15330,15540,15240,14560,15410,329600,8028,14935.0,14857.697721719365,14325.978394246751,111.66666666666667,15661.099166780958,14208.900833219042,-190.98490339701857,-192.00739064197984,75.93831669206757,93.75,93.54814571470291,14560.0,
2018-11-20,15390,15690,15320,14599,15580,525500,8028,15069.0,14989.025408679481,14451.380554834026,109.41011235955057,15723.672437177556,14414.327562822444,-191.96191130518127,-197.46475850224448,77.28833556373058,96.33986928104575,94.47440087145974,14599.0,
2018-11-21,15500,15920,15400,14664,15840,677100,8028,15223.0,15143.74806164685,14590.242499362535,110.76923076923077,15801.760745040643,14644.239254959357,-198.7167501567019,-200.00621494604678,79.20959450979501,95.9748427672956,95.35490401611384,14664.0,
2018-11-22,15750,16780,15720,14764,16670,1261200,8028,15402.0,15421.248414074695,14798.218249442336,112.02956989247312,16400.631063005752,14403.368936994248,-235.482587220602,-204.13665064299857,83.89366227091354,96.44970414201184,96.25480539678445,14764.0,
2018-11-26,16730,17860,16720,14965,17780,2052100,8028,15680.0,15850.112338788387,15096.396424518818,118.53333333333333,17378.65829406623,13981.341705933768,-304.35538193399225,-214.9079204283304,87.83951365134826,97.26996966632963,96.56483885854574,14965.0,
2018-11-27,17750,18030,17260,15312,17970,1710100,8028,15977.0,16235.54645900868,15383.756782084905,119.8,18085.38421545979,13868.615784540209,-350.38141583431934,-230.0482285775298,88.36495852977791,97.74571686203787,97.15513022345984,15312.0,
2018-11-28,17780,18960,16590,15692,16700,4351100,8028,16132.0,16319.992557370739,15515.381103883821,110.23102310231023,18201.95265646343,14062.047343536573,-312.14114906425493,-241.32120962485877,67.4008501371411,80.89171974522293,91.9691354245302,15692.0,
2018-11-29,16460,16830,15830,18960,16130,3513900,8028,16233.0,16285.448456030603,15576.84299349855,106.67989417989419,18191.12257021873,14274.87742978127,-250.34339466408164,-247.42431855049148,60.467055748559176,60.26234567901234,79.6332607620911,,18960.0
2018-11-30,16360,16420,15700,16830,16110,2979700,8028,16346.0,16253.548736752313,15630.158694151125,107.54339118825101,18123.980877287493,14568.019122712507,-199.88511800353263,-248.2502901755205,60.23291377167364,41.141586360266864,60.765217261500766,,16830.0
2018-12-03,16310,16600,16000,16420,16310,1057800,8028,16450.0,16263.812602797347,15698.142824738801,106.81074001309759,18079.527538889724,14820.472461110276,-168.80920401781805,-245.78632357783155,61.824850800857654,37.46246246246246,46.28879816724728,,16420.0
2018-12-04,16200,16320,15870,16391,15880,1044700,8028,16497.0,16194.028493197828,15716.328542265592,103.04996755353666,18027.961789203113,14966.038210796885,-122.73291750386488,-238.09421315546308,56.580496645220464,35.39156626506024,37.998538362596584,,16391.0
2018-12-05,15480,15940,15380,16320,15640,1330900,8028,16503.0,16093.296039889132,15708.695688038777,100.38510911424903,18019.945615373206,14986.054384626792,-76.68949532507213,-224.53562928528197,53.83560020421927,31.64652567975831,34.83351813576039,,16320.0
2018-12-06,15610,16200,15540,15940,16160,1284000,8028,16535.0,16105.424032636563,15753.82611923625,102.020202020202,18007.5012733441,15062.498726655898,-67.16196353250052,-205.8333377643818,58.529902475421984,28.57142857142857,31.869840172082423,,15940.0
2018-12-07,16120,16750,15960,15380,16700,1467400,8028,16538.0,16213.52875397537,15848.443507315173,100.17996400719855,18011.710962163204,15064.289037836796,-83.56911236422275,-181.30153003440742,62.76435999041243,31.311475409836063,30.5098098870077,15380.0,
2018-12-10,16500,16950,16320,15407,16570,1298800,8028,16417.0,16278.34170779803,15920.599156585402,93.19460067491563,17640.374022938202,15193.625977061798,-86.10413273141239,-151.93738746741778,61.14567353661918,34.87762237762238,31.586842119629054,15407.0,
2018-12-11,16570,17420,16530,15468,17350,1399100,8028,16355.0,16473.18867001657,16063.539240929977,96.54980523094045,17284.913974515923,15425.086025484077,-121.17078858823515,-130.7184585256378,66.69559941483786,42.77879341864717,36.32263040203525,15468.0,
2018-12-12,17350,17540,15690,15585,16080,2535200,8028,16293.0,16401.699820922648,16065.18531683701,96.2874251497006,17205.142532721722,15380.857467278276,-82.56450059629424,-112.07635918477253,53.33677227770675,36.2962962962963,37.984237364188665,15585.0,
2018-12-13,16190,16840,15910,15690,16730,1758900,8028,16353.0,16461.390762573075,16131.666785154483,103.71977681339119,17292.874459701932,15413.125540298068,-83.89056716801497,-99.1880757586039,57.97616514294475,37.43016759776536,38.83508577090299,15690.0,
2018-12-14,16570,17230,16030,15690,16610,3079500,8028,16403.0,16488.410623923424,16179.500106639794,103.10366232153942,17339.036324081495,15466.963675918503,-76.66850247293769,-88.95022003139496,56.85236906059951,30.54003724394786,34.75550037933656,15690.0,
2018-12-17,16610,17700,16610,15838,17610,2200000,8028,16533.0,16692.335965028255,16322.550095977862,107.97057020232985,17711.067909757327,15354.932090242672,-115.57453552632796,-88.1548442561131,63.24598135120564,44.78584729981378,37.58535071384239,15838.0,
2018-12-18,17610,17920,16720,16024,17250,1939000,8028,16670.0,16793.729425932208,16415.29508638127,108.6272040302267,17830.965115754992,15509.03488424501,-121.73940296165893,-93.16038954906718,59.810003514809154,54.948453608247426,43.42477938400308,16024.0,
2018-12-19,17210,17280,16580,16251,16720,1074700,8028,16778.0,16780.324075762714,16445.765577743496,106.90537084398977,17714.92262220527,15841.077377794729,-97.70517774983455,-96.55408001765984,55.066864847632054,62.8175519630485,54.183950957036636,16251.0,
2018-12-20,16580,16820,15710,17920,15860,1704800,8028,16748.0,16612.992425624037,16387.189019968537,98.14356435643565,17776.85567500986,15719.144324990137,-38.737235214142856,-91.57276033431764,48.36452852199822,48.4251968503937,55.397067473896605,,17920.0
2018-12-21,15060,15330,14470,16820,14860,2409600,8028,16564.0,16294.266530056031,16234.47011797025,88.98203592814372,18096.323725588038,15031.676274411964,48.525286970452726,-76.61393592299929,41.96805073270946,25.908558030480656,45.71710228130768,,16820.0
2018-12-25,14200,14430,13980,15330,14250,1739300,8028,16332.0,15922.581706409479,16036.02310617155,85.9987929993965,18399.49703748276,14264.502962517237,134.25606238862565,-48.23317470334809,38.61326361875717,11.48036253776435,28.604705806212966,,15330.0
2018-12-26,14310,14700,13740,14430,14070,2012800,8028,16004.0,15585.748668880482,15839.4207955529,81.09510086455332,18344.15725967295,13663.842740327053,196.46593921358544,-17.229792502250348,37.656695874390685,8.556611927398444,15.315177498547884,,14430.0
2018-12-27,14630,14920,14400,13740,14550,1644300,8028,15851.0,15397.430729084032,15710.478715996729,90.48507462686567,18346.202596984862,13355.797403015138,210.37828847313904,15.46674701343343,41.79740733924985,11.463414634146343,10.50012969976978,13740.0,
2018-12-28,14470,14490,13790,13740,13910,1341600,8028,15569.0,15126.988778341482,15530.430844395949,83.14405260011955,18234.684902609457,12903.315097390541,242.86116217273957,50.97004308517535,38.158279150452636,10.446570972886763,10.155532511477249,13740.0,
