2282,1.6240578491569546,1.8601427733772435,1.6743287170545538,-1.2991393167818936,-0.8284312703725409,-0.5901588893803771,-0.07403230181384358,-0.2617012246311286,2.604434317569819,1.1648368014106345,-2.3650025130531893,-1.7956582420370368,0.8958323148812949,1.6525665029309955,1.1081708518613926,-0.0061157005591200185,0.44324491536968746
8750,0.18302708854543215,0.12229972798672702,0.21348399098803486,0.5919858603120728,-0.5559306002195398,0.5724614214825868,0.5982817672763693,0.8517733883103386,-1.304243737829179,0.6412772055353153,0.46709851272386615,1.5522277520503533,0.9584963652165578,-0.7666478852076009,-1.5541357057017597,-1.6846956357976957,-1.4524842721280016
2269,-1.2708154597106156,-1.0940408911588624,-1.0952478862924706,-1.6111208053112152,0.016665627623627267,-1.5355127679686753,-1.449870693590323,-1.1853048850217067,-0.881591897287335,-1.1727486795109578,-1.4470071560000726,1.4025665506240097,2.101025471994499,-0.2750440594627625,-0.7768898922666057,-0.995945571085391,0.5698484496038202
3407,0.8493646567264881,0.8091782043960427,0.8791441803386396,0.6631852352594616,-0.7981476950504984,0.7138675410438087,0.8580110608610343,0.9365687653618184,-0.7036638361657008,0.578420317111085,0.8433535530274664,0.6768583458592928,1.331659110497492,-0.25144012866729704,-0.8911937019007453,-0.9938471580782322,0.7887120336044882
4208,1.1964352965504492,1.178700218715479,1.2117519722075751,1.3066640098471856,-1.0050557477571234,1.2698886210497793,1.3322318069059682,1.3759923832465184,-0.2990484979408823,1.0357440287937296,1.3292061144727587,0.31815967298568204,-0.04749456305760821,0.195775929004406,-1.3073493608497984,-1.4257049771784935,1.5032654536585501
8354,-0.20657989466286006,-0.2336140492178691,-0.2288793706621187,-0.14250560847703173,0.0023534976944967687,-0.17504165525729662,-0.16454251866087424,-0.08655504756850893,-0.4225733734697231,-0.23191971495489966,0.06951678762357008,0.407032002546511,0.377734573022064,-0.253157787437099,-1.3952273265211284,-1.5589724912037,0.40495344026723445
9062,1.0860958046269336,1.1426250948167562,1.13225969532799,1.428659622345293,-1.0219887624825275,1.1218073716585661,1.2048700773875243,1.2323126804026179,-0.2978580833039786,0.9253454248043007,1.193557364733016,0.18570396077846432,-0.01914076546989813,0.4141526213013185,-0.9382021200521661,-1.2665820560830692,1.4938506173613053
8630,0.5038977305567509,0.5736880215891768,0.5934950456681175,0.19567394019008436,-0.4100122080378164,0.2372239143868469,0.42096777447366523,0.5686001644722093,-0.8044146999925208,0.12229377271183124,0.3322182150734642,0.8301504256431823,1.5962063379637652,0.08990481313627088,-0.8084874335553961,-1.2295908496979229,0.6535926372966109
4751,1.1379565880708358,1.1136384124158696,1.1979373718470094,0.6487584472368395,-0.5986890574310404,0.7993443489034661,0.9486230475899852,0.7881856040839064,1.8582152366587243,1.0533081743597577,0.45513729211786835,-1.7305539577656044,-1.1242498745415352,1.1442119776993016,0.84314092939483,0.975378760077511,0.891519405367323
5301,1.0229696618237314,0.9820386269447623,0.7394926023283566,1.2786952275027075,1.5573895044904014,1.0799482365463222,1.0486990546037582,1.0391688750121355,-1.3955364256129252,1.1228539010887948,0.9915453303485785,0.1549518235869284,-1.5050694741522717,-0.7264620472417288,-1.563635630920966,-1.0062941994833554,-1.9448912962926077
7270,-0.6412011346887002,-0.49973424222740864,-0.4289415794461714,-0.5155616273098385,-0.36013291771212613,-0.41337428571131163,-0.5246530860208306,-0.5388051139951455,-0.0007297781876272186,-0.6614854686947744,-0.05058262889674954,0.20260314328964102,0.03176806444227264,-0.07118837452505744,-0.7364586454490245,-0.5419607948224742,0.7190594183435802
8802,-1.3767498119838635,-1.3225682163519832,-1.4643879420519996,-1.6874779300656482,-0.25963245373057003,-1.3085373359322823,-1.3725384047454334,-1.1602718866905897,-1.8312583446610418,-0.8505672110995032,-1.6025208206165513,1.448624562422071,1.1219240612962376,-0.6771546710437492,-1.017081101369013,-1.244442930969081,0.7321152866786718
8355,0.33797632891978074,0.31488953612201365,0.3330144736300005,0.8139756398220924,0.8796526413998166,0.901098316740955,0.8147636173843891,1.0875069441543723,-1.2954949647248672,1.2587456825023504,0.44646614317412286,1.471465998104961,0.631032817060333,-0.3314869983765102,-1.5261822180994604,-1.7171216823610589,-1.4859423686280944
5711,0.3657879702230853,0.3281579468540489,0.4011959644936263,0.5358188936329009,-0.5662274343520899,0.4769527804294372,0.5587673430402991,0.7454597872391838,-0.35610137048366786,0.553743332938451,0.336683909768572,1.2309820587182667,1.0787099478209683,-1.0233936631432414,-1.3176618719472448,-1.3430226624911774,-1.388700961740053
9301,0.5115687226286363,0.5005363656292913,0.48490872328252793,0.5194002324954781,-0.05151552196190652,0.7724395005577964,0.8549049596779389,1.1426471547954207,-0.9204878783558376,0.7920477456923425,0.5711446439269927,1.536129333411071,1.1050290392043072,-0.7689075035580957,-1.426106339757163,-1.6163613027824262,0.8781617056066142
4631,0.33101425497236836,0.3117773692018314,0.3484427396848912,0.5608865792439215,-0.4448559208343647,0.45141591743520826,0.523277561739623,0.6788117818142473,-0.3518542524298269,0.5240597634307967,0.34624485036784713,1.3849819135303354,1.1452264163470012,-0.8335956558242769,-1.5947107652642678,-1.770822637768947,-1.641496789277453
6971,-0.07528670366743713,-0.205802194074978,-0.10654603093452641,0.27568168810657434,-0.3413976713003107,0.02065599853421214,0.22557533105209449,0.689230878355433,-2.1032221589113704,0.17937311443221465,-0.17163571386030155,2.5766884460587467,2.7757090341118995,-1.2009012516035973,-1.7418996978406345,-1.878429155243768,-1.748368582616957
8035,1.1589221836107753,1.1041098268259033,1.1244378388456566,1.4332191371584306,0.14317548344642145,1.2021599415067068,1.2967353122884624,1.3364577325944011,-1.0711005947356986,1.0929056621699866,1.3059775648847496,0.6035201201464092,0.3876496757069453,-0.6779301435528509,-1.0167602345318085,-0.5789943731485045,-1.8773252072930366
5707,1.2343304800063208,1.1978204131236805,1.2981091837094507,1.4011117438274463,-1.0108090517079384,1.4225430655834268,1.4726526956744543,1.5786983264840746,-0.369265249484544,1.3469632681729458,1.2770842823120114,0.7264551880258403,0.08890061452089426,-0.34922132609686296,-1.3575061324465403,-1.4655213553545052,1.6332005191920511
5713,1.3002984840778957,1.2271258830479306,1.270785497900388,1.5527636018015587,-1.0849492828957545,1.4297382454456335,1.452678345153473,1.511846509369908,-0.7689654816803934,1.3618987570209844,1.405263705749069,0.6463247770133348,-0.2253449525843213,-0.2761375423314284,-1.465620253896121,-1.3885558926055075,-1.894969540466669
9101,1.0177276528997374,0.9875607063538481,1.0081220052896598,1.1210382567679151,-1.0602611166947307,1.1640943920938858,1.238814583760268,1.3667642723743958,-0.37011572521093267,1.079490465534641,1.072133371620051,0.9305322633932276,0.37206558605968854,-0.18258292139569515,-1.2627392970569062,-1.3597325099011268,1.4207507338821435
5101,0.7825063025417187,0.9586637054601641,0.8899469372324342,0.691221789499057,-0.6567364170806106,1.0847346559030442,1.1309978583452,1.2682838914511705,-1.0453510668305237,1.2176047025148333,0.918709535420242,1.0470033786606567,0.4205653050405593,-0.31708449402560973,-1.2194291145335843,-1.5960797249186174,0.7952618761944723
6178,-0.8468946032692781,-0.9021323165022367,-0.7551927906380496,-0.5467976081086997,0.1242261773473998,-0.9282666662848054,-0.8525584936131969,-0.8614389188221298,-0.24005119830909358,-1.1358787091947746,-0.24529261772407102,-0.04315769269535957,0.009238148355499682,0.17778135812667617,-0.16553564299135315,-0.34868838358621995,0.6766568381300699
7272,0.8005317830799499,0.9170132654815988,0.9031437218344104,0.5968524224459594,-0.37264548462432256,1.0574719144322597,1.1081950163668621,1.2890783982615088,-1.0368199317268045,1.1587922879122614,0.9129577906656241,1.2862735742139872,0.8112752434433763,-0.2906769447599734,-1.215318704568459,-1.5925829257712538,0.8853665939741433
4021,0.3612558956878968,0.5152775546726118,0.4337361021014623,0.16221119868447065,-0.4617102744291767,0.22440010969030186,0.4319074219646351,0.5177871272789666,-0.5469172782928482,0.3262930883472778,0.09164528373415272,0.5709469773719701,1.5529486075520822,0.054204294048172355,-0.3855303991305911,-0.7014332728691333,0.6179637444964458
7267,1.1304280189994624,1.1759364780567798,1.1373368995329187,0.6633873588284669,-0.7066758540115737,1.4177423876805753,1.4535486547057404,1.6360903455929852,-0.7081543019482461,1.3883594364803538,1.3064095352871297,0.5065524575166087,-0.09923438108390752,0.21642312427340465,-0.8284214176761228,-1.123769600402654,0.8313969419379886
8801,-0.02825029666175816,0.3828398970423561,-0.07198253760578266,-0.4296318712740638,0.32903541111447,0.10581933455773418,0.11027015148013279,0.19150329212558634,-0.9212524573006691,-0.007619394322361716,0.17971461557044863,0.2658894688698818,0.12050006094521662,0.5637917774859987,-0.661777173479212,-1.0415051871067442,0.7953999279406782
4578,0.9918522327484246,1.144041456612975,1.0152378175349912,0.1358489186936264,-0.4312758882897471,0.6479116017436464,0.8487325920228451,0.6793747050391523,0.9582920990149868,0.9440971208420569,0.25570759185754116,-1.1458612419794307,-0.6137254302758509,1.1048665883980515,0.9877835818484634,0.9169828569759628,0.6921034729173311
3405,0.3372739414074508,0.2467241348114677,0.3266723686935956,0.08540896386011876,-0.7725971380822267,0.35951631722953103,0.4915099433395483,0.8455578674295938,-1.6592185641002182,0.48683847793993634,0.21032927010053612,2.00418322712604,2.019242847868751,-1.1662076708308446,-1.2806578152533865,-1.4352117371878932,0.7197407520319749
5706,1.1521306031512808,1.1024059222177733,1.0678931961491236,1.5556747333607301,-1.0051058061902074,1.2573814120340636,1.3450813857713857,1.50380160728968,-0.39468261679128747,1.1214607683351416,1.194903705989748,0.9641532985223441,0.4996929871704167,-0.6263088782590569,-1.6173038751403837,-1.6142128675851364,-1.9579763042939369
2914,-1.136324839797777,-1.1818766859279297,-1.24528359487285,-1.7020538152323916,0.3101904553285304,-1.1642218492152683,-1.1830055404538624,-0.9848193097926988,-2.1769671588534107,-0.7321761477406218,-1.6116036604228157,2.203569727509934,2.3399773494084464,-1.0195296144390211,-0.584346706279069,-0.9565411762722333,0.6191737501294651
2531,0.16745622923979997,0.24287669820185714,0.16831481197413664,0.5680503768766151,0.07970033745073095,0.599311218712694,0.6104147648631677,0.7615729008050076,-1.3073619404004775,0.45805499073726275,0.719008454920833,1.1783830815517726,0.3493018213315566,-0.5718002683329548,-1.584528834699936,-1.6921738292485398,-1.5606445237720585
4183,1.277893432311595,1.2648417494150421,1.295817465848193,1.3033559973400868,-0.9870287880238116,1.2826376766113352,1.3900730284676839,1.4399301158399598,-0.3445327476984321,1.0218805877206316,1.3848464193027012,0.3195609948082849,0.13798266515503946,0.07725597736704475,-1.1619293754382554,-1.1718648180490046,1.4353734436657268
8795,0.4681877106920101,0.38467956813507337,0.4904167372436661,0.7948768508687135,-0.8399387742296428,0.7456908828801396,0.7475723626453986,0.9428429302027878,-1.200819341387187,0.8815634405617867,0.5700072381596532,1.3278886539487507,0.6336229397766785,-0.6070101674119496,-1.4699035642536722,-1.5402872727992252,-1.455503484008048
9104,1.0611265747347005,1.0262557704708133,1.0716806112921873,1.373045064585006,-1.0306177426383158,1.229353175000826,1.2921106149738089,1.4073317760966781,-0.38341766890102613,1.1151296662236765,1.1597306387805875,0.8492906321140448,0.2732772753567386,-0.3433279146691413,-1.4439106058106508,-1.5387542746708716,-1.8381931853556432
3401,0.3435309504572987,0.3060770748972543,0.3455640918055205,0.5172389082162042,-0.614841687600922,0.4440809837362575,0.5320366086753414,0.709061587820938,-0.4598199730055974,0.48045246198464997,0.3433380350629403,1.2350171123361076,1.060829223956949,-1.4535665912065485,-1.613192667051774,-1.6879387977262048,-1.4190357947800016
9064,0.3155489482745109,0.435025912654181,0.4748897828019482,0.25389599007216984,0.07444807575759813,0.4271987527945566,0.3382002334305747,0.18825682978109476,0.48485802134827033,0.25727744038622913,0.6195454738526087,-0.9480058608063541,-1.503157463085437,1.015905067940449,0.492156846128765,0.42777864091940665,0.7009973946171817
4568,0.6625179208854907,0.8159951394591469,0.7098278820781311,0.9625193939215699,-0.3423594576998809,0.9956549363348298,0.8832240056452747,0.7577483190810165,0.2249809495299617,0.8799748682645375,1.1276889750615593,-1.0912517617764477,-2.490344042554616,0.6749063985050314,-0.1397591729264786,0.1299428871213103,-1.7123342453211639
9501,-0.985808378080337,-1.0834838559832016,-0.9596812559111929,-1.128654569120049,-0.4897233915797895,-1.21915902248183,-1.1642893749173155,-1.081321622509306,-0.7668859888088388,-1.1650428240916255,-0.9823273081578234,0.6617885605058482,0.8435570419450931,-0.27816962478037555,-0.7974534243076673,-1.2129872227538998,0.4850138571372305
1808,1.1616354899880197,1.118771782472296,1.210217242256517,0.8983930605677681,-1.103628899034431,1.0297641356929375,1.2086674300454026,1.324638177637615,-0.9744956298941042,0.976738373519952,1.0400374285590015,0.7476084046817231,0.9110851171471898,0.0034803957479973523,-0.7333565060096604,-0.8948930909800499,0.9360553566978526
8804,1.0556619778735308,1.150753848073599,1.080873655527061,1.4880689242027947,-0.6816369732395686,1.4426701700756448,1.4088779972000012,1.4974759823878536,-1.0620973910230094,1.3663283955455703,1.3611453787417562,0.11647767015407996,-0.6185827068049218,0.09293329283460626,-0.7577435803188883,-0.6180521163742072,-1.456599178629261
2871,0.6798008998157585,0.8663272897702019,0.7175503471236007,0.46374489877812913,0.3203661589471051,0.5103084997418118,0.687379232750093,0.7788686409794134,-0.19396966339210595,0.5498517697267813,0.42945284304711584,0.5785146888491935,1.4134445749936937,0.03726832371912182,-0.2562121306169599,-0.7381494622276734,0.7824796295267452
8233,-0.11131178479304607,-0.08591256827760127,-0.08978881170806592,-0.019433163738563103,-0.3149179674084194,0.09382596165566837,0.08645426943872886,0.29669010864523115,-0.6179980737890005,0.01005302334715829,0.1892450295620991,0.7223275711412687,0.5085442345632458,-0.4226008709522272,-1.0045652320228873,-1.2910119526883777,0.6993538998251383
5703,0.6756686397142538,0.6072581166032112,0.6872131440730783,0.9883591369213537,-0.024721988453740913,0.7434835505069596,0.8394859577187186,1.0883177283235876,-1.4523743761502947,0.811038282574288,0.638125458853452,1.4448067163179228,1.3918909767962915,-0.7413378023642351,-1.3103915136378526,-1.35131586746918,-1.6453307597463813
8031,0.7866204067910441,0.6847315361325416,0.7718901111950959,1.18886714238519,-0.8025842501968953,1.1205553736133158,1.0479180578610061,1.0745322886457214,-1.1738529937810136,1.146836579816015,1.0422344801275125,0.534972415772675,-0.868881508154679,-0.4366505612308677,-1.4309234671271038,-0.9500258431392209,-1.6082017947322742
4151,1.5402656120247133,1.93400708432469,1.4512963199232223,0.8844138894827006,1.1348762114642443,1.32427812996721,1.467118669336856,1.3668624364696238,0.7998860008299055,1.3678022044195661,1.1984404399182067,-0.9759829114474401,-0.6705260762514038,1.0132567160429977,0.7634211741967494,0.4149098335971116,0.7571338872840255
6752,0.8487289045893974,0.8134124410437188,0.8324607837558491,1.5411004815727456,0.24382874653603148,1.1601299412218566,1.2098407856611242,1.3204582621172931,-0.8379385385875207,1.141428696318802,1.1494453991911895,0.8512550843662219,0.4698990906239354,-0.5837888845786224,-1.2332054300301831,-0.6714350387365579,-1.679080701447007
6988,-0.15563924258491693,-0.19005067232302916,-0.10547303102736197,0.09395296605042898,-0.045068656261944375,0.10541238315261238,0.2558077621119786,0.666374001044685,-1.4724277356022384,0.19509651882444987,0.004795628010673234,1.9083763590069027,2.107172663580267,-0.9239655090448482,-1.4154436866990896,-1.4654520693782835,-1.2457422864952394
9107,1.2320229065534165,1.2051234659963805,1.2039122075969328,1.4909620122482414,-0.7806914725642811,1.327358229925427,1.4079986194392398,1.5090518121028798,-0.34940960772384944,1.0600486197826116,1.3515305130296842,0.5997328141852073,0.22265124484895887,-0.2407001986277441,-1.4197506017300852,-1.4746723355212705,-1.7986340194153823
3402,0.4805972243465521,0.3512167851562638,0.3698141900645937,0.9246166211844749,-0.10712783574044077,0.9885523872134521,0.8992787315145189,1.2856546543409557,-1.7781489135478203,1.1826272946735004,0.7125078981331604,1.286943559605099,0.46914117172284286,-0.5363059580926954,-1.4453124442481158,-1.325010075440448,-1.334956689851614
4543,0.7611644121548937,0.8859325030285723,0.8004114753086007,1.1185760636149336,0.25367755713246043,0.7162015028240473,0.8029683100584065,0.7659970800680441,0.14289675070734464,0.6108065599052689,0.8325805392092719,-0.5187369324126321,-0.6606986734592545,0.6320286449125224,0.16005874034812131,0.044326058248880494,-1.809153782996
9503,0.24914516320379246,0.43123169759883706,0.3845034883551854,-0.2849847109685609,1.6141882977250217,-0.09535210105486665,0.03919422381395731,0.19226191476154053,0.11349474538799914,-0.009909147669674972,-0.17165190094680174,0.4762870163372325,1.3791017637322736,0.379853076226132,0.4856180658798662,-0.34911518817464304,0.5680079709381739
4755,-0.9615984011316355,-1.1149407211009064,-1.0421146166827902,-0.7413091130582713,0.7730034786349386,-0.8902669472326307,-0.9453561190970737,-0.7445889232916261,-1.224432198507368,-0.979003141092676,-0.7420290219741288,1.2734696899890883,1.4615088098984226,-1.1783419675633067,-1.121341348652722,-1.10797554382173,-0.8908364838723525
1605,1.0888881285687235,1.03193748300051,1.124707136603759,0.8865537029343501,-0.8076903139621923,1.0939622666539826,1.2149557889544682,1.3130484871929784,-1.028658415633533,0.9319470638087044,1.2188347145782363,0.5275860006162943,0.17978447779217555,0.24234085490975626,-1.0444327662194266,-1.342050774621309,0.9269583751040487
7261,-0.7720832236865638,-0.7877295752673888,-0.6947970286681011,-0.6668413958359458,-0.2709022340612731,-0.7143148941424916,-0.7656399210085155,-0.6917548365469135,-0.6275591196472586,-0.6866849597521516,-0.5493012664509883,0.6524017671685115,0.5336847719267507,-0.3484846934547024,-1.0036786712976786,-1.2040642611909216,0.6375351013236777
9502,-0.14578481880752275,-0.1574241979918167,0.1598709369545199,-1.2422714806938924,-0.3058938720789385,-0.9376520788559751,-0.7736308264168359,-1.0745319342035882,1.0486641969041857,-0.5957553180684787,-1.1818751083581909,-0.9105038059033308,0.08711240647253456,1.184385329482126,1.6837824500883507,1.4965186287017567,0.677356144823793
5714,1.1023879660301457,1.077179258800382,1.1037186037126554,1.393600403509196,-1.065124294170663,1.2273550209680357,1.3038059601606866,1.4187305998303905,-0.44117708745970186,1.0731210113943763,1.1790698468037435,0.7398277341151753,0.35109189564899823,-0.1126245391783748,-1.381580797181965,-1.4651488478226011,-1.8559574425568388
6976,0.15769576623688877,0.10907251783169208,0.23641010680560873,0.3491136183922648,-0.08956170333907915,0.18290668113327402,0.22967703590386293,0.3015487401033141,-0.21141128546362484,-0.07467708754387409,0.58439780991877,0.27362621454355013,0.35667125196089594,-0.00041007192256407556,-0.500270423766391,-0.3386176436352072,-1.3459055103710214
9613,-0.44132899853554725,-0.6134538613739877,-0.5681922375269981,-0.224891842477184,-0.3612063857463159,-0.5037138127312186,-0.3500376392136247,0.08841618569584184,-1.692753903125425,-0.171251513668098,-0.855950405662978,1.940748920690214,2.2543962753896905,-0.9154904272931804,-1.3546943945541594,-1.4503740979766635,-1.3995350868340268
2801,0.07771457705578266,0.15530581824812661,0.14653716047980356,0.03476632649887746,-0.415124174639788,0.12125386996450174,0.19346034667598438,0.25480333931125776,-0.6616019210862071,0.03230683749383404,0.24440471182604306,0.5009362043533165,0.4277841388183352,0.13657882940417032,-0.8798202515419281,-1.006066363163528,0.6673810656201916
7951,0.6971974872633685,0.7717764968706372,0.7244744512440857,0.5860782322155057,-0.7756267484388798,0.6567191403627867,0.7462316743844042,0.7039210439375325,-0.2783371633327571,0.5530716599919928,0.7591281524974481,-0.5752204844103215,-0.6420446499303678,0.39614116825047957,0.3306714470626053,0.3157438821065473,0.7829079154457104
3289,0.8618977584006282,0.7504974987047088,0.7958554232823024,0.7221830072608827,-0.6842426692218538,1.1493075364228562,1.174125211608667,1.3170782787813893,-1.0148566516640527,0.9937687374881461,1.192547928623645,0.40876700677582306,-0.2034322140742825,-0.15706594446354966,-0.9532137379380242,-1.0326346252509753,0.9712000831242423
9983,0.30557466338479117,0.5703757391690937,0.3941871099361891,0.11439177971771163,1.0959299063368197,0.35138784376926996,0.4469225261767303,0.517355421702219,-0.7603087196971828,0.39038582944495903,0.29404150611326907,0.4241076993175689,0.23471455965839946,0.47307421784411674,-0.8342865254145283,-1.2550943137983037,0.6504384803824134
4519,0.5585569548031624,0.6865930695129582,0.6214120866715517,0.5517461204997814,-0.3101784210405866,0.6493724621149132,0.7599326533299019,0.8743560408751806,-1.094751106074351,0.5189252061576175,0.7908973782523585,0.924348070298759,0.9754785679828158,0.04721784257696342,-1.2294048795092836,-1.3735222696367797,0.7394644748284618
7004,-0.009912034065744483,-0.21129057970641832,-0.010798521135811607,-0.2365692023130591,-1.0645792133192014,-0.14137589215099883,-0.10680797690472865,0.05791919726236713,-0.8199583413934056,-0.3857103466621439,0.10903087413855031,0.6734250142391538,0.6740010226782254,-0.23219669939917803,-0.9339587124686936,-1.0516467773988996,0.7379162623468893
7762,0.6042017057535959,0.5826144342946709,0.6136229223793344,0.267656687743636,-0.41068016654395073,0.8192370851804723,0.8298289458534814,1.0380400101345941,-0.8529546618684642,0.8439196010865571,0.7332707936721341,0.8564579409355206,0.5873770988521217,-0.03433172401484349,-1.0329871370524788,-1.2490813718988678,0.7885691563462461
9001,1.065825893808776,1.1137550591965677,1.0610825085820526,1.3291165463539578,-1.0308947292272448,1.1652491190706238,1.2443494072626002,1.3142247799300621,-0.38624346373512225,1.0457038002295804,1.1467419536102303,0.5500754859999696,0.15219170891917,0.22394071697428086,-1.3069494911995128,-1.520152006048522,-1.9082966614808936
6326,0.38867304598657115,0.16227471549342617,0.28427315706589185,0.05010605443366782,-1.0299379097157328,0.6833400831403623,0.6982142518777508,1.1285178137633953,-2.1000492289683104,1.268327947816379,0.03880172310950643,2.353879600849013,1.5777514664512893,-0.8939693657491206,-1.6448287730932194,-1.9196616783784597,0.6671312329142348
5411,0.4067678625797207,0.2769609098471374,0.4251177698885644,0.6716961831815403,-1.380791539480811,0.835919282197802,0.8220779620493243,1.1121074555275654,-1.4854374751595834,1.1101879177938612,0.49860170666029524,2.0655906313097283,1.2408673837006106,-1.0344069039450203,-1.5702066684394351,-1.7065081521698309,-1.3507489554849619
9202,1.129213567268661,1.1603512114353192,1.1454077110845373,1.226727437923393,-1.005304196618081,1.209541446132018,1.2930346980687724,1.3508472514046606,-0.311510537242065,0.9650677581877688,1.2971340094906925,0.4160234224301821,0.08480351268201321,0.22946686277807912,-1.3782717147122834,-1.5441721587189832,1.4155999237259869
4901,-0.3474862605561686,-0.35020048940296405,-0.1340372544518675,0.10476808755676559,0.08685079325680775,-0.010729271527271435,-0.03977672827354781,0.29336089964284406,-1.0549410164733652,-0.05764707241725843,0.047254547696808064,1.1863361394850287,0.9269523515047213,-0.5067518268747199,-1.323460072598303,-1.3612340447130387,-1.4038321375367797
9766,0.8314551011928735,0.7606656016833799,0.8450492554175962,0.5405388215638399,-0.6573108696012493,0.8357106541156404,0.9229366641673818,1.0688217451665434,-1.1318007474805474,0.6838934525592109,0.9571859905087248,1.2490275894681955,1.1654137667925295,-0.6351849781466713,-1.060451475015724,-1.247671448253397,0.8026743678788312
7011,1.0832786189189396,1.0561761381630932,1.0740839243458264,1.2690066042122448,-1.0405631522387018,1.157361251559544,1.2107824597973758,1.2649137819355862,-0.2974816029497403,0.9702874102728661,1.1586155744711508,0.3690196780414712,-0.0212696403280769,0.2717031738906952,-1.2228716158514084,-1.2515553514614068,1.3559327021323726
5202,0.3299655537680564,0.307324001305894,0.31459309522409584,0.2750964994898456,-0.5724445001837497,0.3024467312065175,0.425284515200778,0.5719172390577806,-0.3417025115522535,0.17960664067820062,0.39197677331553354,1.059367244973902,1.1737270229237684,-0.6803799902587268,-1.2911700459990874,-1.5361200032819342,0.7506972771835851
3101,1.332819687343631,1.309149432314124,1.3339177354083727,1.8526995077682296,-1.0089598640885606,1.349764126994596,1.4367217573304654,1.4385816618335208,-0.26379600015168964,1.0865456754256413,1.4057113080398749,-0.061286631491148255,-0.2442592000300725,0.5866671004500058,0.03975901044295561,0.3637239898922278,-2.263760670940562
1925,1.2284073826684891,1.1175310663512208,1.1947551572006483,1.5087992660835459,-0.9406067655573752,1.0625471836528366,1.2435373615302912,1.385740336958681,-1.2025668146068513,1.0953969839356443,0.9704787743613046,0.7248380368733529,0.7761763729892924,-0.16184091972359949,-1.0016136819170414,-1.0566321997329564,-1.8330817858209987
5214,0.6176583831391584,0.5893594153816708,0.5896994955253533,0.819040919960179,-0.7219162836723471,0.7388485301562391,0.8367872372076547,1.0938169542403549,-0.5689197316098462,0.8587898803650929,0.46728931749940444,1.5395468965943748,1.42632396708164,-1.1128248565859529,-1.6001418863705734,-1.688799821123064,-1.5825531882809767
3103,0.9968163500617634,1.0436317905038208,1.0127948686737853,1.0432316163515623,-0.8879838269402498,1.0953822787544882,1.194295920674445,1.334473248947117,-0.3374184993731052,0.8621840055467823,1.1079736390081967,0.7753083494284222,0.63077755454268,-0.3503489563754604,-1.1011034165808096,-1.3319070869417238,1.374942751340506
9412,-0.8283556899296297,-0.8050312243747458,-0.8323706480433247,-0.3851562042956109,0.899060833170334,-0.7149104928259908,-0.7359698329582611,-0.6904148863187757,-0.529527933898626,-0.7507296046846706,-0.5392954214014165,0.2893078980114412,0.2528500806219325,-0.13426779305757688,-1.0418479185622644,-1.0556520741480986,-1.3654404487123186
5002,0.3198213969039484,0.21982188856960114,0.3252937796811243,0.26724171653824896,-0.7278222146719312,0.27658413603677046,0.37820600292291817,0.5060018840518261,-0.8999880331364889,0.19981850243448157,0.3905056191642384,0.769309980932582,0.8119858727565368,-0.41992624123914213,-1.2803871932721955,-1.5194317043558039,0.6621691646984705
4452,1.1193049274404772,1.3123452903242836,1.2561834941225383,0.6810019575929396,-0.6280208276550918,0.9686439705849721,1.0260376045598096,0.9992342835385098,0.796532765117818,0.9635017834465994,0.9432594031973087,-0.5956989087269999,-0.5223305198207642,0.949266394730737,0.08487864849695527,-0.774574184572785,0.6788572312624659
2802,-1.2513221888048531,-1.2017533277414318,-1.3219227075093274,-1.3294488231338124,-0.17889388993741337,-1.2846835764870543,-1.249845069888563,-1.1295045289178522,-0.8338296245136287,-1.3032140957612586,-1.1783451042330566,0.9685217497694217,1.365185263939497,-0.7122828675558543,-0.8033244434638791,-0.7899224540277616,0.6312376906029484
7013,0.8783629691010694,0.8749629270018099,0.8974158399557864,0.9744373680551632,-0.9358498974350672,0.9981718648841316,1.0584226926481242,1.1324039764585185,-0.3364126361822201,0.8128698475500414,1.0615527383463927,0.6001632099094518,0.20469970242687038,-0.01820748175798423,-1.8574718706992959,-2.0799757137146986,1.2578758535995038
8308,0.08522825398611411,-0.030027377524665607,0.07857714003481983,0.47022577555485007,-0.4958480316508509,0.48077860957946167,0.480321010584485,0.7282164295157354,-1.493934403772347,0.5828845261261948,0.33016999429031507,1.5477322905302378,0.74529247323997,-0.8399716015469242,-1.7309175452550705,-1.8782997635708327,-1.3717897893149111
7205,0.9337923016311674,0.7407405629710166,0.9050170393872784,1.318861930999639,-0.32105676831949714,1.3343621914058907,1.266487669618116,1.5073991959135296,-0.9867571274690445,1.5452165332667303,1.0209853310059336,0.8326327504905353,0.034573840160223815,-0.39447024438729045,-1.2779194011626387,-1.290648266559888,-1.4759515914273593
7211,0.23569762819006457,0.3439933743530892,0.34679800741241135,0.2143199923245025,-0.2528844125981036,0.5683692574514236,0.44187649476467405,0.5771688223053323,-0.3579158997910943,0.4527580909573578,0.5806746536200401,0.5366617491804389,0.3270223357388197,-0.028377745575541118,-1.0839249734340606,-1.4294548180904947,0.7334445584357865
5406,0.5584499817806379,0.5281189072374557,0.6010982117500409,0.5653047452544042,-0.566549759977035,0.6090102774383125,0.6313562815925037,0.7253233564990871,-0.3044320532727932,0.5302618316902804,0.6051334801788961,0.5769388542855935,0.3334117163545493,-0.30536247957031293,-1.0995566512973427,-1.3883112268194635,0.8941217572405955
4042,1.1341803457552841,1.0912841778942204,0.9171555994495829,1.4975452814320604,-0.3934943674434582,1.254402417698247,1.2967806370798016,1.4612373313151383,-1.2450595928788053,1.2597050683996618,1.1052995345978072,1.3818883099228756,0.7669528949442901,-0.9578014802120228,-1.6589165597154212,-1.6735295259879683,-1.855729164020284
4043,1.2510803912552644,1.2359535857133204,1.2522437251031888,1.1279879611233914,-0.8366381373504622,1.1098571392274623,1.2311967280726013,1.2611131996302303,-0.38042362114277417,0.9348618936699958,1.220928705005947,0.25969703518957443,0.14533063051457987,-0.032936115771049795,-0.8202834294246635,-0.9422467228159164,1.354395775480526
2432,-0.9175988967640277,-0.7884811410206376,-0.8101113114024177,-0.8798722856344087,0.16398672722609373,-0.9376721805296752,-0.7520492925884057,-0.5130348926199981,-1.210866715443621,-0.7027713540132721,-1.1787466499023194,1.084498342696786,1.283431484612538,-0.8531460315481164,-0.9812891309162719,-1.0718415102637382,0.5004148488179396
4902,-0.8565193281112632,-1.0192982290395878,-0.7204692495556847,-0.17834386918239323,-0.628475858831527,-0.48215094367387656,-0.5072079408333505,-0.17176131781669562,-1.4120192105296043,-0.6436259756684861,-0.24705510428795652,1.3348701983265747,0.9759178300950951,-0.9046303242787811,-1.4493004085442411,-1.4703487517827374,-1.2694157291277897
8309,0.6126872709256859,0.5780876631371963,0.606230653681096,0.795817616555539,-0.591813505118158,0.6427419774147314,0.7100397921745705,0.7826076734639842,-0.30576452215627437,0.5271898433139376,0.6783285767434396,0.551540315721973,0.4235530083816396,-0.33756311025853825,-1.58710542192518,-1.4266747122069399,-1.5975921523033951
7012,1.1539508371174763,1.1198431533506343,1.1145127558031314,1.356852900900585,-0.9302672288259324,1.3509509310461354,1.3608043216613261,1.4528973179704514,-0.3678787174478707,1.3265398167832452,1.1202119635692516,0.7302977545372389,-0.08053044378071914,-0.10555929276542557,-1.3154908674394208,-1.376458981994914,-1.7089534264736426
5201,0.9385348925816392,0.9212793140891449,0.9340048033877172,1.0757271810897782,-0.8898183628180482,0.9651662869615606,1.0440062557101057,1.152989036557153,-0.3979706820362176,0.7957817547669784,1.0065222396668296,0.7711014528179936,0.6742690788019198,-0.5826639984045604,-1.4606282645470186,-1.8204236852199247,1.1606710811963612
8725,-0.21667184843053688,-0.16820723280043792,-0.07859066092967318,-0.2799837209990613,-0.39559134428353165,-0.18530743334014374,-0.03116111701325194,0.29144224797180085,-1.2350223580616084,-0.14203635465158992,-0.20469357983438372,1.4562413958529936,1.7201590365674275,-0.5107741521659946,-1.2092458003446171,-1.5015334331831678,0.7048596259375063
6724,-0.751216194621786,-0.8042127821720823,-0.7026295269928687,-0.44232207440929344,-0.3389281192325646,-0.4953546104656021,-0.2925809956573856,0.24793689113548134,-2.6122312216261454,-0.15353139358378323,-0.7804977275421318,2.719227554508332,2.658133963630724,-1.7730572133770888,-1.5527824757158446,-1.668261092398564,-1.3878344276080214
8053,0.9278221561854777,0.8737871708734593,0.9176772471372271,0.8329784528694063,-0.8868978460918988,0.9943387436711046,1.0526747612849363,1.113313341836218,-1.0897659139118259,0.9596630143309138,1.012983634776959,0.8756139285016104,0.21927437530009317,-0.2678037247128771,-1.4556232972568797,-1.7150399479420326,0.8434171761503125
2768,0.526517075993085,0.44816843444301135,0.5276241771864919,0.5337047089590069,-0.2979952561126108,0.5720859871763181,0.6166908900192665,0.6877293639382646,-1.4254328244266752,0.44852085932368774,0.69160242170082,0.9224588624734379,0.2572121529287119,-0.42206666167425505,-1.7169811654759215,-1.6956519130857288,0.6742616055569748
9007,0.24299477941601388,0.3369087676672386,0.23876583065199122,0.3756193100139386,-0.4483233265111813,0.3359124310275245,0.44721495375932196,0.6075982463666929,-0.6773310012127232,0.313111026776299,0.3030662815988028,1.0768146997894994,1.02638825304758,-0.5767690857152757,-1.1778322136726906,-1.3885743076565853,0.746110417919204
4523,-0.19094872424052603,-0.12002378549966612,-0.09919799686284043,-0.8354009320246046,0.18250681145885395,-0.5224117661733192,-0.39945417445566656,-0.4981375135141609,0.5474014606919115,-0.19460362962319808,-0.970478995803419,-0.4164324245289093,0.4154704830180182,0.8377341517511873,1.072529192516059,0.9132286384180051,0.49679402053364424
8331,0.9334737080249302,0.8384759955705681,0.8098616829791744,1.303807996636162,-0.03345989889222713,1.1511826519258253,1.1678030154319032,1.306062214666298,-1.0792803562546944,1.1977813411644236,1.0427731445423527,0.9166706760820952,0.2609804449192147,-0.2123366727296612,-1.45514243854588,-1.655392569234331,-1.5970718258678125
3099,-0.39984816824528285,-0.43883974591758923,-0.3272903790867393,-0.473968786986821,-0.8442596926893248,0.05189115089950145,-0.13072688327158277,0.04004446188265141,-0.7882808152984049,0.11399315861156427,-0.025457750470121544,0.8313043614873108,0.34848760241476245,-0.2167013837907703,-1.1204914346709267,-1.416555623734228,0.6791847125893808
7201,0.4273699604788331,0.4336253681999008,0.6609110795085537,1.1673773757834212,-0.20386887994936398,0.9912058695375454,0.9445182600750414,1.0853147921191928,-0.7764667089990779,0.4506874803957632,1.132622232413496,0.12967354625717412,-0.2938107336864653,0.2485897188442684,-0.9846662913295854,-1.042779202256377,-1.3803320896053763
9984,-0.0442446286058022,-0.19384560863095815,-0.10551906879933462,0.48675784779602965,-0.3976203474610366,0.2915927690597246,0.32112510738547817,0.5899549147932361,-1.5861564517119071,0.2868738593590363,0.2747308189574542,1.9797450219234585,1.6750417073565549,-1.985490399443495,-1.8788608931553092,-1.588242951323788,-1.6021684928555822
7003,1.2373384020147082,1.186359579924254,1.2438565937924904,1.5103539678934805,-1.0337607204888968,1.3991424590833335,1.4233765035476726,1.440252114026921,-0.3325951051539843,1.1356901406841589,1.5492788598629672,0.21313222998018524,-0.6264307861727688,0.10482952541381359,-1.1169920972089578,-0.737534924276494,-2.037797477156068
4324,-1.3859580232083641,-1.4385454284402583,-1.2626420700420413,-1.4804206778546978,-0.3713303529543231,-1.4774126575608308,-1.5183137407550666,-1.509842980655405,-0.8463864867945222,-1.4104296964448706,-1.2963100215055683,0.4738861928570389,0.36313793027462743,-0.024911564926645945,-0.7933407961743163,-0.9866306517172215,0.5815813137210157
6902,0.8528045196508584,0.8532485430108379,0.8766844275311249,1.2418565380625242,-0.3651333247569656,1.2665212939925181,1.2819095422502143,1.5247224107793609,-1.7431323778815968,1.4918013761002338,0.9336283735070732,1.4447273132411638,0.5040103846853129,-0.5743669730673422,-1.409857075558937,-1.5015429674323626,-1.5409294528025317
3105,1.265199340866068,1.0863470798710788,1.1857280194017052,1.7940464940069243,-0.11273128792767664,1.7663770028173933,1.732580080452844,1.8713039183569593,-0.7754981056796186,1.7036298874653122,1.6174213567234796,0.4672080557494742,-0.5426227264822514,-0.16721724047659436,-1.3678570115714492,-1.2158957047988765,-1.7040418645745867
9602,0.3576739941432742,0.5136938572947769,0.41479481320982786,0.08904926458312003,-0.8231793811617947,0.274700998491098,0.4881329674161351,0.7802318334593139,-0.6757207922382907,0.24856784567115234,0.2824601065538783,1.292474048293281,1.947096183765851,-0.11178472050014539,-1.2105921347068334,-1.5365645503437793,0.7154758114156708
8252,0.9407674535300996,1.1550076377787655,1.0591735081384632,0.420214206490333,0.23940172046851105,0.6481344490840271,0.7874297665872724,0.7097750403797572,0.7394805111984113,0.7415287968802653,0.5230662101740071,-1.0033133617951018,-0.44149832734060807,1.1454596188556845,0.9550765864818297,0.6534145334729399,0.7752377219079475
6479,1.2629932851475556,1.1886087577184148,1.1773866961669899,1.479032649102724,-0.9368889095320366,1.3635980789811595,1.3775248429527374,1.4192292437374516,-1.105151370733266,1.3054173396990947,1.398959255754909,0.7500512812255911,-0.14742934578006342,-0.5552017336007086,-1.603487772543313,-1.224402554451385,-1.9989961692183746
4911,1.0554579010164966,1.1880753936506188,1.153570837186088,0.6872993440023456,0.4121654083923892,0.8478188491543599,0.9288936303453905,0.8459792657888718,1.1520479180769432,0.8374605228063519,0.8524709613053846,-1.3578198307719282,-1.0791052811938902,1.3373040590442424,0.6716095029615087,0.4150910040449683,0.8237718861962264
7203,0.5231173620774283,0.36656958429164616,0.5218248893544568,0.3436042250187667,-0.9965202153959268,0.9406166159335744,0.8264587212053307,1.048887778753927,-1.392410084161373,1.2075826603807662,0.5724359311001029,1.1301343368401182,0.1266897357158551,-0.5504029971608921,-1.4104772820167577,-1.590693313109786,0.7689996809645143
7202,0.7805972628935851,0.7292897889681355,0.8204832130155536,0.6106836780695029,-0.8701403752313527,1.0522702351774755,1.099882132869141,1.3162314109791076,-1.4477473734129522,1.1193276247900295,0.9041009598305322,1.517762425794338,0.7980630598528012,-0.5809944679161764,-1.425197421480878,-1.5776305826457975,0.8059587970838208
5401,-0.1531529880323126,-0.327142081155299,-0.05092711446681791,0.2993631384702561,-1.0000613949616959,0.24678645894798373,0.2868752739703511,0.7602608657643859,-1.6703777275590856,0.6049838048028298,-0.15203180931123897,2.004375681250618,1.385606508854114,-0.8818944654386909,-1.3863743377978814,-1.5118635405429688,-1.3135912105604803
9005,0.7192192079454796,0.8447961548971675,0.745911792368169,1.1534560856968843,-0.5593383630609375,0.8748529095019579,0.9467524730243007,1.0465638743290515,-0.624889769907141,0.7423105563525055,0.9416141902734081,0.749539731283026,0.5237046361513573,0.05432886179778013,-1.2639275871058597,-1.4964457715859754,-1.8554576861720171
8253,-0.9218619414997588,-1.0955627761817812,-0.9651081438026593,-0.4660467657353741,-0.3852952975595592,-0.8620749524628014,-0.8206721995618426,-0.42462155478672153,-1.2456401040630016,-0.8270831864387282,-0.7379112923602124,1.7074675979169742,1.9794967139247777,-0.8494750038610355,-1.2337781216766643,-1.3200419200026472,-1.158811203529316
6703,0.3951751191580159,0.3805856530247918,0.39037343831487,0.541457296671533,-0.4733486403412774,0.4257253022155865,0.5214332477344498,0.6528319647801055,-0.32594181879846146,0.3004554572454804,0.47592307017900204,0.8022553276702302,0.7788155368190253,-1.0131725957813174,-1.3926413723955855,-1.471533224346237,-1.396793144580333
7186,0.5070052555412141,0.43524434873238976,0.5014928076041615,1.1028885002779996,-0.6008434380655612,0.8673916089441773,0.9428446826785415,1.2261136130053836,-0.8937528712614821,0.812199871134189,0.8154137171318977,1.1116850478760139,0.5756282107756224,-0.45001260670658444,-1.448008483875371,-1.6810274279864024,-1.5784171797317088
5020,0.5806282308036016,0.5350723360872749,0.5535804913996203,0.6013239443204356,-0.4402546149808916,0.6668945694122064,0.7428444725500826,0.8483867913690889,-1.137004135004346,0.6017857661948224,0.736703361591991,0.935419987605876,0.4454814782017943,-0.2230831625272866,-1.390472365170644,-1.5697994935228048,0.7921774836335379
6501,-0.1751255355395536,-0.19410265676762614,-0.18484227844025936,0.17038412973894798,-0.3311114283553986,-0.08031263715140764,-0.065279945467357,0.060801189831724604,-0.4812484275529659,-0.182252613394652,0.16948386508515398,0.4855537502399115,0.4191514862029255,-0.7650035607236739,-1.6290280040799532,-1.7413159395663413,-1.5052382241976403
5801,1.0228769256344392,0.9938143546024398,0.8318888950452806,1.3628763428207324,-0.4081539624364016,1.0232834627684835,1.0703588356712677,1.1601304019971503,-0.34347274696570806,0.9097750324325048,1.0842637616492645,0.757150054410216,0.5361031317870192,-0.7799945829829013,-0.9132326692913851,-0.4889658660431573,-1.8579327291777914
8316,0.594451328928333,0.5024738099924938,0.5795498046535149,0.964880819380965,-0.6441583274439251,0.9686882512279623,0.9765220224594527,1.1590872821110971,-1.1787830607821235,1.0316218342572094,0.8138849413650903,1.03929987973443,0.26125069882866014,-0.44661885033234494,-1.6172853129490983,-1.732304870780765,-1.476910374039363
9008,0.8073089567669194,0.8670019640172115,0.8103983487160099,0.9466867570574657,-0.964311508006676,0.926611709560152,0.9886942645858473,1.0697258377459535,-0.395847875511085,0.8481257831819502,0.9032087765631568,0.6125027557669299,0.23338015412775762,0.16277278871520798,-1.2336460658918833,-1.4816736508217445,1.0428417111542392
1332,-0.4410603851101671,-0.3957763320134449,-0.293177971640288,-0.6457238954341943,-0.1974432412178289,-0.5479430039055598,-0.4371201419799538,-0.18151825571549743,-0.5156994424820103,-0.8027378729326419,-0.19875971914878038,0.7850366829356071,1.3568726143690966,-0.10663083589219693,-0.5115276583381857,-0.8069338685302508,0.6347738676713236
9020,-0.5084726586263159,-0.5406679531079212,-0.40593908135567647,-0.5313965443086134,0.07538336061999959,-0.22835958351637525,-0.15751609253134205,0.3749701836343048,-1.7524221399864375,-0.04581734527698064,-0.3834397029613227,1.9885620109863416,1.8701627052223186,-0.8387251701873858,-1.2784986302577739,-1.4865227307821414,0.6896007557042744
4061,0.9884162931732886,1.021455140663154,1.0179495676682717,1.16817860937524,-0.9362688437740253,1.1539611294508758,1.2205884463637904,1.3045698918921298,-0.4306641491285757,1.043373312285302,1.1442184536393813,0.7267889798164847,0.21195769766290887,-0.18754872152717067,-1.6336788606851562,-1.793025771640253,-1.6805771097601323
9021,0.05235368034768568,0.12097082252889929,0.0703938535347193,-0.04671559659175101,-0.14404859056466718,0.21038199033642546,0.30378538106360475,0.621775701547699,-1.5318360886763178,0.3672718661890906,0.060931812315802365,1.6415694800472465,1.6792599078525354,-0.3658402868692147,-1.3483693869787798,-1.5679119042534417,0.7294641574455768
9009,0.5467828188022971,0.710451875876591,0.5280153532724072,0.523103778254999,-0.2970417346153205,0.6929788868165613,0.7639660250874474,0.8809245726107515,-0.7046278667704066,0.717428932734568,0.6234076336129709,1.2068502072814102,0.9147871297948246,-0.36322329825022703,-1.0918035143495453,-1.5113290248435893,0.7776343541894972
1333,0.28750830951347434,0.5223268733269973,0.4289976189453144,0.2006865121676105,0.12909223150986743,0.14175398356387928,0.31955200697212416,0.36716566907374415,0.3727917156442785,0.055218743607059535,0.2377193566609038,0.06713547549960323,0.9294425923265145,0.6259058308983697,0.6812935517027835,0.068584116538907,0.626324636637253
8303,1.0260334386726322,0.9954114100196535,1.005323481656387,1.3340664144461671,-0.9970353582921524,1.1035531002373076,1.1948616309557347,1.2786101369084866,-0.3401352169576904,0.8679854345087797,1.1954997735186135,0.6231030168335945,0.2722886334382068,0.05602980769591297,-1.5525862359689353,-1.667961109016474,-1.7337761997533736
6702,-0.3121141909914595,-0.3189480852340911,-0.31202522008898426,-0.2813945707804012,-0.13120734461771455,-0.3001135131054562,-0.2824920868866904,-0.2236420838792404,-0.38449518530521987,-0.32994055383500154,-0.03840677967337084,0.4162761918531623,0.4461011754795848,-0.9136732172912544,-1.6918375419916887,-1.855984425066822,0.1061670715871064
3861,0.8052074975923647,0.8390470378425151,0.8322687270182427,0.7193071090421596,-1.2263804873310171,0.9001442007850822,0.97628216097436,1.0657906299511608,-1.1819218228163741,0.7864823910085875,1.0312753224779114,0.9598570486407595,0.4371615842763883,-0.36565561766953614,-1.5626346144881158,-1.6412228828777236,0.8298004465750985
3863,-0.35069860234070205,-0.3037982090099365,-0.14380918885776045,0.5199651757115982,-0.493728020991316,0.24304541954319195,0.208394714179591,0.5812333305674563,-0.7681172969406629,-0.00554503808511727,0.42355292073163403,1.2426616046580432,0.903831644904542,-1.2235258610086408,-1.2730744353295735,-1.3061350335660837,-1.5136817282268562
1721,0.8841231420322789,0.7708872699417085,0.7782242018604416,1.0158617366343932,0.8525511814287853,0.7709851061322447,0.9110833922127177,1.0610015022693113,-1.3717973147420832,0.7615583740124731,0.7630893140803239,1.6071378041818773,1.7747163879247814,-0.9310909227109522,-1.620507691166974,-1.777656178740773,-1.7175446614922139
9433,-1.6050568126245777,-1.400572374649908,-1.5419506747823124,-1.6607834295216617,-0.2476478941106605,-2.384757263118046,-2.1585842785201086,-2.206818435995433,-0.17058172413222494,-2.505029408730307,-1.5498613201173836,0.7033781938813759,2.0109218451853432,-0.09051110478349146,-0.04097059286059274,-0.6740411040857294,0.5204956511991219
2002,0.6061987220496157,0.7978081356447834,0.6738855605341662,0.4058650636491557,-0.09224393272289591,0.60044457777875,0.7059309630821538,0.8048885240915367,-0.4659585667685809,0.5325324536203634,0.6594912195475762,0.6101898103629647,0.7023575566190363,0.2959170948108519,-0.9214438013135988,-1.3502857080305173,0.746066358610973
5802,-0.15486105489185353,-0.23235192892184456,-0.09610963516032914,-0.1857514684640398,-0.6084580102156606,0.025826236945070562,0.16375055644806913,0.5608345508949899,-1.6414668188272035,0.1671378787319554,-0.10055556988256091,2.0750115215601297,2.096120697064239,-0.9489707536112587,-1.5491908257212013,-1.7037169229959603,0.6873657457324787
5631,1.270441674544839,1.1858027590821625,1.1220349883489713,1.197908886079134,-0.47594410572528345,1.1854701655422277,1.2803920490520435,1.3058959188225316,-0.37586874549953453,0.9864225333270465,1.2772884012692154,0.36989726783196764,0.22695051622900897,-0.35247962147492196,-0.5214440222453031,-0.32313400402014403,1.2299680466315914
4507,-0.5315497851943506,-0.5471693080291232,-0.4936363648587712,-0.5300416851644296,0.6575671639797781,-0.4439617737282179,-0.2949387621640763,0.07711717227608594,-1.3566842324126118,-0.2818210836828865,-0.5566819664061761,1.5831876125973265,1.7340759156062233,-0.7129905375906492,-1.4876857417521685,-1.7424957730855926,0.6089390998872413
4063,0.9144214902861594,0.8576271069443497,0.8174355002798617,1.1276411389180125,-0.3168845495843302,0.9537218527453379,0.9969100280941776,1.1234425922010371,-1.8304300903243298,0.9411811819065816,0.9307850650962468,1.4347146908214572,0.9363762417695849,-0.8337141016894436,-1.7876261802086897,-1.724102957161462,-1.7246281546343885
6674,-0.18424050544661077,-0.20053753772759086,-0.18333420034181083,0.01947533389127472,-0.3206513924722271,-0.1294535014731282,-0.12072485360665645,-0.04981415631834017,-0.32734567656196073,-0.2377969462876975,0.16231479837543292,0.33041847127521595,0.29155595046472343,-0.35793544127453086,-0.8046761796831424,-0.6784816143396052,0.4960111108393072
4704,0.9785191803130688,0.880319970610618,0.9771539435514228,0.4282975947903636,-0.2953559230989276,0.6844676373082604,0.8514998825198844,0.9062309761386044,0.05443748964120673,0.7916435873180974,0.5547855310371066,0.12295695974418852,0.8575300372729056,0.09941779043975472,0.14058358145862118,-0.007048194701409776,0.7413433213444324
6113,0.42483984998989366,0.31713560496818916,0.43330457149988294,0.7380285700660799,-0.17645375803300828,1.0599191750635784,1.0387720376760707,1.4725579574721006,-2.2018363852423297,1.5816243222963,0.29194253440629636,1.7930028223125034,0.6162818192942532,-1.0105659518470678,-1.4333376656129126,-1.5637768834015733,-1.5426057028112834
9022,0.12054625272568306,0.373513667976867,0.19089803391894733,-0.12058957195749988,-0.6890903348392385,0.10302870433605528,0.14755968986560677,0.2103242682694551,-0.3053007570594571,0.07917811307572951,0.12487492810736846,0.32092455643510653,0.5743546756124082,0.44998357139313805,-0.24568021819381738,-0.7881209602074,0.6349390716285656
4506,-0.15901309995412,0.021811902549643623,-0.0926412313385454,-0.5969071963498501,0.3540229295462455,-0.4675138566418318,-0.2671208686072906,-0.3167842800107414,0.906150614836939,-0.3064727237323146,-0.7203927634094156,-0.2093066336602121,0.3908103861583092,0.8054465628607502,1.0068594555373152,0.739851473389602,0.5547143022576385
6305,1.411203925619545,1.3175704687029686,1.3254773460970328,1.6020663636918857,-0.7636907400317244,1.5509448291791939,1.481268443422264,1.4870100952323893,-1.0489713971065824,1.619196601009364,1.444934650838713,0.5278119907280399,-0.7024067742077276,-0.5193814336940524,-1.4077290804151514,-1.1528449121506514,-1.8071857204595896
5803,0.048108377354820236,-0.025909416855250875,0.03877347399108296,0.27890077007394853,0.044828581683212826,0.3252069211571139,0.4287156946961395,0.8545403081351842,-2.3079123497551586,0.864521593205204,-0.3816187456165031,2.2650624251947016,1.8205833066208137,-0.8892003907135048,-1.4456486740811743,-1.4612237731485191,-1.4809178636798053
6503,0.7098986735725711,0.6068962061373975,0.7020942515140935,1.0100681003806613,-0.7950680955233442,1.034110160843894,1.0278490599155998,1.2592650174406252,-1.9891906851141667,1.3383520353883187,0.6374280679860638,1.7104602150636756,0.8760528369035178,-0.8987978008987286,-1.5907573713991188,-1.7037700152345425,-1.6136614139466534
6701,1.0716558320206064,1.0399951447146332,1.05585565443677,1.4047558878312274,-0.8482581986493959,1.2440903429608545,1.2684477159060568,1.3067777934983404,-0.31145739833509145,1.100107852819223,1.21177558125598,0.2851352896400868,-0.31350731726337405,0.02484308097973098,-1.7387099656875276,-1.1401979138117462,-2.2344343728334617
9432,-0.28042752803409304,0.19937675605572722,0.04377060021184369,-0.49016829014842606,0.06768950606693772,-0.141634864487377,0.16349809953021796,0.5653933306917001,-0.4167710135010348,-0.16691370605079006,-0.09191025916816704,1.140353872618404,2.2320682767398488,-0.156712722368753,-0.17787969827059785,-0.4510533117023594,0.6576264120880797
6098,0.693454742684122,0.6487062520726622,0.7314725485221495,0.5989935576076717,-0.5903592309552158,0.5770157638652093,0.6969695096874695,0.7996311294768874,-1.0932417268669974,0.4992761087768011,0.6683222790361132,1.0597809140699073,1.5364846103366059,-0.6367365940269456,-1.1716245926023068,-1.7122699429637545,0.7103697177692113
6301,1.0217249485262685,0.9596159894796822,1.0112732259349893,1.3090816052555219,-0.8484781141635264,1.3013128236241691,1.2703187832315856,1.3940386911385898,-1.8094346291214334,1.4371060280991566,1.0950174905551786,1.518237002185021,0.3489660055508664,-0.898788047035366,-1.6800880306722408,-1.8128844156784456,-1.8454071483238714
6473,-0.3290936642053406,-0.4798669862595529,-0.2669888754500687,-0.4022673928750621,-0.53148844296163,0.0244537675880952,0.008662626443734297,0.44610678455563807,-1.351200129401477,0.40506927979486684,-0.338160811441318,1.4890012529656156,1.0989993473587532,-0.7283210034408474,-1.16570039561007,-1.3266885555545032,0.730668728209153
4502,-0.022361634420173918,0.198469713572428,-0.10567810336653577,0.7733981870946566,0.42521636585578915,0.833842845707232,0.6815212688696973,1.1311621907230482,-2.442753435924856,1.5018443428175001,0.09022728383421476,1.8965622750008155,0.7978233568926141,-1.5210192612016427,-1.6144266334150337,-1.6413516512609396,-1.4432115602629214
7751,0.8164238901862259,0.7708884285131289,0.8112784701922817,1.0791283285428512,0.1209308492857434,1.029409188620877,1.0883407883485154,1.350150952848168,-1.378139413111139,1.2444145218057512,0.7412824932959339,1.3857268296839826,1.0111976799877531,-0.6449794823160385,-1.368779368045214,-1.4257382797443292,-1.5345826048459907
8304,1.1837186170640512,1.1734017185987,1.1627260302414806,1.4971732545387577,-0.9626288933310521,1.2587113505021692,1.3204062817911721,1.351921277893302,-0.293812025497654,1.0499324955250933,1.2827088909270736,0.23060355881514386,-0.14146315758028957,0.5325860136965064,-1.358016939513678,-1.5228084888749138,-1.953534310126044
6103,1.0902406415155863,1.0365528204378691,1.0000042152917978,1.346503784418973,-0.8991605092787163,1.185733798230448,1.2531316043183611,1.3595638148736775,-0.44763942746389535,1.0853604597506803,1.1343143378412188,0.8455104422354427,0.27029871168945097,-0.45031301114406436,-1.3933265287603738,-1.3473383661600584,-1.8679969924493407
6857,0.6944095538621141,0.6737938624267582,0.6415704763152743,0.7476545027957753,0.24104583141817823,0.6499402636850187,0.7204458758333274,0.7775628269933283,-0.46676449577348295,0.3852740445915416,0.9552053149457012,0.5309621125099923,0.7017009697409377,-0.8927434841302059,-0.347915200650271,0.07408835428164426,0.8734203608702362
6472,-0.11241595991094581,-0.19536607840300108,-0.014382694632878565,0.30760583058938334,-0.49198719366221916,0.14800242994418703,0.22392474465352138,0.5690510635703525,-1.4127255466186608,0.22086003076468194,0.06332968685756228,1.5584090520891418,1.3106711110309095,-0.9432379253861432,-1.3602889474438542,-1.4473291311046197,-1.3129536964624478
4503,0.26835156484760925,0.2179781079443915,0.1749421215162451,-0.22173214543993816,-0.6116898262730551,-0.2058877487518179,-0.17509022464393434,-0.45752070503255987,1.6279361243516028,-0.18348934794859328,-0.2243408985877404,-1.2431060744404507,-0.6476240997448178,1.4297451623704027,1.3088921025478633,1.1227441475505688,0.7315013285335784
6506,1.5153346810507342,1.4474464338785473,1.502078228822492,1.6218293576393605,-0.05351450128593373,1.546356974589048,1.5980469686169638,1.627762146088851,-1.4918021717634586,1.4645116004498042,1.6338092446315506,0.543219651688517,-0.19925224463971955,-0.3989645021616029,-1.5900441464730035,-1.4629684572702852,-1.9535173001435018
8729,0.2646883148301766,0.2833095528139762,0.38163927233884243,0.2911344108717131,-0.5077116764256998,0.3926264166408972,0.38848610064499234,0.4917551548993908,-0.47293517578063,0.1623308539335098,0.6107817896909087,0.517658328951989,0.1884255576907189,0.0380092208897281,-1.2551207993884594,-1.5784618241903547,0.7842946207770072
9437,0.07667985550432488,0.5687537191904383,0.46384227779988063,0.1759657573654564,0.1391378394810234,0.17135599492988088,0.41558613927205007,0.4103807148551574,0.35773024856379254,-0.39994501432062896,0.6741964040594137,-0.21228515846134113,0.2987019800725878,0.7474256588636806,0.6896650818213216,0.17222778261103752,0.720663442125383
1928,0.4905256217469137,0.4178185174324429,0.6401191544540783,-0.0798337760734402,-0.6838702337377544,0.19026301297378398,0.5155790909597071,0.8983825892707142,-1.0939503276837386,-0.03785322259117054,0.3897691115430386,0.8692148394824162,1.275878128755525,0.02225108819672619,-0.7443601708705371,-0.9539781240697166,0.7940132585371598
5233,1.080949703554174,1.087035902772684,1.079889579726343,1.1508334133163716,-0.9889502868347276,1.1629875122293392,1.2618605991760594,1.3752240443793728,-0.34350501824368235,1.0334308828394054,1.106629263570906,0.7319311878945169,0.46578363879571855,-0.060302071381936176,-1.431947652345841,-1.5912333549947382,1.4022955210402277
5541,1.0087582012444634,1.0468126779481,1.0832577867539432,1.01461651403718,-1.039503356634147,1.0262691970398743,1.0861136116771999,1.1108876957442204,-0.3154563425705724,0.8969749333264297,1.0665272147316822,0.18532808113424457,-0.1515944082603488,0.3807627069527096,-0.6117321795001159,-1.026712859658723,1.2441434142172076
6504,-0.20115349448898168,-0.21663908247155508,-0.1913194076459277,-0.045890390337917204,-0.18237940804231081,-0.090422786402837,-0.0798443401394165,0.0344469587095131,-0.5558628783016052,-0.1552861789981454,0.11664399585665375,0.5137315341368602,0.38565652799594863,-0.9533109452626819,-2.0816856846628733,-2.1625858086603356,-1.1434435872290227
8267,0.20028946704312445,0.35360655210177133,0.2619626400817526,-0.05344159067856415,0.2791224889982514,0.07124247174886987,0.16728045753825305,0.20028078912524402,0.08680811335414358,0.09409037548323039,0.03977519770227297,0.08607564862886606,0.5032734099135342,0.7268613768997595,0.21776550974857753,-0.5278328478008916,0.6272597314122625
6302,1.1046119753466963,1.0695415093430827,1.103897051740832,1.101900019703409,-0.9462668512820923,1.1978715487168747,1.2700677995233165,1.3872033162615451,-0.4587177645871638,1.1149038947597092,1.0894098659029838,0.8332218573248845,0.4147396776447998,-0.33191976333353185,-1.5426457672356597,-1.6927155607520712,1.2483236043892783
7752,0.17533082954784507,0.0576124357147025,0.4012869985615988,0.48853009448506435,-0.829216550183474,1.0391180933003252,0.6978047095646529,0.7391703900973718,-0.33634959053481334,1.0008774591521254,0.9107110105015243,0.17390967345052963,-0.7520642238126335,-0.16476960028117082,-1.0511984441090174,-0.726759405591468,-1.4552221160881678
6841,1.0806006265466783,1.0154507115735343,1.0122548674334129,1.2908217057865194,-0.5299799935243525,0.9689766389070416,1.0240933743083163,1.0803949036009934,-0.7670522062010247,0.8497443765636414,1.0826764308902912,0.6461598726441127,0.37424522965050017,-0.27026496175433545,-1.0133123454333166,-0.9765737658009855,-1.7465983462680539
3086,0.992037012576615,1.1665973250701818,1.1171403721830742,0.6870738396276007,-0.13680110668849663,1.4183303223658597,1.4198772797807016,1.5683456987713942,-0.6590098987265015,1.5151743628621228,1.249323094391874,0.5877092332580665,-0.18712135354978357,0.14911511424040033,-0.9076228571987605,-1.1220262658438547,0.9079033432023178
8306,0.3552540689510238,0.25717339605892653,0.35795205716740464,0.718233888153231,-0.5856473089113533,0.7978463549677851,0.7800765091976417,1.0743027172809267,-1.3696202100292256,1.0841864946649824,0.4414429947887066,1.5482440026055915,0.7407475357038319,-0.6954284514243507,-1.534523080485112,-1.6914566589875062,-1.38720395407591
4272,-0.3231107042586206,-0.323612265942386,-0.3040365759647405,0.029313106309631617,0.018814268386809777,-0.10022655980962114,0.04516485299975821,0.4947206698413872,-1.913773950024733,0.09469098827017813,-0.2857908579035652,2.1943507079932,2.260118220769073,-1.3887129277553025,-1.481356236392125,-1.535302418612086,-1.4491110845831043
6471,0.4920719029197555,0.3883042765279771,0.4277792116424616,0.8230804416495964,-0.7437486948090113,0.8705696189592493,0.8725979970760418,1.19564728784187,-1.571938668457042,1.1456124225080369,0.5202198006591114,1.557583139242591,0.7221024422628229,-0.817134640469104,-1.269282688734154,-1.3646791523834056,-1.4532071914567413
5232,-0.322420756709309,-0.31385620103150025,-0.32099142393242786,-0.29214152132570503,-0.45808103163727265,-0.29055184044935517,-0.29069875115138494,-0.2602533837373481,-0.31328228255024076,-0.3184006800653767,-0.043743855257464076,0.3655440427721062,0.3478551072549833,-0.7543336418829015,-1.5654295293999898,-1.735969788747117,0.24794516194536692
8058,0.6041169860367841,0.5122993346241077,0.553855208994979,0.9320709467467048,-0.9033821592410957,0.7692165004050101,0.8070036275103083,0.9038191481930452,-1.3934873804915935,0.6906335673918064,0.8288113489462153,1.2069241637607013,0.35208014944389615,-0.6713398570379959,-1.762011457400519,-1.84255925725067,-1.6607273846587538
4689,0.6630783797241697,0.5879984814529841,0.5190624762309534,1.5257481147648857,-0.2428068191046973,0.8884629986642956,0.8883004581246922,1.1046012162809808,-0.6837183783656856,0.7446543010253921,0.9359805937485578,0.3701661322855847,-0.03555209408980923,-0.6399267428533035,-1.014776440727466,-0.557336219932602,-1.479330017440523
4188,0.7800100023618628,0.6915418071698366,0.7247316635890009,0.6403694890452984,-0.9695749939718905,0.9077897857533044,0.9869129926732526,1.2129332541343643,-1.6180166652618306,1.0189945387450698,0.7661666623685581,1.9001919520685098,1.4392742673440067,-0.8131562570023239,-1.6126114520609254,-1.777408888938838,0.8086818319010083
1812,0.29734944475046793,0.21810388049105534,0.2660373639581252,0.5795914583406255,-1.1645010638443156,0.46734236456168216,0.5735911200961562,0.8858714685046134,-0.8208884081817348,0.19482817855411722,0.685556990188914,1.0152010793329829,1.0901655440196523,-0.7554831433184426,-1.1796528497558463,-1.2858292905113997,0.7414357289632946
9532,1.0523848174043673,1.084480362210464,1.074443794598569,1.1896565908732881,-1.01633661957844,1.1053098165695507,1.1788850487709766,1.2220955409411287,-0.3011804008005888,0.9527762025616875,1.1090723124191137,0.30153239718730246,0.051765066680902416,0.48930643574918625,-0.7141861354050562,-1.1523319949883444,1.3292190428051787
8604,0.25694954517815255,0.1890962671081436,0.3172015061315414,0.5242958463992109,-0.8698809482775568,0.5550642350887186,0.5549941092453613,0.7523667308637584,-0.9481909619422814,0.48861558903259295,0.5504254945803408,0.7119502384577258,0.2638979715194459,-0.42602818667121767,-1.048489599491851,-1.194715708630559,-1.274922033303753
7735,1.1173782717582839,1.0678190600177675,1.0050605233931154,0.9513619310328213,-0.5539122700394706,1.015225223494806,1.0997427491911307,1.115425297545127,-0.32926581435180263,0.9434280311587752,0.9754173146521202,0.197668758677922,0.232195873152875,-0.5345870579732152,0.073803713960334,0.3822303681643522,1.1648130735710487
7912,0.7368799507223649,0.7970603815438484,0.7299741437767738,0.826625729342611,-0.733485459639495,0.8439311575654075,0.9495068592626488,1.0888564097438547,-0.6918809207250056,0.7168077382653398,0.8628327605309014,1.0031657674502499,0.9609017142463703,-0.2560096277423702,-1.6816704617491827,-1.8627894050457343,0.9026266365147665
3382,-0.23135192758665443,0.460386696335971,-0.05310302305438225,-0.6445883486700934,0.6081691076423983,-0.7958563359341143,-0.5206451252309185,-0.5707605535714028,0.5125922899202555,-0.6451453943001405,-0.7135537423185809,-0.21193820940246083,0.8339502252034333,1.1735125735179266,0.19093153305902827,-0.49106231180202176,0.6659849238582548
8002,0.44571448017613524,0.353055266737595,0.4013069367420788,0.7227998293617254,-1.1764952072502168,0.5447626170304786,0.5908774964039301,0.7052029738931962,-1.1260987452484623,0.41182468390395055,0.679170820303222,0.9574693937163196,0.4451508898637725,-0.6225409056229986,-1.5967056252104959,-1.5475666230785463,-1.5877822584068175
6952,-0.45273124169829665,-0.42317130695363064,-0.39954051492249154,-0.6161450666402514,-0.3011491929803905,-0.6014359191835232,-0.49600640836310034,-0.5153673258130403,-0.34886076738135086,-0.6915277086679723,-0.3367974703560516,-0.1528630238023551,0.16895345877475934,0.3117913394339569,0.028109910268286117,0.19552513654699724,0.6646056571274509
8766,0.09936461162962726,0.14023724946570176,0.22102957956554906,0.5972068352037478,-0.33089786788111536,0.42087999230218104,0.4697557774229617,0.6191059851633267,-1.1574031948925294,0.2904901012922551,0.5117120706862104,1.120520118095411,0.5493750400546411,-0.4738112697539784,-1.903315089504,-1.808350192105279,-1.5716326405378382
8028,0.40090174059577566,0.45133207105216244,0.4663066679301313,0.031033775997896966,-0.10291201461146035,0.13627532503528927,0.26824431131646903,0.19737059034082288,1.0327766076923028,0.21469095523892284,-0.0034170498396536063,-0.7192016650481653,-0.25934128246576693,1.2970917655729215,1.2537631083466834,1.1947936688981962,0.6699452062346681
5901,-1.8768060297693154,-1.862964964176627,-1.8413274468744953,-1.9611615632035657,-0.056399748928647644,-2.0811586219353773,-2.0694971209869006,-2.0101294996909087,-1.266086927544132,-1.8978596789192814,-2.0470048085009416,1.2944233455092378,1.6792967773875995,-0.7775783361698768,-0.9875063780594534,-1.0749035151881494,0.5372099660867492
6367,0.3098740208496744,0.34545245917413336,0.3680165431197813,0.22881591231584675,-0.42125355716839247,0.48954857326216294,0.5619003917728804,0.7609390892432254,-1.5948931644416056,0.5787032471875556,0.36009404468173356,2.143852268036969,1.899101898000901,-0.9897112174161908,-1.8466855272008755,-2.03048518877436,0.6793565101481893
5108,0.4744889281863943,0.688002464903626,0.5062324796913703,0.2790574470254687,-0.9527601448218443,0.7450156495615305,0.7969710270843916,1.1323769371038634,-1.6011183239909303,1.1400814174051526,0.29386979258399104,1.6850855525928474,1.2763191542384091,-0.6423379500601284,-1.2523360052863663,-1.5195915318175846,0.6807034193740974
9531,1.1876560195809698,1.1938564337518196,1.2167031900438836,1.2145299623088277,-0.9343729760093429,1.134835369339732,1.2176730129185582,1.2238868933368827,-0.22364855851116236,0.954647052029712,1.1622496257253738,-0.10589378791178447,-0.14398654076365036,0.8880469508605838,0.8452464324392822,0.43772183328809444,1.2939136434375367
6366,1.336936626998185,1.2040580720622545,1.2847629082867384,1.6153047018086795,-0.4289375752045033,1.644973678883493,1.463435002202326,1.2739896352624955,-0.2832474787021919,1.1324194991903282,1.6251411401315943,-1.0072592581261526,-1.9658680762240115,0.8983041934452278,0.6024865229152732,0.79319625586166,-1.4272778576674205
8411,-0.029405723883538838,-0.19541104032156442,0.029538806460331885,0.43101860592974445,-0.6560252421911701,0.31589059840320777,0.2528403075295625,0.476600326781107,-1.0164786845099332,0.09021490547844231,0.43549651192416783,0.9243822552855359,0.519665154756508,-0.5561486588402026,-1.607129179855119,-1.7651735916652544,-1.407859397624442
7911,-0.8739913512183763,-0.9186533004908899,-0.9435585663248572,-0.8831950972259198,0.23321726047534244,-0.817840557366174,-0.851809110392932,-0.667133312300448,-0.9086738090303224,-0.5414809386082075,-0.7451306852200089,1.0402404866877604,1.0648898155463709,-1.3304260436412492,-1.335562533289483,-1.3605800219327193,-1.2913870040212727
6762,0.8214561098602821,0.7733722912359074,0.7271586778724449,0.7228109441347015,-0.44879070805063764,0.7485706060754781,0.8111426328191925,0.8129788587977566,-0.9233654200963135,0.5590784144081228,0.9350689342230779,0.042298624674371926,-0.4610488123824163,-0.20927636453164364,-1.0601988223381758,-0.6838341616771658,0.818770198650146
8015,0.3695873115396464,0.31270333161759795,0.34136004533921394,0.6227072966889083,0.018028674806434827,0.7422883142300218,0.7782641189754702,1.0498200935059672,-2.048454357271793,1.0626998857340837,0.32050785598637915,2.361206010883992,1.5254964644721518,-1.0985743751633565,-1.7463985824221402,-1.9253040285548817,-1.5518043513028377
8001,1.130908630600299,1.0643514426327263,1.0843014672436706,0.9027282947484986,-0.4998202026145869,1.0620697851391596,1.1465917859620325,1.1884329376827418,-0.9471790121850251,0.9801335872330533,1.1223843667580764,0.47304939381985417,0.12693722292714235,0.046418515108325266,-0.9299352772127379,-1.1510894489557484,0.8937093324657254
8830,0.9684150181081637,0.9635332033587706,0.8682009331067186,0.7216025977273556,-0.40870145285346077,0.9620527244917791,1.0172007121804103,1.049551349970157,-1.1705669260008578,0.8508371528093045,1.032546705107926,0.17762129502391746,-0.32202204225862047,0.1672219611105221,-1.0107661556186702,-1.0462778032780091,0.806139020442161
4005,0.17635241222417128,0.04520282467235601,0.09330367485934178,0.0026586357613053798,0.6158655944687697,0.44729848681048456,0.5487066747978852,1.0128037197273991,-2.3012136417509548,0.8572998149958105,-0.12098578072011588,2.4470821304845702,1.978017689174574,-1.094113267645179,-1.6255592962221743,-1.7740920198821073,0.6448604420718917
5333,-1.1995138637017975,-1.3148612762531158,-1.1616687754351969,-0.7624774760513392,-0.5528421878947551,-0.9442986907791913,-1.0648587490410275,-0.8582823428169817,-1.6628263129643335,-0.5526734917395056,-1.246695623311897,1.7849262576772178,1.2501822377984242,-1.0472596770493403,-1.3636541633152752,-1.5146442231645796,-1.1927514264094112
5332,1.2587670453341202,1.559990414271869,1.3815534401019958,0.9096019321231722,0.16954767101139737,1.2950796713906878,1.5010330047502225,1.603866806094906,-0.6198159701492579,1.016257422416511,1.5862614305086915,0.5323576343056565,0.3993432647513309,0.30414744978601344,-0.8773729944922148,-1.0216567465126212,0.9289197959348711
4004,0.9712867886644196,0.9168204051531464,0.6576660184106756,1.1480054072987427,0.04276971797013724,1.052018787552471,1.0279669104526683,1.1080984922847774,-0.45603800551898466,1.125642675858761,0.9336749774637657,1.4739447800567962,-0.06580142428019355,-0.978614181171559,-2.1097939532699446,-1.7836213459857686,-1.9184494135340413
1801,1.0854769454297726,1.0792168899961911,1.0858943138801542,1.1401550364191195,-1.0057521345482288,1.0708939935065929,1.1754815593823067,1.2369850528993762,-0.33362389520364377,0.8356748442026998,1.1759435545909018,0.37276738617618654,0.33039787120157776,0.039328636607840764,-0.7956411437250569,-1.0593519768023074,1.2414032592963697
7733,-0.18341415696218832,0.017755268637282006,-0.2205237582409726,-0.14642299991247376,0.20427838232319542,0.11520900050736266,0.05963140591345987,0.248424863414805,-0.45770419195573325,-0.5375779533863836,0.5946603935353763,0.518945194363571,0.4345735784040977,-0.24191272351842236,-1.171857397291603,-1.194065389038258,0.7507490295711836
9681,0.37199652360234886,0.3986277312888293,0.32493067242178636,0.27878769595528247,-0.30593059137078715,0.23145662988202859,0.41515595749829315,0.5640226574832239,-0.3857745259713125,0.12715567308363762,0.29197754998408626,0.7502507807300646,1.0550575839658662,-0.012613469291800673,-0.6394833519282624,-1.0278498754946366,0.8155198809144929
2501,0.5821544177000858,0.6411215035934216,0.5977498190188885,0.7455040535346878,-0.6170393870145887,0.5809408902253205,0.6863861999876951,0.7974317150564361,-0.331578441213976,0.46118826647769295,0.5563181010835194,0.737463240899356,0.8920466806173982,-0.3942003765755568,-1.0100680574887153,-1.2586079301302138,0.9291247414163144
6773,-0.5142641815853332,-0.6114928913574158,-0.5316525974302992,-0.3877931493883273,-0.6398379266592588,-0.29566423719159524,-0.41816107583347006,-0.3155989535662931,-1.1812767148541743,-0.038765902536304304,-0.5922683835690494,1.1265155111393255,0.495474560381935,-0.6128715847869433,-1.0738764734281923,-1.122453951935793,-1.1114722763789138
6954,1.4894526965418857,1.3671198087549057,1.358563994317502,1.2204445097448517,0.30974302659542735,1.501521320565127,1.583175795317588,1.7053498808591911,-1.4770124901444814,1.3645009380429254,1.5842495393944773,0.7435548141433843,0.10897931948686147,-0.2823286332332162,-1.2050139787729848,-1.258674819137564,0.9613834172383803
1963,1.2599542553204084,1.136168434766284,1.226469635788195,1.6420027044567231,-0.8425419030404994,1.28496236192246,1.3359666947907003,1.2594813812242205,-0.6262704466504343,0.7375416026250992,1.8203061138697136,-0.42643527898360534,-1.1394577223053393,0.5603004576995102,-0.3487033390861249,-0.2709946154978362,-1.5962025919918337
2503,1.1028899755550352,1.3990793444592906,1.2014228059327394,0.8052965924186135,0.17836597402056598,1.0240468556794635,1.1665563971419415,1.1282911952696888,0.4485649245413146,1.1327671986705792,0.88779935823583,-0.5973032325595825,0.1770706875079284,0.40090950908968676,0.5819648439167584,0.6227515520944492,0.8515712319134524
6361,0.7609714124005199,0.6968913455681488,0.7099418993844313,0.9663926934932081,-0.636288063369204,0.768086273339441,0.8449675341385638,0.9657939977420121,-0.4464307489122483,0.7160836930377802,0.7258927562351042,1.0525811649570564,0.8576293386437854,-0.6643964881916384,-1.4044087425893919,-1.5073111657038083,-1.6970607712884278
7731,0.3693429799388039,0.22648999762907118,0.2995788891275778,0.7399634920653847,-0.39351281654479625,0.9940818303734309,1.0034726588037033,1.3730122660544641,-1.3029017516568902,1.1242864074355134,0.7815899127063125,1.5961058818653833,0.8491900064512122,-1.2937464679464452,-1.426995312358101,-1.3092397022176856,-1.3199231237613376
1803,-0.7972528431007732,-0.8513893421401446,-0.7574840261067203,-0.4079156057890421,-0.6023347233358086,-0.650841480702576,-0.4374071177776806,0.1587639585692873,-1.64834538091158,-0.4394945715891004,-0.8015080089609262,2.321363530554579,2.709254716349779,-1.1877580960199858,-1.2083897831835606,-1.3766642038109245,-1.3587443195992768
7269,0.6437561018560218,0.6445736031867821,0.6698373123645758,0.5900014999158771,-0.6532062266754337,0.687664300586991,0.7732972696729414,0.9113590286218041,-0.8560436481347138,0.5686406968957859,0.8095138996014666,1.3805296347810776,1.3621534005365357,-0.6152044028043325,-1.727136204199374,-2.1039699824293394,0.7366679556263519
8628,-0.21577524897623807,-0.08940555954107371,-0.15326637120249612,0.30826919298912514,-0.4664074853106696,0.4068359812210766,0.23398083885843587,0.23554942072963048,-0.4381765361256169,0.3330797088243863,0.44218823221096065,0.2506635474792404,-0.7377138226032566,0.051158012149129385,-1.2660227430364952,-0.9608506516530303,-1.5166607421050344
8601,0.2461975899600733,0.025877494351966974,0.23541669328111375,0.86228799962515,0.4242002457112668,0.8871229179987539,0.7394545926050171,1.0609266576938767,-1.4479373253303358,1.1234777518613872,0.4051495174715398,0.7898376847468983,-0.12362528520863,-0.5002256519980699,-1.3669789716497416,-1.294627910086142,-1.399646571648404
1802,0.10935943544551685,-0.07308929856869721,0.1277010754573985,0.4719165492736927,-0.7436218911127997,0.281985704203988,0.45091466816184983,0.930352602170058,-1.847259297148826,0.3594493111422595,0.16332774931340666,1.990654742647207,2.0252937634763573,-1.0861313222047113,-1.360793723595915,-1.4028068588574938,-1.5034723747970569
9735,-0.7548080997130633,-0.7214765231870829,-0.8579041251298077,-1.1591016429127048,-0.18978597607434428,-1.1657956917381977,-0.9486603758960906,-0.6402768683973307,-1.2199135720148817,-0.7413682666033674,-1.350930039422436,1.4587275957365324,2.0272431618035167,-0.4625166965843695,-1.0362784536095135,-1.3494296286614114,0.5322143244407891
3436,1.4468390146971835,1.3784139906611792,1.301806793998896,2.1768859375922607,0.05266662526917467,1.4994324369396237,1.5678743699422724,1.5664489585521912,-0.8236072363479495,1.3430885665745962,1.61530902930903,0.20300843133752028,-0.3323760694075981,-0.39540989163201357,-0.9610708507367608,-0.39415288629003326,-2.1110175236149633
6758,0.7361090665799618,0.7046427651472174,0.7995670946055689,0.9693458749496032,-0.5482235356776246,0.8495956443974698,0.8893962890100134,0.9392010757241899,-0.8167779903663511,0.6893672237338707,1.0181536120896206,0.7754727985324406,0.09467157460421814,-0.26418838100777364,-1.9110509416346178,-1.672995111193589,-1.797554209499269
6770,-0.3205802020828323,-0.45685624058043095,-0.250090572915789,0.06449158729647511,-0.4714092563681796,-0.0610644457333967,0.0060005809936694065,0.3985670010073803,-1.4313013107740158,-0.09984120178514642,-0.017288553065086972,1.8796758908705693,1.828756349315963,-1.128617750992765,-1.5877021123739483,-1.639889028479123,-1.2810250274281039
2502,1.4553680864373748,1.4850276022889597,1.4907549034990188,1.0446023164186138,-0.8902608689020204,1.3172166166582648,1.4214304856659747,1.405278293417692,-0.30404037212359925,1.2075534158149315,1.4098637472355706,-0.0526396731877658,-0.11214031978647701,0.31197528398273344,-0.2955781134728757,-0.4496897647635113,0.9106809070488993
